tweet_id,safe_text,label,agreement,label_idx
PKWJSMW9,"<user> <user> my question is if vaccines work and kids are immune, how are measles a threat? Seems a contradiction.",0.0,0.6666666666666666,1
BX9DXKD5,Andrew Wakefield looks like a young Doc Martin #pbs #FRONTLINE #VaccineWar,0.0,1.0,1
DMDB3O4D,20 Million people are working to vaccinate kids against polio. That's incredible!  #TEDxKC #TED,1.0,1.0,2
CHNKQW6Z,Officials: 8 suburban Chicago residents have measles: Health officials say three more cases of measles have been… <url>,0.0,1.0,1
QPRCJK66,HERE'S THE PROOF. THE MMR MEASLES VACCINE INSERT SAYS IT CAUSES MEASLES ...: <url>,-1.0,1.0,0
ZEAIJDN1,State Public Health: Still no cases of measles in IA. Influenza rates also dropping. <url>,0.0,0.6666666666666666,1
S6P1U76J,AM-News : Child immunization clinic Tuesday in Windham: A childhood immunization clinic and free HIV testing have... <url>,1.0,0.6666666666666666,2
8Q0WQU2O,HB1114 [Passed] Brunswick-Glynn County Joint Water and Sewer Commission; provide immunity and exemption from lia... <url>,0.0,1.0,1
6CEGGYR0,"VACCINES ARE IMPORTANT, Y'ALL. // ""<user> Defeating The Disease That Paralyzed America <url>",1.0,1.0,2
O4ZL7BJ3,"<user> I am an advocate of childhood vaccination programs worldwide, but there is a lot of resistance due to ignorance or fear",1.0,1.0,2
MA9YS439,Immunize yourself against the wiles of Satan by getting a weekly injection of unadulterated truth via The Time and What Must Be Done!,0.0,0.6666666666666666,1
657QS260,Measles Outbreak: To Vaccinate Or Not Vaccinate <url>,0.0,1.0,1
UZ54EVBC,"""I've seen what happens when you don't vaccinate your child."" <url>",1.0,1.0,2
1ZHD8N28,"Things I learned watching #SF news: break for baby sea lions, but a lotto ticket &amp; don't ride the bus if you're not vaccinated for measles",0.0,0.6666666666666666,1
UA5D9LF1,<user> <user> the Internet too... That's why we have more Americans choosing to have their kids not immunized!,-1.0,0.6666666666666666,0
TDWN9DLJ,A local pediatrics office won't take in patients that aren't vaccinated for measles. Details at 5 on <user> <url>,0.0,0.6666666666666666,1
UUMZ7A5W,.<user> all made more poignant by the fact that #measles was no longer endemic in US in 2000. Such a step backwards.,0.0,0.6666666666666666,1
7ZTJXKGQ,Thanks everyone for the concern about the measles and good wishes for my borked knee. I think I just need a good night's sleep in general :),0.0,1.0,1
0CUJLJYB,I'M FUDGING COMING DOWN W A COLD ON TOP OF ALL THIS... I HOPE I DON'T GET #MEASLES,0.0,1.0,1
GBTQSP7J,Hundreds of Last-Minute Immunizations Expected in DISD: More than 500 kids were expected to get their immunization… <url>,1.0,0.6666666666666666,2
V74MY35L,#borrowed What if the cure for #autism is a #vaccine ? <user> #thingsthatmakeyougohmm,0.0,1.0,1
H1ZGCMBQ,People that say unvaccinated kids are going to make their kids sick are  announcing their distrust in vaccines.,-1.0,1.0,0
XQMYUJL3,"New Choices For Seasonal Flu Vaccines: WebMD Health NewsBy Brenda Goodman, MAReviewed by Michael W. Smith,... <url>",0.0,1.0,1
XZGXUITT,vaccinations for uganda... and a flu shot (@ University Health Service) <url>,1.0,0.6666666666666666,2
DFL2HI0G,"<user> <user> Oof, poor kid  Sadly their lack of a DTaP vaccine means their son could also have helped spread pertussis.",1.0,0.6666666666666666,2
0HIN9JL6,Italian courts link vaccine to Autism YOU WILL NOT SEE THIS IN U.S. CORPORATE CONTROLLED MAIN STREAM MEDIA  <url>,-1.0,1.0,0
GVWMOZB7,Getting dead arm from all these immunizations is not the business #nursingproblems,0.0,0.6666666666666666,1
9QGQM10J,Baltimore Health Officials Urge Parents To Vaccinate Kids: Pediatricians from 10 Baltimore-area hospitals and the… <url>,1.0,1.0,2
TVF7L6DN,All I need is my immunization records.. Why must it take so long health department??💉,0.0,1.0,1
5G4WTO9D,Health Canada pulls distribution of Novartis flu vaccines,0.0,0.6666666666666666,1
1ZBQUK9W,"And those #7 PEOPLE you and NIH and the CDC keep talking about you claimed ya""ll cured also need my FORMULATED VACCINE .",0.0,1.0,1
X3RJU8RG,Wait people actually still believe vaccines cause autism?,1.0,1.0,2
DTJ3JVAX,No se quien dijo que Oswaldo Sánchez podría regresaría a <user> no...MMR <user> es el presente y futuro del arco en Chivas....,0.0,1.0,1
8OXJPCA1,"It's 2015 and people still think climate change is fake, vaccines cause autism and an invisible man created the world in six days. WTF?",1.0,1.0,2
5HDS7853,Wash. has highest rate of kids' vaccine exemptions - Seattle Times <url>,0.0,1.0,1
ETTUERJF,"“<user> <user> No, Elijah has immunity up to the Finals. He's safe until then.” So no one has called #Shennanigans",0.0,1.0,1
NLGMJRI7,In a catch 22! Seems like everyone is 100% sure I should give another MMR shot to my son! Measles he has immunity to the illness ....1/3,-1.0,0.3333333333333333,0
30XHZJRO,<user>   Get Mercury out of vaccines! Isn't there another way to store or stabilize vaccinations?,-1.0,1.0,0
YLNHICY1,<user> <user> there is a vaccine for shingles--Zostavax. Still may get shingles but risk is cut in half &amp; if you do symptoms less,1.0,0.6666666666666666,2
MJLRBJ6E,Highest number of measles cases in the US in 20 years? I want to kick every person in the face who claims vaccines are bad. #moronic,-1.0,0.3333333333333333,0
20NBVOSW,"If you think the flu shot can give you the flu, it absolutely doesn't. It's the same reason a measles shot doesn't give you measles.#science",1.0,0.6666666666666666,2
915KVI9L,"Mercury in Vaccines (Childhood Vaccinations): Mercury causes neurotoxicity in humans, especially in fetuses and small infants.#saynotoshots",-1.0,1.0,0
G322PDMD,Vaccines....(@ Childrens Clinic) <url>,0.0,0.6666666666666666,1
X395L0MJ,California just signed one of toughest school #vaccine laws in the U.S.! <url> #ScienceWins #vaccineswork,1.0,1.0,2
FCMG18W0,"<user> ;: measles r gona getum all,,",0.0,1.0,1
QOZLJVX2,Please vaccinate yourself and kids. One of the dumbest things you can say is that it's not good for you,1.0,1.0,2
CASP3OBU,Jennifair Alls Well Ends Well #MMR <url>,0.0,1.0,1
G1CH05FR,Measles  have huge rally.you know    leads aren't safe here like Coors and its only 4th inning,0.0,1.0,1
0RB85XON,CDC Current Vaccine Delays and Shortages Update <url>,0.0,0.6666666666666666,1
2WOWQ3C3,"Great day, had fun at my first ever college football game. My first ever football game in #MMR looking forward for this season! #GoUTEP",0.0,1.0,1
TEMX5YCE,"<user> <user> lol. I'm sure its like.immunity, defense against getting sick. With all the kiddies that's what needs to flow in pipes",0.0,1.0,1
QFVSWKS6,Also shut up about vaccinations. I vaccinate my kids. Wanna know why? Diphtheria. Pertussis. Whooping cough.,1.0,1.0,2
AD9F977X,"""<user> Happiest day of your life in the happiest place on earth. Disney wedding. <url> measles as party favors",0.0,1.0,1
EHFOOKTD,Measles Land...! I mean Disney Land. #getvaccinated #dontbedumb,0.0,0.6666666666666666,1
6SVDJ5DI,"Facts and science get in the way of a made up point of view. ""Vaccine Critics Turn Defensive Over Measles"" <url>",0.0,0.6666666666666666,1
CM8QKSLG,“<user> More cases of #measles linked to #Disney theme park: <url> <url> Wow,0.0,1.0,1
C6BHFLHU,Measles... Cleveland County .... ? 😳😳😳,0.0,1.0,1
WCMG58N7,"Rubio says it should ""absolutely"" be mandatory for children to receive some vaccines",1.0,0.6666666666666666,2
ZVB33JXS,<user> aw hope your baby feels better. Vaccines are hard. I did tons of research before doing mine. D got all but I don't do any,-1.0,0.6666666666666666,0
F4TT3EJD,"<user> Not thinking big enough same CDC who made AIDs, Ebola, SARS n give small pox 2 NA. They put it in BP vaccinations",0.0,0.6666666666666666,1
NV57NTJD,<user> is looking for school nurse for a story on vaccinations. Anyone know someone who could help? #edchat,0.0,1.0,1
0CMWA0LK,RT <user> Measles warning issued in Connecticut <url>,0.0,1.0,1
WU3F1QXU,<user> <user> <user> how are the putting other kids at risk if they're vaccinated don't fall for the propaganda,-1.0,0.6666666666666666,0
WZH0MXGD,"<user> makes no tear drops. Allergic to vaccines, just very mean. But, he's my baby.",0.0,1.0,1
UY9CKLVA,"I'm not gonna tell you how to live your life, but you really should vaccinate your child for their safety...",1.0,1.0,2
ESDLRR9L,Dear Troll anti vaxers PLZ save yourself trouble. Do not engage me wit ur BS non scientific LUNACY. This isn't AB GOV u fools! #measles,1.0,1.0,2
AU8IZLIG,Tarrant County still on the lookout for measles cases <url>,0.0,1.0,1
DTJ7RX9G,Parents pls take note... Vaccines Save Lives: We welcome new report giving #vaccines a clean bill of health: <url>,1.0,1.0,2
NBBBVOVB,<user> <user> <user> watched my daughter suffer and still suffering 2 years later. #Gardasil #vaccine injured,-1.0,1.0,0
RY38P9RW,I HATE that I learned this on Fox News.  But i did. My doctor can check to see if I'm still immune to measles!    <url>,0.0,1.0,1
Z2WRFA6A,"“<user> average, people who complain live longer  Releasing this tension increases immunity and boosts their health.” I'll live 5ever",0.0,1.0,1
YXR5NRNW,"Measles Case Reported At RI Hospital &amp; Roger Williams Medical Ctr.: PROVIDENCE, R.I. (AP) — Authorities are... <url>",0.0,1.0,1
KZZO8HIG,"""<user> On average, people who complain live longer -Releasing this tension increases immunity and boosts their health.""AKA ThunderFans",0.0,1.0,1
TKHVBLMT,"<user> "" oh shit people catching measles now? How much can i buy one of yall for?""",0.0,1.0,1
QWX66PZK,"Whoops maybe spoke too soon, idk RT <user> ""Earthquakes are caused by vaccinating your children plz RT.”",0.0,1.0,1
DK7XPZCJ,"""I Don’t Vaccinate My Child Because It’s My Right To Decide What Eliminated Diseases Come Roaring Back"" <url> <user>",0.0,0.6666666666666666,1
0DKIZPNP,"Adult MMR Vaccine: Advantages, Side Effects, Guidelines <url>",0.0,1.0,1
9KKTNB99,#Ebola Ebola vaccines prove safe for 600 - The New Dawn Liberia <url>,1.0,0.6666666666666666,2
4M3XXX10,Mandatory Cooties Vaccinations #kidlegislation,0.0,1.0,1
X2HCP5BY,"Cat vomit, toddler tantrums, Kindergarten party with 20 kids, patching up scrapes &amp; writing about measles &amp; religion #thisday",0.0,1.0,1
V8ADYWQP,Mark Zuckerberg gets his baby vaccinated. Debate ensues. <url>,1.0,0.6666666666666666,2
332SHXVY,9 measles cases linked to Disney theme parks in California <url>,0.0,1.0,1
ES0NVFK1,"""I cannot go to school today, said little Peggy Ann McKay. I have the measles and the mumps, a gash, a rash and purple bumps."" <user>",0.0,1.0,1
1SWJXN71,Gay Men Who Frequent NYC Urged to Get Vaccine: Local health officials are urging gay men to consider a vaccine... <url>,1.0,1.0,2
ZC4R6B4U,<user> <user> <user> earthzebra1 Time and time again it has been proven that Vaccinations DO NOT CAUSE AUTISM!,1.0,1.0,2
DVXFPOE8,Sooo apparently Lydia's immunity won't be a thing in season 3...? YAY OUR CANON IS SAFE!!! For now!! #priorities,0.0,1.0,1
UXX4K1R1,"Nah RT<user> Everyone &gt; 6 months should get the flu vaccine, especially ppl w/chronic diseases, the elderly &amp; the immunocompromised",1.0,0.6666666666666666,2
M4RHD0J2,"FUN SCIENCE FACT: if you don't vaccinate your kids you are 1) terrible 2) a bad parent, and 3) a shitty member of society at large #VaxTruth",1.0,1.0,2
NMN7Q3Q6,"My baby boy got a vaccine today and he cried a little until the lollipop got whipped out. Then,… <url>",1.0,0.6666666666666666,2
1OVDXIKR,#VaccineQs   I'm pissed. measles outbreak blame the American parents 4 not vaccinating.i kink not.Root cause. Mexican illegal children?,0.0,0.6666666666666666,1
48WW06C8,Health officials stress importance of vaccinations for measles <url>,1.0,0.6666666666666666,2
YB1ETLOX,AIDS N : Q | HIV/AIDS Health Topics: Staying Healthy with HIV. Immunizations · Influenza · Information for… <url>,0.0,0.6666666666666666,1
BWEG2EB9,"Get Vaccinated, Health Officials Warn: Measles Is Back In Michigan: Measles is making a comeback.The Michigan… <url>",1.0,1.0,2
O7ML7EUD,So great to meet <user> and feel her amazing energy for children and families! #vaccineswork #protectthefuture <url>,1.0,0.6666666666666666,2
XDI656KZ,I can't even with politicians suggesting parents should have a choice in vaccinating their children,1.0,1.0,2
RLXN52O5,<user> That's all I can pay attention to lmao. 😂 but thank God we know vaccines don't cause autism. 👍,1.0,1.0,2
OV2CNF6K,"When you find the man of your dreams 3 years ago, let him go and he comes back into your life. (: he is my world &lt;3 I love him 😘😍😚 MMR (:",0.0,1.0,1
XLYFKXD2,Kristin Cavallari has once again confused vaccination with people wanting to sterilize her and Jay Cutler. YOU are the disease Kristin.,1.0,0.6666666666666666,2
K3Q6K277,It definitely causes brain injury “<user> What if defending anti-vaccination beliefs causes autism?”,1.0,0.6666666666666666,2
A6DYX8L3,"“<user> On average, people who complain live longer -- Releasing this tension increases immunity and boosts their health.” woohoo!!",0.0,1.0,1
T46VNPQM,At my grade school doing a service project for Martin Luther king day #MMR,0.0,1.0,1
WDDL1YHQ,Dude is still posting Tea Party crazy shit on FB. Now saying vaccines have mercury in them and you don't get skin cancer fron the sun.,1.0,0.6666666666666666,2
BA7XVFJ8,<user> <user> Go away. My 3 kids are all vaccinated. Try approaching people nicely and they might care about what you have to say.,1.0,1.0,2
1QU492WL,vaccinate your damn children pls,1.0,1.0,2
NSLA6AB1,"#ZombieZymplex is a horrible disease... 
​​Please get vaccinated.​  😷

A short fun cray-cray… <url>",1.0,0.6666666666666666,2
94H4RYSU,All day er'ry day  #measles #PCR #IgG #IgM @ California Dept. Of Public Health- Richmond Campus <url>,1.0,0.6666666666666666,2
E19EUP6F,"""<user> ""u go crochet or vaccinate fat kids"" LOOK LMFAOOOO""",0.0,1.0,1
28UTILMU,"<user> <user> But yeah vaccines causing autism has been disproven and she was against all vaacines not just MMP, makes no sense",1.0,0.6666666666666666,2
6D1G0D7H,"My mom told me the school nurse said if I don't get my immunization records in they won't let me go to school... Ohh no, I lost my records..",0.0,1.0,1
CU24D9O7,My neighbor told me he refuses to have his kids get #measles vaccinations. Cool. Now keep them out of the public. For life. Dumbass.,1.0,1.0,2
JHYQGFIV,"""Instead of focusing on a healthy diet to improve the immune system, just take our vaccines so we can make money off of you!"" - the CDC",-1.0,1.0,0
PPENDMRG,“<user> Statement from <user> on #measles: <url>,1.0,1.0,2
RMUIBYVW,RT <user> White House: Science says parents should vaccinate their kids <url>,1.0,1.0,2
J9SG11Q7,<user> Bitch has measles.,0.0,1.0,1
DAA45BAU,"#bridgeschool MMR...Matthews, Mumford and Reynolds KILLED IT! #""All Along The Watchtower""",0.0,1.0,1
WEGBFF0H,#VaccinesWork --&gt; 17 Reasons Why No One Should Ever Vaccinate Their Kids <url> by <user> via <user>,-1.0,1.0,0
C4UGIXGL,<user> <user> Yea I feared that but Im sure she was pardoned by a black friend or two w/ approval to use it. She has immunity! Lol,0.0,1.0,1
ECJ00PVX,<user> : Let's bring in more children from Mexico and other third World countries. They were not vaccinated before obama spread them out,-1.0,0.3333333333333333,0
L1T6GYV3,"2014, an outbreak of measles 644 were Amish; 324 of the infected Amish were vaccinated. Vaxed does NOT guarantee immunity #CDCwhistleblower",-1.0,1.0,0
CWUNFS3X,He wants immunity and he wants it NOW #Scandal,0.0,1.0,1
91IUKY59,So please vaccinate your kids.,1.0,1.0,2
QB0JHWAN,Wish I could have been immunized against school. @ Walgreens <url>,0.0,0.6666666666666666,1
E2S086CC,How One Unvaccinated Child Sparked The Minnesota Measles Outbreak: A measles outbreak in Minnesota offers a case... <url>,0.0,0.6666666666666666,1
E2ZHPW4R,"""<user> RT <user> Vaccine-preventable diseases that cause for 1.5M infant deaths -<url> <url>",1.0,0.6666666666666666,2
EQJTEO57,<user> I worked in a law office and saw child completely disabled after vaccine. Filed paperwork for fund set up by gov. B honest,-1.0,0.6666666666666666,0
3HZ8879T,"""On average, people who complain live longer -- Releasing this tension increases immunity and boosts their health."" <user>",0.0,1.0,1
Y4I5PPRP,A cut in federal immunization programs despite the negative propaganda and measles out break via <user> <url>,0.0,0.6666666666666666,1
8KBWNNET,"VACCINATE YOUR KIDS PLZ, THX. “<user> A case of whooping cough has been reported at Carmel High School. <url>",1.0,1.0,2
NNJT38Q0,"Something I don't get: even if vaccines did cause autism (which they don't), how would not vaccinating ever be a preferable option?",1.0,0.6666666666666666,2
HYLKR491,"It's hard to be sympathetic with anti-vaccine mangers, but a mother lost a child to her own stupidity... It's cruel. <url>",1.0,1.0,2
2976IIYE,SB5143 [Enroll] Concerning the availability of childhood immunization resources for expecting parents. <url>,0.0,0.6666666666666666,1
QUMNKX1C,New Vaccine Helping Brain Cancer Patients -First Coast News <url> #Weston #FL,1.0,0.6666666666666666,2
K5FIBOHU,"Best get yo kids vaccinated so they dont catch

These hands",1.0,0.6666666666666666,2
UAW8I0I7,Measles 101: The State Health Department has reported a second case of measles in our state- and the worry is... <url>,0.0,1.0,1
NU6AD79F,"<user> kat, no kidding! Perry lacks credibility on the vaccine issue.",0.0,0.6666666666666666,1
VBZRJMBF,"<user> <user> Protection against measles's much better than the protection against mumps. Same shot, different components&amp;response.",1.0,0.6666666666666666,2
LTTD2ZS9,The REAL VACCINE FORMULA TO CURING ALL #5 STRAINS OF EBOLA # THE AMERICAN WAY # HEALTH CARE <url>,1.0,1.0,2
9W04M06U,"Not only did this kid get vaccines today, but he is sick with a terrible cold. Somehow he is smiling… <url>",1.0,0.6666666666666666,2
H31NBXJW,Got my Influenza Vaccine! (@ Purdue University Student Health (PUSH) - <user> <url>,1.0,0.6666666666666666,2
20915771,<user> I just showed you study that autism may be diagnosed during pregnancy. #StoptheLies #vaccinesdontcauseautism #vaccinesNOVA,0.0,0.6666666666666666,1
YNBNQKV4,"Parma High, a place you get free blow jobs behinds stairs &amp; catch the measles! 💯",0.0,0.6666666666666666,1
GFT6ZDV5,"""I don't believe in vaccinating my kids, but I get my dog it's booster shots every year""",1.0,0.6666666666666666,2
4AOMS1YW,MMR BQ 933wmmr #budweiser #rock #metalhead #metal #festival #rainorshine #camden #nj #sixxam… <url>,0.0,1.0,1
G2AGOWTG,Guess who got their #MMR shot early? Because cautious! #healthy #baby #babyEmily #sfv #panoramacity <user> <url>,0.0,0.6666666666666666,1
RQ3O64DR,"""I'm dead"" ""Great, then I got the hepatitis vaccine for nothing!""",-1.0,0.3333333333333333,0
UBSDL89G,#VaccinesWork to give children everywhere a <user> <url>,1.0,1.0,2
0U71H5Y2,<user> Not sure we want to label the measles vaccine a TOXIN!!! #woefullymisinformed,1.0,0.6666666666666666,2
L6J2IFN4,Sick Child’s Father Seeks Vaccination Requirement in California - <url> – via <user> <url>,1.0,1.0,2
2W4ML17D,"<user> tells #advocacy4health GAVI is one of greatest global health stories, cut vaccine cost by 75% <url>",0.0,1.0,1
B1S474O0,An non-immunized child must be treated differently by doc.Need to recognize that deadly vaccine preventable diseases are possible. #Vaccines,1.0,0.6666666666666666,2
F81H50C7,<user> Thank you for sharing your story about meningococcal disease. It is prevented with a vaccine <url>,1.0,1.0,2
OA5RF3H5,Pro safety doesn't make me an anti-vaxer.  It makes me an educated consumer #CDCwhistleblower #CDCfraud #MyKidMatters #VaccineInjuryIsReal,-1.0,0.3333333333333333,0
XRCASPS2,“<user> Jennifair - Crack produced by DrumMage! #SINS <url> {New Music} from #MMR,0.0,1.0,1
8PMRLHQD,"Science is OK for super complex war machines but not for waste like Children's Health Insurance CHIP vaccines
#uniteblue <user>",0.0,0.6666666666666666,1
0B1S5TGI,Down The Health Department Getting Immunizations For School; These MF's Look Like They On The Verge Of Death #ReadyToGo,1.0,0.6666666666666666,2
91YEZ9E2,"SANDLER MOVIE SCRIPT LEAKED!

Dadam Shandler: I pooped in my moccasins!
Brob Schnieber: Vaccines are poison!
Kavid Spabe: Can I borrow $20?",0.0,0.6666666666666666,1
ULFIRO7F,<user> yall started that measles shit dammit you guys,0.0,1.0,1
7SXAI7BF,<user> be careful! Watch for a fever..I think Olivia caught the measles after a cold/virus,0.0,1.0,1
VG4962TX,"Training ground for 25,000 Confederate soldiers; some died in measles outbreak 1861-1862 #lifeofsusan… <url>",0.0,1.0,1
N8471SJX,<user> we parents. Not so crazy after all. Pre/post MMR. #CDCwhistleblower <url>,-1.0,0.6666666666666666,0
8P0R2S1A,<user> oh did u see the tweet abt aborted babies in vaccines geez,0.0,1.0,1
UL03AOL4,“<user> Five babies at a Chicago daycare may have measles.  Details from public health officials coming up at 5. <url>,0.0,1.0,1
2I9VRFBS,<user> <user> It's overwhelming at times 2C tragedy's that canBavoided. The HIB vaccine stopped immed 1000's ofmeningitis deathsNbabies,1.0,0.6666666666666666,2
NUO5BJPN,Day care chain mandates staff vaccinations after infants catch measles <url>,0.0,0.6666666666666666,1
CC41BEVS,"<user> my new career is going to be a ""AIDS Vaccine Tester"" I think ill have better luck surviving that job. Less risk than corn",0.0,0.6666666666666666,1
8D66J1XZ,RT <user> Measles has re-emerged as a public health issue because many people choose to remain unvaccinated <url>,1.0,0.6666666666666666,2
A4RJL3YE,California Assembly Passes Strict School Vaccination Bill; Awaits Gov. Brown Signature: California’s Assembly has… <url>,0.0,1.0,1
UXZ0499M,“<user> 14 of California's 32 measles cases intentionally unvaccinated <url>,1.0,0.6666666666666666,2
5GJLGF7I,"If you don't vaccinate your kids b/c of a non-medical reason, then you should be treated as someone who is purposely endangering children",1.0,1.0,2
8A83J3DJ,Obama says vaccinate your children.  Thanks Obama.  I had just put my 1st down payment on an iron lung. #really? #arrogantignorance,-1.0,0.3333333333333333,0
WWIR0KP2,My baby boy got all his vaccines...! And he's all sleepy &amp; dizzy now. Poor Frodo!,1.0,1.0,2
RXIJ12HU,"“<user> average, people who complain live longer. Releasing this tension increases immunity &amp; boosts their health.”HA!<user>",0.0,1.0,1
OVNDDCKS,"<user> If I have to vaccinate my DOG , parents should vaccinate their kids. Period.",1.0,0.6666666666666666,2
P44L44SC,"<user> <user> <user> 4.) Vaccinated kids can still catch and pass on the disease. 
5.) Vaccines are causing the disease",-1.0,1.0,0
W6OIBU7S,Newborns have low immunity compared to adults. Bring them out with onesie and booties and no blankets. No coats. Nothing.,0.0,0.6666666666666666,1
9XOJ5JFS,Parents speak out against House bill that would limit vaccination exemptions in state: In a committee hearing room… <url>,0.0,1.0,1
JOJIRZO6,"Measles is spreading, and the anti-vaccine movement is the cause <url>",1.0,1.0,2
8VN9QHOB,"<user> Good to hear you still have the non-poisoned touch! ...or an immunity to iocaine powder, either way.",0.0,1.0,1
BKVNBDBI,Did you know protection from vaccine-preventable diseases starts @ birth? Get vaccine facts! <url>,1.0,0.6666666666666666,2
1AJ614SW,"Patents need to read this article! vaccinate against influenza!
Flu can be deadly, even in healthy kids <url>",1.0,1.0,2
WAU5DRLT,Whoever own the Ebola vaccine is going to make a lot of money &amp; they can give all the thanks to the CDC!,0.0,1.0,1
UIIF1JT9,"I'm not subscribing to the panic du jour. Now it's measles, remember Ebola?",0.0,1.0,1
TUG1KI40,"Gov. Snyder Signs Child Immunization Legislation: LANSING (WWJ) – Gov, Rick Snyder has signed a package of bills... <url>",1.0,0.6666666666666666,2
8ORVUOOY,Attending Joint Committee on Health Topic: Vaccinations/Immunizations &amp; lack of exemption in WV,0.0,0.6666666666666666,1
PIJO47YZ,"<user> <user> : I did too, but all my children have had the vaccine and they are all older than Damian",1.0,1.0,2
7Q37HMIO,Me: What does measles even do to you? <user> : puts hair on your balls,0.0,1.0,1
4VBE2X8L,Illinois says 11 now diagnosed with measles: Illinois public health officials are now reporting 11 people have… <url>,0.0,1.0,1
A20QAZ1P,"“<user> Disneyland measles outbreak may have originated in Philippines, research shows <url> <user> its ur fault😂😂",0.0,1.0,1
8XMYOOI1,"<user>
Basically measles epidemic based on lie about vaccine causing harm. Where is the common sense? Sounds like climate change.",1.0,0.6666666666666666,2
72AWAQLA,"I just got a couple vaccinations for my Israel trip and I gotta be honest, they are not bad at all I used to freak out #childish",0.0,0.6666666666666666,1
LN3SKR8J,"Amid measles outbreak, some physicians opting to drop patients with anti-vaccine views <url>",-1.0,0.3333333333333333,0
AYPIFGW8,"Gov. Brown Signs Law Ending Personal, Religious Exemptions to School Vaccine Requirements: Gov. Jerry Brown on… <url>",1.0,0.6666666666666666,2
XUAQBFT3,Great overview of #HPV &amp; HPV #vaccines by <user> <url>,0.0,0.6666666666666666,1
RJRWT2GY,"Thousands of Americans die each year of influenza, including small children. Yet most Americans who should get flu vaccines - don't. #Ebola",1.0,0.6666666666666666,2
63OMFVK7,"<user> these are people who either dont know or dont care what is was like before vaccines, they got theirs when they were kids. Stupid",1.0,0.6666666666666666,2
VB25IDQK,AIDS vaccine created at Oregon Health &amp; Science University may clear virus from body - <url> <url>,1.0,0.6666666666666666,2
KNBI57AP,“<user> US govt continues to pay for new vaccine injuries/deaths every week <url> #vaxfax” #RobSchneider,-1.0,0.6666666666666666,0
0YOU56L4,"CDC: 2014 a record year for measles, California has 60 cases <url>",0.0,1.0,1
2YPCEL82,"AIDS N : HIV antibodies guarded monkeys from the disease for six months: There's no known vaccine for HIV, but… <url>",0.0,0.6666666666666666,1
E59BZVGW,"""<user> Measles outbreak in California?"" Nothing shocks me anyone about the empire anymore",0.0,1.0,1
2HPWG76D,Local family with 3 boys who have not received a single vaccine because of the government conspiracy to cover up Vax risks. I can't even,1.0,0.6666666666666666,2
GF780FXO,"I love that #parents can now threaten their kids w/a trip 2 #Disneyland if they act up. ""You behave or I will let you catch the #measles!l",0.0,1.0,1
4IG0ZPHX,California’s new child vaccination rule takes effect Friday <url>,1.0,0.6666666666666666,2
NFC6X2VS,"I have often wondered why, in the U.S. we put SO much effort into measles and mumps vaccination and ignore the fact we have open borders,",0.0,0.6666666666666666,1
Z0O7IVIL,<url> <user> CDC states pertussis cyclical &amp; unvaxed not to blame #VaccineDebate,-1.0,0.3333333333333333,0
OOIOERYG,At this convenient care clinic clinic to get Immunizations needed for nursing school and there are some real characters in here…,0.0,0.6666666666666666,1
KZNYZ6BJ,"<user> probably worse. Denying the Holocaust is hateful, but it doesn't put my kids at risk like not getting vaccinated does.",1.0,1.0,2
HLC6AGDR,"Vaccinate your children. Do it.""<user> The Number Of Early Childhood Vaccines Not Linked To Autism <url>",1.0,0.6666666666666666,2
5F6XBUSN,Sacate eso de hay mmr............,0.0,1.0,1
Y7P2ALDN,The price of anti-vaxxers “<user> Health officials scurry to contain measles outbreak that began at Disneyland <url>,1.0,1.0,2
533JPEMS,"#EazyMix 
(Link in <user> bio) #ManyMenRecords #MMR @ Music Mondays <url>",0.0,1.0,1
SDKR38PH,"As the parent of an autistic child, I can assure you that I'd vaccinate again because I'm a grown man not living in the dark ages. Not real.",1.0,0.6666666666666666,2
6UF1EI2N,Measles and Your Family: Texas Health Allen Shares Information to Help Parents <url>,0.0,1.0,1
7HDQGSYO,Windsor family w/four kids who got #whooping cough AFTER being vaccinated. Working for 10pm. #epidemic <url>,-1.0,0.6666666666666666,0
UELO1FNC,"Improve mood, energy, immunity, cardio health. 15% profit <user> #Sandy <user> <user> <url>",0.0,1.0,1
5VPTC5UL,Measles outbreak prompts vaccination debate: A political debate rages as the measles outbreak spreads to more than… <url>,0.0,1.0,1
H4VJI4FU,Bloomberg - The Cost of Measles: Who Foots the Bill for Outbreaks? <url>,0.0,1.0,1
5DIUYOPZ,Don't criticize my choice to partially vaccinate my child when you stand there &amp; run your hands under water for 5 seconds without soap...,-1.0,0.6666666666666666,0
5SWCFGWE,"<user> I have one child perfectly healthy, fully vaccinated. 2nd child reacted &amp; regressed after 15mos shots. They need to be safer.",-1.0,0.6666666666666666,0
QEAB498A,How am I supposed to argue against childhood immunizations when that's not my opinion? They save lives people what don't you understand 💉💉💉,1.0,1.0,2
AXIE5AEC,"<user> my children do not get vaccinations, and they do not get sick like other children either.",-1.0,1.0,0
A2N4U0PI,How are the roads this bad still? Indy snow removal clears snow as well as vaccines autismed Jenny Mccarthy's kid.,0.0,0.6666666666666666,1
K2YXFSSY,<user> duh! Child vaccines required. Adults are not. Come with some real info.,1.0,1.0,2
P7QZKSLX,RT <user> Ohio prosecutors demand immunity for execution drug makers <url> #deathpenalty,0.0,1.0,1
IBZVIHDH,<user> simple. Vaccinate your kids. The end.,1.0,1.0,2
TDSHK4J4,"With measles on the rise, physicians urge vaccination <url>",1.0,0.6666666666666666,2
UZUPT0RZ,"<user> take emergen C when you start feeling sick, works wonders and I even am around sick kids everyday #immunityboost",0.0,1.0,1
JFGUO01P,<user> <user> of the matter is.the kids are more likely to be immunized then those already here.,0.0,0.6666666666666666,1
96B84EYX,"""<user> <user> Parents who learned the hard way about vaccine injuries and wish they hadn't <url>",-1.0,0.6666666666666666,0
Y2XEFB6G,<user> <user> Yeah she get measles too. They're so tolerant!,0.0,1.0,1
EFP34W8V,"If you refuse to vaccinate your kid because you think it increases the risk of developing autism YOU ARE REALLY DUMB, FOR REAL.",1.0,1.0,2
4V5E1DPI,"<user> <user> maybe next they will note ""vaccines safe and effective""",1.0,0.6666666666666666,2
MGBAGWJ3,"Spokane schools to get tough about vaccinations, remove children: The Spokane school district is getting tough… <url>",1.0,0.6666666666666666,2
PL06EMX8,"If you want to feel incredibly angry, read thus NYTimes report on antivaxxers in the wake of the measles outbreak <url>",1.0,0.6666666666666666,2
QXS0DQRT,<user> maybe Dahl will awaken them. Washington Post featured Death of Olivia. Shouldn't we demand IQ scores for elected officials? #measles,0.0,1.0,1
CIYXKET3,"How can Rand Paul make the ""children as property"" argument for vaccines, but not accept it for abortion? The cognitive dissonance burns.",0.0,0.6666666666666666,1
6P9XNJCZ,Vaccinate your damn kids. Bc for those kids that cannot get vaccines for real harmful purposes are gonna be just as in danger as kids,1.0,0.6666666666666666,2
ZJP9OLXH,Damn you anti-vaxxers. RT <user> BREAKING: Five babies at suburban Chicago daycare center diagnosed with measles: Chicago Tribune,1.0,0.6666666666666666,2
UZ2BX22K,Dayton didn't know how to say measles😂😭😂😭😂,0.0,1.0,1
FA4ZDYFW,My plea for 2015: please vaccinate your kids! <url> <user>,1.0,1.0,2
UORF4NPS,<user> <user> Vaccines help wipe out the diseases that God supposedly made. Ergo doctors trump God,1.0,1.0,2
XVK17V03,AIDS :  1 in 10 children carry immunity to AIDS - study: The study published in Science Translational Medicine… <url>,0.0,1.0,1
B1KRGV85,Article: #Vaccine-preventable diseases are back! But are they here to stay? <url>,1.0,0.6666666666666666,2
DQ861G58,Question: would there be *any* downsides to massive taxes on non-medical vaccine exemptions?,0.0,0.6666666666666666,1
ZN6T6R3K,<user> How do U explain (away) massive drop in cases/deaths prior 2 use of #vaccines?,1.0,0.6666666666666666,2
VHY3NUZK,<user> <user> perhaps an undiagnosed allergy to eggs or vaccination ingredients. But mmr itself didn't kill her,0.0,0.6666666666666666,1
8EA99Y66,Measles outbreak in Texas; Parents urged to vaccinate their children: Most reported cases of the highly... <url>,1.0,0.6666666666666666,2
4XG9HF7K,#IfItWereUpToMe #MMR would be put on !,0.0,1.0,1
N29QXDK2,People who choose not to vaccinate just want to see the whole world burn... Or break out in measles and shit,1.0,0.6666666666666666,2
7S6F6COR,<user> use Ebola as a platform for #Vaccines that parents refuse to give to kids. Vaccines work! The #flu kills thousands a year,1.0,1.0,2
IGPTBZLS,People who don't vaccinate their children piss me off so much.,1.0,1.0,2
5VJPD95Y,Studio time with my team. I need more of that. Killer team right here man <user> <user> <user> #MMR,0.0,1.0,1
IVC3LLBL,Goodbye Ebola...hello Measles,0.0,1.0,1
Y31G4994,Some people come to CA Adventure to see #frozen. I come for the #measles. Time to lick every handrail… <url>,0.0,1.0,1
JYIPZU75,"You bash medical procedures based on ""scientific"" claims of harm when there are thousands who would kill 4 the vaccine and can't afford it",1.0,0.6666666666666666,2
13I4J7IY,"Real issues! RT <user> Powerful episode of #ScandalABC tonight. Cops shooting unarmed black teenager. . . vaccines, silencing (1/2)",0.0,1.0,1
YY5PVSPD,My cousin didnt get her baby vaccinated cause a YouTube video told her not to. This is the world we live in folks.,1.0,1.0,2
K75X4VWF,UC will require measles vaccination for incoming students <url>,0.0,1.0,1
1Q6SW5M3,Doctor Suspects Measles-Inflicted Disney Employees Never Had Full Vaccination <url>,1.0,0.6666666666666666,2
TSOMOJ55,Next Stop <user> #JerseyGirlsOnFridays <user> #MMR Swagg,0.0,1.0,1
KYDB8EYR,"I wholeheartedly agree! --&gt; <user> says we need to ""redouble our efforts on child survival"" #vaccineswork #getvax <user>",1.0,1.0,2
78ZK2FT5,AIDS N : HIV Vaccine: Potentially Effective Immunogen Identified: While vaccines ordinarily employ dead or inactive… <url>,1.0,0.6666666666666666,2
9MCE74P5,Vaccinate your kids!! Holy,1.0,1.0,2
AZZ2PBYI,Got a child going into 6th grade don't miss the free required D-Tap vaccine! Aug 2 free clinic! <url>,1.0,1.0,2
6RL4C8N2,Yup health services was all screwed up. But Finally done with my rabies vaccination 💁 for 2-5 years,1.0,0.6666666666666666,2
XCSBU4QD,"Glad I'm not home right now, since there's a measles outbreak less than 15 mins away from my house. 😳 #disneyland #MeaslesOutbreak",0.0,0.6666666666666666,1
8V3KFHUS,I hope every single kid who's parents didn't #vaccinate them gets the #measles. #vaccineswork #VaccinateYourKids,1.0,1.0,2
U4EYVPBN,<user> have these kids been checked for illnesses or be given vaccinations? We cannot take a chance with any outbreaks.,1.0,0.6666666666666666,2
3GDZGY35,<user> how irresponsible and ignorant not to vaccinate children and putting others at risk. Research show no connection with autism,1.0,1.0,2
XZW43YJR,"Immunity Support | Thieves Products

 We can’t talk about Back to School without talking about… <url>",0.0,0.6666666666666666,1
0TFG741E,This bitch just told Donald Trump vaccines gave her (multiple) kids autism. EYE ROLL.,1.0,0.6666666666666666,2
NRTK42NZ,Picked up a few accessories! #ar15 #223 #556 #mossberg #mmr #2ndamendment #2nd #alwaysready #FYF @ My… <url>,0.0,1.0,1
NJAMGRTV,Health warning: Baby with measles traveled through Portland airport <url> via <user>,0.0,1.0,1
WOFKVJRZ,What did I just read?!? Measles parties? R u kidding me. This is not chicken pox. Get educated. #vaccinate,0.0,0.6666666666666666,1
Y5LXGP4H,"Vaccination day! Now my babies are safe. 🐴🐎💉
Dia de vacinação! Agora meus bebês estão a… <url>",1.0,1.0,2
2WBEBQBD,"""<user> ""Look, we need to just shut down all travel because of ebola.  No, I'm not getting my kids vaccinated. Why do you ask?""""",-1.0,0.6666666666666666,0
2CYKLQW3,"<user>   Typhoid Mary didn't know better, debunked by real science Jenny McCarthy should be known as Measles McCarthy Vaccinate Now",1.0,1.0,2
IMVT6HIJ,FYI “<user> Disneyland is riddled with measles <url> <url>,0.0,1.0,1
02BRQ370,Shame on you if you choose not to vaccinate your kid(s) because of some bs article you have read on Facebook.,1.0,0.6666666666666666,2
U60ULVSX,"There is a link bet'w vaccines &amp; autism like there is a link bet'w the Iraq War &amp; success.
<url>",1.0,0.6666666666666666,2
KRZMP25G,“<user> Dr. Oz is on tv spotlighting claims that vaccines cause autism. Reminder that everyone named Oz is a fraud.” <user> D:&gt;,1.0,1.0,2
AVVJW2VW,<user> Some of these children are better vaccinated than American children.Ebola is only found in Africa so stop trying to associate the two,0.0,0.6666666666666666,1
ERTLPC6L,I will vaccinate my children right after their born #radkecd,1.0,1.0,2
VCO6U0CJ,"Thanks, parents who refuse vaccinate. Just great. <user> Map shows the spread of #Measles linked to #Disneyland.",1.0,1.0,2
TLPJI4M8,"((Cada Dia)) Protect children from misguided parents: I had measles back in 1957, when I was a child. That was before the vaccine aga...",1.0,0.6666666666666666,2
JIZO0OV9,How soon is too soon for building up your child's immunity to iocaine powder? #AskingForAFriend,0.0,1.0,1
5NUQRZOC,"<user> idk I always thought it was a requirement to be fully vaccinated to even go to school, epidemic or not.",0.0,0.6666666666666666,1
N8D2Q03A,The people who walk around the gym's equipment room barefoot are probably the same people who don't vaccinate their babies.,1.0,0.6666666666666666,2
FM2TPJR1,Searching got long-term protection against diseases for which vaccines have failed. <url> <url>,-1.0,0.6666666666666666,0
8D3RCF1P,<user> <user> Vaccinating your children would be a better Mothers Day gift.,1.0,1.0,2
TCNOCJGZ,"Disneyland Measles Outbreak is Over, Health Officials Say: The measles outbreak that began at Disneyland over the… <url>",0.0,0.6666666666666666,1
DXVGUSA3,Reaction to the immunization. (@ Dean Health - West Clinic) <url>,-1.0,0.6666666666666666,0
IA94HRZP,Johns Hopkins Scientist Slams effectiveness of Flu #Vaccines highlights #health risks <url> #Children,-1.0,0.6666666666666666,0
B1IDXKRK,How many kids at a school aren't immunized? Plano ISD says it can't tell you <url>,0.0,0.6666666666666666,1
XUCKMOO1,"Some Pediatricians Waiting On Flu Vaccines For Kids: Flu season is almost upon us, but some parents are finding it… <url>",0.0,0.6666666666666666,1
5JXX0EHN,For the love of God: VACCINATE YOUR GODDAMNED KIDS! #VaccinesWork,1.0,1.0,2
1O5PF569,<user> my son pre/post MMR. It is unreasonable to assume all vaccines are safe for ALL #CDCwhisleblower <url>,-1.0,1.0,0
RFMVGK0I,"“<user> Disney park measles outbreak spreads to 95 cases <url> VACCINATE YOUR KIDS, MORONS.",1.0,0.6666666666666666,2
PGCY5A6G,Immunity's issues came through again... Huzzah luv the adventure (@ Kennedy Health System Emergency Room) <url>,0.0,1.0,1
LOSMUTST,"#Republican LaLa land nuts calling for vaccines to be optional,means no vaccines then no school,no public places,put them with stupid GOP",1.0,1.0,2
WUGHXWVT,From a beloved author who loved children and lost a daughter to measles. <url> It will break your heart and change no minds,1.0,0.6666666666666666,2
0DGQBE1L,Critics blast ABC after naming McCarthy co-host of The View: Her opinions on childhood vaccinations that have... <url>,0.0,0.6666666666666666,1
YYPZJB0O,I mean you are going to get your children vaccinated right? Isn't that going against sky daddies will????,1.0,0.6666666666666666,2
NVIB8W6P,#MeaslesOutbreak #measles 14 states confirm measles cases. Is it worse than Ebola scare???,0.0,1.0,1
UD31Y9F7,Paul Offit finally gets it about vaccine exemptions – Medscape <url>,0.0,0.6666666666666666,1
S3HH6W8D,<user> sis RUNNNNN he may have #measles or #Ebola!!!!!!!!!!,0.0,1.0,1
BAEF6C2G,Buncombe parents are seven times more likely say no to kids’ vaccines for religious reasons <url> via <url>,-1.0,0.3333333333333333,0
8TLK42RE,The # of people opting out of vaccines has steadily dropped. Measles outbreak not caused by not vaccinating.  <url>,-1.0,1.0,0
8JLCP7O5,Dr. Fauci on vaccines: You have a responsibility to society... especially to babies who can't get vaccinated till 12 mos.  #AtlanticHealth,1.0,1.0,2
JHRF4W8L,"Go to school and learn about vaccines before you rant on facebook about the vaccine ""harming your child"". You're an idiot. The end.",1.0,1.0,2
4NU3JJCE,"Almost empty park... #measles (at <user> Resort in Anaheim, CA) <url>",0.0,1.0,1
GJCPRH8J,Student Visiting Mass. From Western Europe Diagnosed With Measles: Massachusetts health officials have confirmed… <url>,0.0,1.0,1
S0EDDBY5,Aids: a disease in which there is a severe lost of the body's cellular immunity,0.0,1.0,1
MGD8Z0P8,"Disneyland and measles? Idgaf, I'm still going. 🐹",0.0,1.0,1
FD8ZGBZH,The marketing message to anti-vaxers is: focus on the weak &amp; sick that are at risk &amp; can't vaccinate. Don't focus on the facts.,1.0,0.6666666666666666,2
STF9149D,Oops missed “<user> CDC: This flu vaccine is not as effective against current influenza because virus mutated. <url>,0.0,0.6666666666666666,1
K8NLQL0Z,"My dad was telling Henry about Disney world it ended with ""you go there and you get the measles now""",0.0,0.6666666666666666,1
V7ND06ZG,<user> <user> <user> We can't even defend our own citizens against whooping cough &amp; measles anymore. Thanks <user>,1.0,1.0,2
GLS147U8,<user> <user> <user> <user> <user> DeWayne is a #vaccine profiteer?,0.0,0.6666666666666666,1
4ICMWJ5D,"<user> Nancy Snyderman discuss measles immunization, she wouldn't stay quarantined for emboli?? Trust her? No way!",0.0,0.6666666666666666,1
0H635HJ6,This person on FB is actually arguing vaccines are not useful bc those diseases are so rare. THEY ARE RARE BECAUSE OF VACCINES. omg. wow.. 😒,1.0,0.6666666666666666,2
CRRDTIH0,#nwo #Guest Vaccine Pandemic Targets the Innocent <url> #conspiracy,-1.0,0.6666666666666666,0
780OYUTW,"<user> Welcome to the club.  It's a happy, measles-free place. ;)",0.0,0.6666666666666666,1
NEUSY3AR,"""<user> LYING IS A DISEASE, TRUTH IS THE VACCINE.""",1.0,0.6666666666666666,2
N0TZNXR9,Ebola is now in Ohio and CDC says the vaccine doesn't work for black ppl.,0.0,1.0,1
21HVF69Z,What are the odds that the kid with measles uses our lab room??? 😷 <user>,0.0,1.0,1
ZQEJLQJ6,#TraeDay2015 today at Sam Houston Race Park!  Free concert/immunizations/school supplies/activities &amp;… <url>,0.0,0.6666666666666666,1
2E1PJFH7,Happy bday to who I call the BossMan #MMR Hardworking and he's effed up right now <user> Love… <url>,0.0,1.0,1
SCPG5AMD,"Welcome development against vaccine preventable diseases** ""<user> Cross River Introduces Pentavalent Vaccine <url>",1.0,1.0,2
D63ESN6Z,Eradicating polio. Using GIS to fight this disease. #EsriUC vaccinations and improved sanitary conditions. <url>,1.0,1.0,2
ICPAA8FR,Free Promo CDs...#mmr #madhatterdc #mixmasterrod #tacobellbox#stencil#graf  @ MixMasterRod's Upstairs Lounge <url>,0.0,1.0,1
4ZBMQ741,Tf! Who bought the measles here! Gtfoh!😨😷😷😷,0.0,1.0,1
6PXIZONB,It's sometimes hard to trust when we want to make the best decisions for our children. Vaccines are safe &amp; the research shows it. #vaccinate,1.0,1.0,2
RC9MCHSH,AIDS :  HIV-Infected or -Exposed Children Exhibit Lower Immunogenicity to Hepatitis B Vaccine in ... <url>,0.0,1.0,1
P964LYJB,#Ebola is gone how about them those #measles  #vaccines,0.0,0.6666666666666666,1
V2ME7CXS,“<user> Measles case confirmed in Coshocton County; two more suspected <url> via <user> <user>,0.0,1.0,1
6G6YTLFY,"""with ebola people hoped, wished &amp; prayed for a vaccine. w/ #measles we have one."" -<user> telling it like it is! #vaccinateyourkids",1.0,1.0,2
P86LH4Q9,More cases of measles linked to Disney theme parks <url> Uh oh Liss,0.0,1.0,1
JE92DA7Y,"You were supposed to be the vaccine,  but you gave me the disease",0.0,0.6666666666666666,1
W797OWUS,<user> <user> Get your kids vaccinated!,1.0,1.0,2
255FB0Q2,"#TheDoctors I had measles as a child, very scary Why put your child through that?",1.0,1.0,2
9Z2YE7BC,"DuPage County warns of possible measles exposure: DUPAGE COUNTY, Ill. — There are 10 confirmed cases of measles in… <url>",0.0,1.0,1
CJAUFOFH,I wonder if Jenny McCarthy is telling those women not to immunize their kids,1.0,0.6666666666666666,2
A9HZN2OK,First case of measles reported in Contra Costa; BART riders may have been exposed <url>,0.0,1.0,1
41P7Z7YV,<user> Ebola &amp; the zombie apocalypse vaccine?! BAHAHAHAHAHA DEAD!! 😂😂😂😂,0.0,0.6666666666666666,1
6W8Y4PIZ,Face palm RT <user> Tea Party BS RT <user> TX Senate health chief opposes bill to limit vaccine exemptions #txlege,1.0,0.6666666666666666,2
X0MIY3R7,Anti-vaccine movement is giving diseases a 2nd life <url> via <user>,1.0,0.6666666666666666,2
EBGKHAZ2,Map of preventable disease outbreaks shows the influence of anti-vaccination movements - <url>,1.0,1.0,2
36UGMXSJ,VACCINATE YOUR CHILDREN PEOPLE!!!! That's fucking disgusting!,1.0,1.0,2
AGQE1DO9,"LOL this is pure gold. Vaccinate your children!!! 

<url>",1.0,1.0,2
8F9ZVF29,African Nations Celebrate a 55 Percent Drop in Child Mortality Rates Due to Immunization <url>,1.0,0.6666666666666666,2
7HKO0H0U,"Per vaccine schedule, your child will receive 75 vaccines, not including flu shots. Alot of pediatricians give 9 shots in one visit.  WHAT??",-1.0,0.3333333333333333,0
0CW8T1AU,Purchased health insurance and it's not cheap. Went to get a tdap vaccination and low and behold. Not covered.,1.0,0.6666666666666666,2
LB4J4RBO,"<user> what you should say ""yes Doctor, vaccinate my kids because vaccines are totally safe. I don't want to kill somebody else's kid""",1.0,0.6666666666666666,2
1DS6IBLZ,<user> Yo se #MMR,0.0,0.6666666666666666,1
4XXO8DPW,Marley &amp; Measles #MakeAFilmUncomfortable,0.0,1.0,1
MVUZ1RXC,"<user> ""uhh we believe America was a much safe place before we had cures for things like polio a and measles, sir"" #GOP",-1.0,0.3333333333333333,0
31ZFRPS7,Mississippi has the nation’s best child vaccination rate. It's one of 2 states that don't allow religious exemptions <url>,1.0,0.6666666666666666,2
JBWPOE3M,Parents you must vaccination your children.,1.0,1.0,2
278Q453X,"People who don't vaccinate are idiots, but this is even more idiotic. #Health <url>",1.0,1.0,2
RZC6PVY7,Back-to-school: To vaccinate or not to vaccinate: The debate over vaccinations still lingers as Colorado kids get… <url>,0.0,1.0,1
X6E6EWR7,"“<user> Vaccinate your children, you ignorant hippies <url> Yes, please!",1.0,1.0,2
ZOVC6YE8,Proposed Bill Would Support Parents Opting Out Of Child Vaccinations: Denver.Democrats say the state already gives… <url>,0.0,0.6666666666666666,1
GMRITAD0,"Oh, those evil vaccines will be the death of us all! <url> Measles-infected individual visited Super Bowl Village",-1.0,0.6666666666666666,0
AA4Q0TB8,“<user> People who complain tend to live longer. Releasing tension increases immunity and improves overall health.”my wife,0.0,1.0,1
4L1SENXW,"Poor baby Cael got vaccines today, my happy boy is tired and grumpy now 😢 poor bebe. #vaccinesmakemommysadtoo",1.0,0.6666666666666666,2
ZF0RBEJR,Measles everywhere RT <user> <url> <url>,0.0,1.0,1
LKIZSBA5,"Begin building immunity today and join me in a BLACK JACK milkshake ""TO BETTER HEALTH"" SALUTE!!!",-1.0,0.3333333333333333,0
Q0SK794K,"<user> <user> I mean, we are the country that let measles make a comeback bc we placate stupidity.",1.0,0.6666666666666666,2
AGZD4HQU,Measles vs #Myeloma  Round 2 <url>,0.0,1.0,1
R7YB9RS6,<user> there is a vaccination you can get to prevent measles mumps and Rubella,1.0,0.6666666666666666,2
HPSVH8UH,<user> maternal mortality rate AND the highest infant mortality rate among developed countries. And the MMR in the U.S. is going (2/3),0.0,0.6666666666666666,1
XQOWF43N,RT <user> Health officials warn of possible measles exposure at tennis clubs in Kirkland and Bellevue <url>,0.0,1.0,1
XNIVSG7B,White House: Science Indicates Parents Should Vaccinate Kids <url>,1.0,1.0,2
EMVOJ3SR,<user> In other words they don't trust a licensed MS physician's word that my son shouldn't receive vaccines due to his injury.,0.0,0.6666666666666666,1
PTCU3MGP,️RT <user> #BREAKING: #BART riders warned of possible #measles exposure after a passenger tests positive. <url>,0.0,0.6666666666666666,1
3V0BQLDG,"Lance was a great hero off the bike, but now evident he took PED's &amp; hiding bhnd teammates who are willing to gain immunity by tellin truth",0.0,1.0,1
KAV0TTIH,RT <user> On <user> 1sttrip to #Africa w/ <user> she helped give #polio vaccines + meds - giving those kids a #shotatlife!,0.0,0.6666666666666666,1
4UG3NAO9,"Skl based health centers help meet immunizations, sport medicals and save money from less hospitalizations.",0.0,0.6666666666666666,1
VIXXMXH1,#WhenIWasAKid my mom got me vaccinated because she understood diseases are #InvisibleThreat #vaccinesNOVA #thanksmom #nomeaslesforme!,1.0,1.0,2
A6OU904K,If you went to the Superbowl go to the doctors ASAP because there was A outbreak of measles already 2 cases found,0.0,1.0,1
YK8X714L,“<user> Everything you want to know about measles. --&gt; <url> #WHAS11”here's a tip: vaccinate your kids,1.0,1.0,2
LZOVDQPU,Proud of this beautiful video we created for Immunization Week of children living their dreams.  <url> #vaccineswork,1.0,1.0,2
BZF35N1P,"7. Protect the Children - Don't Vaccinate, Medicate or Mutilate kids.",-1.0,1.0,0
WYJWTTPU,"Holy shit people are amazingly dumb: 'Measles parties' a bad idea, California public health officials warn <url>",1.0,1.0,2
UCH8V9ZW,"Vaccinate kids. This anti-vaccination mov't is a risk to all! ""<user> California declares whooping cough epidemic.  <url>",1.0,1.0,2
3VNT89RM,<user> <user> Would you still stand in line for the measles and misinformation? <url> #vaccine <user>,1.0,0.6666666666666666,2
O0ZPBN2K,<user> nah man never injecting poisons into my body that goes for vaccinations too,-1.0,1.0,0
K7Z8S1RN,HB3188 [Update] Torts; providing immunity for certain persons producing risk-assessment reports for schools; eff... <url>,0.0,1.0,1
XVHW6NC7,"Wanted to stay of it, but I suck at that <url> #Measles #MeaslesOutbreak #vaccinations #VaccinateYourKids #vaccines",1.0,1.0,2
0GY120L8,RT <user> We can prevent another #measles outbreak from occurring through some simple steps. <user> <url>,0.0,0.6666666666666666,1
DJIFHBJV,<user> Pat Robertson is a senile old man. I wish media would quit giving time to ppl that are clueless about EVERYTHING! #Measles #VaxTruth,0.0,1.0,1
Q7HES198,"😂 ""<user> Shonda tackling measles too?”",0.0,1.0,1
QW2SH0OJ,#ACR13 small study shows in 10 pts with lupus shingles vaccine safe. Needs to be confirmed with larger study <url>,1.0,0.6666666666666666,2
9KFVM69G,"Sum vaccines like H1N1 n Flu have chemicals in them that no1 would ever want in their body,yet the CDC approves them,Y? Slowly but surely :(",-1.0,1.0,0
B8XBQQFU,"RT ""<user> On average, people who complain live longer -- Releasing this tension increases immunity and boosts their health.""",0.0,1.0,1
3NNAWU90,So... Should i be worried that the CDC felt the need to produce this? Clinical Guidance for Smallpox Vaccine Use - <url>,-1.0,0.3333333333333333,0
MLYI6HOZ,Miners fight is on the field! Pregame is being learned fast! #MMR #UTEP,0.0,1.0,1
YRR2WZ3N,"""<user> threat to bar unvxd kids from school, measles epidemic spreads. <url> &amp; antivax guy sez wait, not enuf cases",1.0,0.6666666666666666,2
XCE6636G,"“<user> I didn't mind the vaccine, social security is a ponzi scheme, but the illegal immigration issue is killing Perry.”",0.0,0.6666666666666666,1
ENW8HKT4,Measles Count Reaches 49 in California <url> #scpick,0.0,1.0,1
74TZYKID,Free Back-to-School Immunizations <url> <url>,1.0,0.6666666666666666,2
2Y39NLHP,<user> <user> don't Syrian kids have a valid excuse for not being vaccinated with that whole civil war thing?,-1.0,0.3333333333333333,0
7JBQ8S5U,#900 tweets leggo bout to go on a midnight mountain run #mmr <user>,0.0,1.0,1
862W1E06,"DONT BE STUPID, ASK THE INGREDIENTS IN THE #VACCINATIONS #SIGR <user> <user> <user> <url>",-1.0,0.6666666666666666,0
CCN2E34X,"“<user> On average, people who complain live longer -- Releasing this tension increases immunity and boosts their health.” <user>",0.0,1.0,1
EXERUOX2,Doctors: HPV vaccines can ward off other serious diseases <url>,1.0,0.6666666666666666,2
3WUHQ770,Repeal Immunity for Drug Companies Against Vaccine Injuries <url> <user>,0.0,0.6666666666666666,1
IK8FFY0V,I won 4.00 measles dollars on lottery last night. Spent 20.00. Hell of a way to get rich. Lol,0.0,1.0,1
VZ0O3IDS,It's mostly Europe actually. Measles is endemic in England right now because of idiots. <user> <user> <user> <user>,1.0,1.0,2
G87CPC99,Wash. high school students will need chickenpox vaccine <url>,0.0,0.6666666666666666,1
X5J2T8PJ,"Personal Belief Exemptions For Vaccines Under Fire: A ""personal belief exemption"" can be used by a parent to… <url>",0.0,1.0,1
BG566S3E,"WTG parents who decided not to vaccinate their kids, 5 more measle outbreaks in Chicago.",1.0,1.0,2
P2P0T6HK,Kansas and Missouri rank in bottom half of states for MMR vaccination rates <url>,0.0,1.0,1
NODZLKMZ,this girl repeatedly rose her hand to discuss a controversial matter involving autism and vaccines.,-1.0,0.6666666666666666,0
245MGZAO,Third MMR Dose Well-Tolerated During Mumps Outbreak -Medscape <url> #UniversityVillage #NewYork #NY,0.0,1.0,1
V2RQT6BA,"Update: bronchitis roommate now thinks she has measles. In other news, I'm dropping out of college bc I hate living with this girl.",0.0,1.0,1
VJKX31KJ,Dirt Game... #mmr #photoshop #flyer #dj #dc #dupontcircle #dollarmugnight #budlight #dig #mixmasterrod… <url>,0.0,1.0,1
B670VYZE,"SB550 [Update] In child protective services, further providing for definitions, for immunity from liability, for ... <url>",0.0,1.0,1
TKPFN5F8,<user> #GOP STOP blaming #Immigrants first #Ebola now #measles Which diseases?brought their ancestors? #AINF <url>,0.0,0.6666666666666666,1
F9F1OCN6,"No autism link to vaccines, says large new study <url> vaccinate your damn kids people.",1.0,1.0,2
WA3YKLUN,Baby is getting her vaccine =( hate seeing her cry...,1.0,1.0,2
RL6B1BVA,Dr. Tom Frieden: 'Vaccines can prevent measles from being a disease of the future' <url>,1.0,1.0,2
UTUIUZUR,"<user> If you get a measles shot, this shouldn't matter to you. Oh, unless you wonder If your vaccine isn't working.",-1.0,0.3333333333333333,0
LE8UWEN9,"<user> tonight NewsHour referenced ""measles parties"".  They appear to be an unsubstantiated rumor.  Please correct. <url>",0.0,1.0,1
0R7ZTCTR,<user> i know if you get chicken pox you can eventually get shingles. Any equivalent of that for measles?,0.0,1.0,1
Z37SP2Y5,New immunization requirements in Maryland: Students here in Maryland will be heading back to school in the next... <url>,0.0,1.0,1
6VG99UDS,"Why we didn't vaccinate our child
<url>
#vaccinations #medicine #children",-1.0,1.0,0
1OUPJ4YL,Dr. Heaton says #Rotavirus kills 1/2 million kids worldwide. We have vaccines.  No child should die of diarrhea. #WorldPolioDay <user>,1.0,1.0,2
OLDCPS54,Bill to force parents to vaccinate school children stalls: A controversial bill that would eliminate the right of… <url>,0.0,0.6666666666666666,1
DLS0WVLV,"Man, I can't wait to have my heart broken, it's just like the chicken pox and measles, good to get it out of the way #LonelyLife",0.0,1.0,1
7Y7Q5HH2,MMR Vaccine and Autism: Vaccine Nihilism and Postmodern Science <url>,0.0,0.6666666666666666,1
6J04QZ1W,Silly Hollywood logic: vaccines are bad &amp; dangerous for kids  but Botox is ok.,1.0,1.0,2
10X4HYQI,"For Younger Americans, Measles And Polio Seem Like Distant Threats <url>",1.0,0.6666666666666666,2
CSDHI2AI,"Amid measles outbreak, vaccines for teachers aren't required: While much of the attention in the ongoing measles… <url>",0.0,0.6666666666666666,1
IZFDD2F4,Omg! Still suffering from the repercussions of going to the nature park late in the day. Itchy no-see-um bites. Looks like I have measles!,0.0,1.0,1
J83K5THB,Disneyland Measles Outbreak Highlights The Importance Of Vaccines <url>,1.0,1.0,2
KQMVILYX,Vaccine law arrives as kids return to school <url>,0.0,0.6666666666666666,1
XWD2323R,Autism Scandals and Vaccines  <url>,-1.0,0.3333333333333333,0
NHL836PN,"Associated Press
Toddler dies of measles in Berlin, first death in outbreak
<url>",0.0,1.0,1
HDKR9U3N,"Now just 4 countries where #polio transmission has never been stopped: #India, #Nigeria, #Pakistan & #Afghanistan. #Disease #vaccines",1.0,0.6666666666666666,2
JN0NGKU4,Unvaccinated Students Banned From High School Because Of Measles Scare <url>,1.0,1.0,2
VVAUZNW3,Awww Baby girl woke up with a fever. Long night for mommy and baby #fussybaby #immunizations,0.0,0.6666666666666666,1
4I95AF1W,"Yep,MD's job to inform pts“<user> Biggest measles outbreak since 94, almost entirely in unvaccinated people. <url>",1.0,0.6666666666666666,2
MQ9EH1WS,Study evaluates parents' reluctance to vaccinate asthmatic kids <url>,0.0,1.0,1
N77DFZ8V,"Dude, if you haven't gotten a measles vaccine. Don't travel where it's prevalent then come back here. Gross.",0.0,0.6666666666666666,1
P5PVDG2D,"""vaccinations cause autism!"" shut the fuck up no they do not lol",1.0,1.0,2
GX16XO4C,there's an episode of law and order on about someone who died from the measles and it just really grinds my gears,0.0,1.0,1
DBXPD79A,Im not getting measles! 😳😳😳😂😂😂,0.0,1.0,1
3Q0SRIR9,"When you decide to not vaccinate your child and cause children who are unable to get vaccines sick, youre making risk for everyone malignant",1.0,1.0,2
RIBQCDO1,This Thursday #MMR will be doing their thing once again at #DolceOnThursday hosted by my bi  @ MANY MEN CITY <url>,0.0,1.0,1
FH8BN4IX,"A nice ""ah-ha"" moment. I'd be alright doing the scrappy #startup thing for ages. This results in a nigh-immunity to risk .. a joy in trying.",0.0,0.6666666666666666,1
JNGE9PW9,& before y'all start thinkin some crazy it's just a vaccination shot for chicken pox & measles or some shit.,0.0,0.6666666666666666,1
E67OAXRC,Health Department Issues Statewide Measles Alert: NORTH TEXAS (<url> – State health officials... <url>,0.0,1.0,1
GWYQYH4X,"Dear #AntiVaxxers:
Whatever you're worried about, it's not worse than the measles. Shut up. 
Sincerely,
Everyone",1.0,0.6666666666666666,2
VMZNBP7E,<user> Mandatory Cooties Vaccination #KidLegislation,-1.0,0.3333333333333333,0
HK43EYLX,Children receive vaccinations before school: It was almost a month before school starts and 7-year-old Olivia Ma... <url>,0.0,0.6666666666666666,1
RF616YWY,Texas Republican Calls For Limiting Vaccine Exemptions <url>,1.0,0.6666666666666666,2
XFHW00IA,<user> Why is it fair for #antivax taxpayers be denied enrollment? (tax$ support schools &amp; the Vaccine Injury Compensation Program),-1.0,0.6666666666666666,0
RBCHUSK7,"""<user> ALERT: 14 infants are now under quarantine after child in Santa Monica day care contracts measles. (<user> <url>",0.0,1.0,1
16M96G8U,“<user> Where measles cases are reported and how the current outbreak compares <url> <url> #Vaccinate,1.0,0.6666666666666666,2
TV1EGQ1E,"I just added a Drinks highlight @ Single Brothers in Winston-Salem, NC <url>",0.0,1.0,1
KX034WEQ,“<user> People who complain live longer. Releasing tension increases immunity and improves overall health.” Well this is good news,0.0,1.0,1
E5DHQTAE,Right wing nutjob aunt sent me an email about autism and vaccines and my reply probably is enough to get me uninvited to family dinners.,1.0,0.6666666666666666,2
NU6WPMZ6,Why is there an actual debate on vaccinating your kids? It’s a no-brainer. Like calling 3 running plays from the half-yard line.,1.0,1.0,2
J2QS1ZZX,can vaccines cause autism? educate yourselves —&gt; <url>,1.0,0.6666666666666666,2
X5M87YT7,Gov. Jerry Brown Signs Strict School Vaccine Legislation: The bill strikes California's personal belief exemption… <url>,0.0,0.6666666666666666,1
KDJCLA3M,Now this... #mmr #madhatterdc #midtown #mixmasterrod @ MixMasterRod's Upstairs Lounge <url>,0.0,1.0,1
ZWEP2IL4,Health district offers no-cost immunizations for uninsured children: The Southern Nevada Health District if... <url>,1.0,0.6666666666666666,2
T8DMQ3XJ,"Deputy Director, Enteric and Diarrheal Diseases - Enteric Vaccines, Seattle, WA, United States <user> #jobs <url>",0.0,1.0,1
Q3AP58WG,"2nd TB test, done ✅
MMR vaccine, done ✅ 
CPR card ✅ 
I just need my license 👏",1.0,1.0,2
FDJ4PLKR,Vaccine Study Supports Immune Targeting of Brain Tumors <url>,1.0,1.0,2
KLNYMAPW,Getting our immunizations for our trip to Bolivia. Staring to get excited ! (@ Kent County Health Dept) <url>,1.0,1.0,2
VPG8U0LK,"""<user> U.S. Media Blackout: Italian Courts Rule Vaccines Cause Autism -  <url> #mybodymychoice",-1.0,0.6666666666666666,0
2QAOYO2I,"<user> Grampy, why did you say that? Don't bring me measles that's just what I don't need now!",0.0,1.0,1
B8FZEJKO,"If you shopped at the #Gilroy #Costco Jan 18 4-6pm, you may have been exposed to #measles #KTVU <url>",0.0,1.0,1
AEHUTO40,<user> you are exactly right I don't know what this paranoia is that people have against vaccines they're paranoia is killing children!,1.0,1.0,2
WG1H4W48,<user> jude's character is relevant-- just like Jenny McCarthy is going around telling people not to vaccinate their kids...,1.0,1.0,2
23WURZ6E,"<user> <user> of the people that have recently have the measles, how many were previously vaccinated?",0.0,1.0,1
9KF8DVI3,Human Trials of an Ebola Vaccine Launch: The National Institutes of Health and GlaxoSmithKline are launching the... <url>,0.0,1.0,1
DZ9OBQXM,Cambridge's Takeda Pharmaceutical Co. Ltd. is joining the campaign to develop a Zika vaccine <url>,0.0,0.6666666666666666,1
EP5YTZUY,Several Disneyland employees diagnosed with measles: The happiest place on Earth just got a bit sadder for some of… <url>,0.0,0.6666666666666666,1
CGMEC3KC,"<user> I had blood work this morning bc of a bad batch of vaccinations I had as a child, and I just slept for 4 hours. How's that?",-1.0,0.6666666666666666,0
A68Q945L,Measles outbreak changes game for Bay Area hospitals <url>,0.0,0.6666666666666666,1
CAFYLA4H,better get your kids vaccinated so they don't catch these hands.,1.0,1.0,2
92LJEJLB,I may not be a parent but with where I work it just makes me so mad that a parent refuses to vaccinate there child simply because they may,1.0,1.0,2
JVUK8R90,"CDC: A propaganda agency for the drug companies? Neurosurgeon Exposes Vaccines, CDC, FDA and Scien…: <url>",0.0,0.6666666666666666,1
M1FJ55XV,"<user> She's the baby-killing bitch who led the anti-vaccination movement, based on a study that fraudulently linked vaccines to autism.",1.0,1.0,2
XYLS848C,"Poor Santa Monica Baby, Too Young For Vaccine, Gets The Measles <url>",1.0,0.6666666666666666,2
UPPJ4V4L,Measles and Ebola? That's what happens when our president weakens our borders and lets unvaccinated people into our country,1.0,1.0,2
M904GGC8,I wish both teams could catch the measles from Disneyland; hate both of these #SuperBowl teams.,0.0,1.0,1
5VVXFCWQ,Epidemiology tidbit: the Coolio vaccine successfully eradicated the public health menace in 2002.,0.0,0.6666666666666666,1
2NW6RIPT,"<user> thread's public, but I respect your pov not to get involved. It's impossible to have friends who died of measles last decade",0.0,0.6666666666666666,1
V9X4ZPIO,<user> mmr ain't worth shit i heard they don't pay good &amp; no per diem,0.0,1.0,1
4RIRAA5G,SOLS (school of life sciences) <user> seminar: three speakers discussing vaccines.,1.0,0.6666666666666666,2
6RLIZ6L8,<user> <user> <user> <user> <user> nah lol I think MMR makes some pretty badass stuff along with Manley good brands,0.0,1.0,1
Q6HXP0SC,"""<user> On average, people who complain live longer -- Releasing this tension increases immunity and boosts their health."" Damnright",0.0,0.6666666666666666,1
F42T2LO8,California governor signs strict school vaccine legislation: Gov. Jerry Brown wasted no time Tuesday in signing a… <url>,1.0,0.6666666666666666,2
RV2VNISO,"Search vaccine opt-out rates for Texas schools, districts <url>",-1.0,0.3333333333333333,0
P6VN53TL,When I have children they are getting every vaccine needed.,1.0,0.6666666666666666,2
UAQ8YA9C,Makes me so sad that some parents are so ignorant and don't vaccinate their own kids and put other kids in danger..😕,1.0,1.0,2
DVKH8JCY,<url> my 15 day old son may have measles,0.0,0.6666666666666666,1
03RYUCZB,better get your kids vaccinated so they don't catch these hands,1.0,0.6666666666666666,2
HLYTI9OS,<user> that is the differences I personally can testify to in a world pre and post childhood vaccines. We don't want to go back.,1.0,1.0,2
GP7ZYEHN,My arms are dead after those four vaccine shots this morning.,1.0,1.0,2
5268Y0AC,"<url>
Everything you want to know about the Measles.",1.0,0.6666666666666666,2
9DP9O3XD,<user> lol no ur not I'm pretty sure it was mmr and varicella dose are the vaccines that have that reaction but its normal,1.0,0.6666666666666666,2
DGSFGFWI,I'm terrified of germs to begin w/&amp;worrying about Ebola and catching the measles now...omg!! Every time I sneeze I worry..lol,0.0,1.0,1
PQM3R02B,"<user> That's not sick, that's a death sentence from a complication of measles. Answer the question.",0.0,1.0,1
UTYJ8VNA,"“<user> ""<user> <user> Children crying. Vaccine. Needle.""+ Thx luv” My pleasure. :)",1.0,0.6666666666666666,2
PEBBTNPI,VACCINATE YOUR GODDAMN CHILDREN.,1.0,1.0,2
OJXXI7UA,"<user>  MS parents are fighting to have a vaccine waiver &amp; philosophical exemption for their children. 
<url>",-1.0,0.6666666666666666,0
KU8LO3WT,Don't think just cause you got the flu shot your safe from getting it.  I got the vaccine in September and am now suffering with the flu,1.0,0.6666666666666666,2
K2WS87GE,Seriously just vaccinate your kids,1.0,1.0,2
F6YUD60P,The Measles Outbreak and the Precautionary Principle  via <user> <url>,0.0,0.6666666666666666,1
KLIWX9FC,Why measles should be the thing that freaks politicians out <url> <user> <user> #USlatino <user>,1.0,0.6666666666666666,2
E75D4ZKQ,"White House: Science indicates parents should vaccinate kids: Amid the measles outbreak stemming from California,… <url>",1.0,1.0,2
NSVUMKGQ,"<user> Deborah, has anyone died from measles this season?  We all had it early 50's; we were not in the news!",0.0,1.0,1
J9V3YC07,“<user> On average people who complain live longer Releasing tension increases immunity and boosts health” Wassup bitches Gon liv 4ever!,0.0,1.0,1
RX36692S,#hearthiswell #BigPharma #CDCwhistleblower our innocent babies were #VaccineInjured knowingly by u we will #NeverGiveUp #truth #justice,-1.0,1.0,0
DLQN6H0T,COOL ---&gt; Medical Group Digs Up 50-Year-Old Measles PSA | NBC Southern California <url>,1.0,0.6666666666666666,2
VZE4IB4Y,N.C. aiming to require meningitis vaccine for school: North Carolina?s public health rulemaking body is closing... <url>,1.0,0.6666666666666666,2
J23WH6L6,Vaccinate your goddamn kids.,1.0,1.0,2
RRRBNT1J,"Autism awareness day. Remember vaccines do not cause autism.  Vaccinate ur autistic child, and make a point of loving them. #autismawareness",1.0,1.0,2
SW8FMUSJ,"Great. ""<user> One unvaccinated child started a 20-state measles epidemic: <url>",1.0,1.0,2
YENLR7O0,"#KellyFile <user> article today states that ""nearly every state requires measles immunization for school entry"" Should that change?",0.0,1.0,1
J2LVV27V,AIDS vaccine created at Oregon Health &amp; Science University may clear virus from body - <url> <url>,1.0,0.6666666666666666,2
NMN1UJGS,Reading this paper about meningococcal vaccine junk n this start to scare the hell out of me #RealTalk,0.0,0.6666666666666666,1
AJZHJVS9,"When it comes to the family, IT'S ALL LOVE!!! #WeOnTop #MMR #MeanBoy #MBS #SquadUp <user> <url>",0.0,1.0,1
9RX21364,New vaccinations required for Maryland students when school year begins: New vaccinations will be required for... <url>,0.0,0.6666666666666666,1
6MKACF23,Editorial: Remove 'philosophical' exemption from vaccine requirements for school entry: Michigan is in danger of… <url>,0.0,1.0,1
SBU7LKPT,Health officials in Loudoun &amp; Fairfax say person w/measles went to places largely along 50 in Chantilly &amp; South Riding,0.0,0.6666666666666666,1
78DHV7IX,"<user> <user> the immunity is for her truthful testimony, she's got herself in quite a spot! Should be fun to watch 👀",0.0,1.0,1
C5EMIT1T,"wtf I look like I have fuckin measles, what a good way to randomly wake up!!",0.0,1.0,1
28VFX8X5,Spirit of Pisgah 2014 #teamdundee #gravel #mmr @ Loess Hills State Forest <url>,0.0,1.0,1
N9ZMIKWG,"I'll most def be filling out the ""Personal/Religious Exemption"" section of this immunization form to avoid getting a shot. Who wouldn't? 😬💉🚫",-1.0,0.6666666666666666,0
BEQGM8BW,"WHY IS VACCINATING YOUR CHILDREN A PROBLEM RN
VACCINATE YOUR DAMN KIDS",1.0,0.6666666666666666,2
HZ1KH1DK,Three Babies ‘Cured’ Of HIV After Being Given Vaccine After Birth  via <user> <url>,0.0,0.6666666666666666,1
SL8QLWE5,5 children at Illinois day care diagnosed with measles <url>,0.0,1.0,1
AQ2LQMRV,“<user> New study adds to evidence that CDC immunization schedule not linked to autism. <url> [PDF]” #fb,1.0,1.0,2
VQV1AT2I,EV-D68: Vaccinated Children Could Be More Vulnerable <url> via <user> <user> #novavaccines #CDCwhistleblower,0.0,0.6666666666666666,1
0R6SCQ5X,"I'm a busy bee. Getting my MMR titers drawn. (@ Labcorp in Henderson, NV) <url>",0.0,0.6666666666666666,1
VTMR5X2I,Vaccines never caused autism until someone said they did. think about that.,1.0,0.6666666666666666,2
VQU7G7GQ,"People who think vaccines give children autism are stupid.
And gullible.
And I feel bad for your future kids.",1.0,1.0,2
NP8KX9EY,"<user> <user> Ppl Need 2 Immunize Their Kids. Do Research. Most Diseases WORSE THAN INOCULATION. STOP This Misguided Insanity, Shots!",1.0,1.0,2
UM2VA8NO,"“<user> On average, people who complain live longer -- Releasing this tension increases immunity and boosts their health.” Ooop",0.0,1.0,1
N932RYSF,Documentary Targeting Preservative In Some Vaccines Premieres In Hollywood <url>,0.0,1.0,1
R5S8515G,"<url>
My one family with measles reconsiders their anti vax position.",1.0,1.0,2
E7G05GZ4,"<user> I'd like to see a ""x% vaccination compliance"" poster on display at schools/childcare.",1.0,0.6666666666666666,2
3BYSVISE,Measles Outbreak Highlights Vaccine Debate <url>,1.0,0.6666666666666666,2
87QCWX3I,"“<user> UK: #Measles cases spreading at 'alarming' speed, warn health chiefs <url> thank you anti-vaccers",1.0,1.0,2
MR7U74OA,"Overheard. ""I've never had the mumps or German measles"". Congrats?",0.0,1.0,1
UEP0Y8XF,LATEST: Measles test negative for one of two in isolation: Portage County health officials say the test result for… <url>,0.0,1.0,1
NDZKVIJ5,"<user> right, but forcing vaccination on non-allergic kids protects the ones who can't take the vaccine, but eradicating disease",1.0,0.6666666666666666,2
A20E6I3V,“<user> true! The measles comment-not mark z-can't control that one! <url>,0.0,1.0,1
Z4WGWPQM,"No no no yo mejor me boy de aki' ete #Mmr me tiene loko' 

#DileTuuuuuuu",0.0,1.0,1
72R9TI1D,"Measles PSA urges vaccines: The 30-second spot, developed with the support of the Big Cities Health Coalition,… <url>",1.0,1.0,2
E0Y0NY8Y,"""<user> It's that time. <user> #FaceMeltFriday taking over MMR right now: <url> <url>",0.0,0.6666666666666666,1
GT0UJ8B6,So sick it's pneumonia! H1N1! That measles! RT<user> Just came up w/ a sick Idea,0.0,0.6666666666666666,1
LEV7P95S,#Syrian children are asking #Santa to drop barrels stuffed with bread &amp; #Polio vaccine instead of TNT &amp; shrapnel #SaveSyrianLives <user>,1.0,0.6666666666666666,2
4F3XQO7P,Scary stupid. <user> Chris Christie has come out in support of parents who choose not to vaccinate their kids: <url>,-1.0,0.3333333333333333,0
O9LDFWTL,<user> <user> <user> Don't get me wrong-not fond of pharma-but most vaccines been successful &amp; safe-billions vaccinated,1.0,1.0,2
I59IIVW4,I don't understand how people don't vaccinate their kids <url> #measles #vaccines,1.0,1.0,2
IJKR1HVZ,"Measles used to put cancer into remission
<url>
#Amazing what #science can do!!!",0.0,1.0,1
L2TIWPQD,NEW: Bexar Co. District Attorney Nico LaHood: 'Vaccinations can and do cause autism' by Brian Chasnoff <url>,-1.0,1.0,0
JAA3PQNE,"100+ HPV types,vaccine protects against a few that can lead to cancer. RT<user> HPV vaccines are recommended for children 11-12.""",1.0,1.0,2
RRUZRTKP,<user> <user>  I don't have measles,0.0,1.0,1
OFKTAF5G,<user> <user> being in health care I feel it is the responsibility of everyone to get their #vaccinations.,1.0,1.0,2
QTWX82KI,<user> Maybe he or she has measles.,0.0,1.0,1
11WKLAB6,Data does not support the parental fear that HPV vaccination gives permission for children to be sexually active. #ONSCongress #vaccinate,1.0,1.0,2
3NJEXM9H,Buncombe parents are seven times more likely say no to kids’ vaccines for religious reasons <url> via <url>,-1.0,0.6666666666666666,0
KY6DMG7W,NJ could make it harder to opt-out of vaccines: More and more New Jersey parents are citing religious exemptions as… <url>,0.0,1.0,1
YMEBSR85,<user> VACCINES DONT CAUSE AUTISM,1.0,1.0,2
90ET0BA1,CDC - increased cancer risk from polio vaccine <url>,-1.0,0.6666666666666666,0
M406FG1C,Baby with fever &amp; diarrhea from vaccinations = lots of BF'ing today. Which explains why I just inhailed a whole pizza. #starving,0.0,1.0,1
IPIWKAAA,The World Health Organization certified that smallpox had been completely eradicated on this day in 1979.  #vaccination,1.0,0.6666666666666666,2
KRT0CSEB,Blowin' Out The Speakers madhatterdc #mmr #mixmasterrod #dc #dj #dmv #washingtondc #connecticutave… <url>,0.0,0.6666666666666666,1
7Z82FKJB,"Measles are at an all-time high in the US for the first time in the 20 years. Get your kids vaccinated, yo. #ItWillNotCauseAutism",1.0,1.0,2
7OZ1U0W6,Health Officials: It’s Not Too Late To Get Flu Vaccine: By Steve TawaPHILADELPHIA (CBS) – Philadelphia health... <url>,0.0,0.6666666666666666,1
P3D5M40E,"“<user> For the first time in almost 4 years, someone in California has died from whooping cough -a 6-month-old baby"" #VACCINATE #savealife",1.0,0.6666666666666666,2
HPFDO75X,Paul Shepard suggests infants putting things in mouth may be immunizing selves against local bacterial fauna #MOOutdoorSummit,0.0,1.0,1
2N4XZ2WE,"Your children do Not need any vaccines , don't believe the lies, they kill.",-1.0,1.0,0
4SERFCJ0,<user> you don't deserve 3.2k mmr,0.0,1.0,1
Y0ZRYAHN,"Heh. ""<user> I vaccinated your baby while you were at hot yoga”",1.0,1.0,2
KWVN8OOS,"These organic food eating,diaper cloth, no drinking real milk, no vaccinating moms scare me straight up.",1.0,0.6666666666666666,2
H8PTIU1F,Steps to prevent your kid from horrific disease if you don't want to get them vaccinated: 1) Vaccinate them anyway.,1.0,1.0,2
8EWZTFZJ,Vaccination Records for Kids <url>,0.0,0.6666666666666666,1
WBN7N8UK,"Trial confirms #Ebola vaccine candidate safe, equally immunogenic in Africa <url>",1.0,0.6666666666666666,2
0COTS8JW,“<user> who complain tend to live longer. Releasing tension increases immunity and improves overall health.”i complain a lot,0.0,1.0,1
1DVJ4M7F,"#goingbackwards ""<user> BritCol. worst #measles epidemic  "" thanks to unvax'ed kids <url> <url>",0.0,0.6666666666666666,1
4J49MFLL,<user> we gonna fry mmr this weekend???,0.0,1.0,1
QPJ6M6TE,“<user> JUST IN: #Measles case reported in #LancasterCounty #PA DETAILS: <url> <url>,0.0,1.0,1
I14IKFRG,Boosting Immunity And Overall Health With Affordable Supplements: In order to keep your immune system operating ... <url>,0.0,1.0,1
BG1P568F,"Some ppl just sit down , mix some concussions and release  deadly disease into the world just to make money off the vaccine sales",-1.0,0.6666666666666666,0
CDMFX7O1,<user> We have been finding over the last 5 years that it is this combination of Head/Neck Injury & Vaccines=worst case scenario of ASD,0.0,0.6666666666666666,1
CYBPQ6RY,<user> BTW what moron needs proof that vaccines work? And that without them disease would spread? #derp,1.0,1.0,2
GLCYSO8P,I hope <user> gets his measles vaccine before venturing into Ohio.,0.0,1.0,1
VYEA1S7W,<user> <user> Get your children vaccinated.,1.0,0.6666666666666666,2
EAMOKKL3,Unvac student exposed thousands to measles in CA. Danger to immunocompromised and those too young for the vaccine. <url>,1.0,0.6666666666666666,2
LER88GRL,"<user> <user> It's also not an argument. Vaccinations are a HUGE government money maker...not for our well being, BS based in lies.",-1.0,0.6666666666666666,0
B59FBEV1,Seward-- 1 in 12 children in the US age 2 years not vaccinated for measles <user> #measles2015 <user>,0.0,0.6666666666666666,1
IQPDOKA7,a baby just died in nc bc of whooping cough..so glad most ppl in dustin's &amp; my family have already gotten the vaccine! #gottatakeprecautions,1.0,1.0,2
DPCXLKEF,Children's Museum of Houston to Offer Free Vaccinations <url>,1.0,0.6666666666666666,2
S895T1KH,"studies have shown that laughter can help relieve pain, bring greater happiness, and even increase immunity. 

#health",0.0,1.0,1
RGYGHGQD,<user> #chairmanRogers is lying and spreading fear needlessly. Foreign children are inoculated for measles more than Americans.,1.0,0.6666666666666666,2
NSSJBULZ,<user> <user> but Andy this dr believes in you. Research is needed to refine harmful ingredients from vaccines,-1.0,0.6666666666666666,0
6K4SSHSR,Baltimore Health Dept. Confirms 12-Month-Old Does Not Have Measles <url>,0.0,1.0,1
RY50QNJC,"Court: Andrew Wakefield, autism researcher, cannot sue in Texas: Andrew Wakefield, who was stripped of his... <url>",0.0,0.6666666666666666,1
ONFLHPP5,Local community members fight for right to exempt children from vaccinations: Yinan Su/StaffAs a bill to mandate… <url>,-1.0,0.6666666666666666,0
WNJ1NRMJ,2 children + 8 immunizations = 5 minutes of screaming + tears. #thingsIneverwanttodoagain #parenting,1.0,1.0,2
2PB2WCUP,4 yo gets a #measles booster before trip to #Disneyland. He's not too thrilled (about the shot). #MeaslesOutbreak <url>,1.0,1.0,2
WI4N8GMD,"I believe in #vaccines to prevent childhood diseases, but not #flushots.",1.0,0.6666666666666666,2
CDGDGF8U,"Don't judge us, it's just metal! Love the HOB!  #damageinc #hobanaheim #mmr #madmusicreview @ House of… <url>",0.0,1.0,1
CPV4XMLV,What I'm drinking today. hoping the Blue-Green algae boost my immunity and help with this muscle fatigue. #health # <url>,0.0,1.0,1
EJ56KRA3,"Rylan's check up and vaccinations. :( (@ Children's Health Center in West Reading, PA w/ <user> <url>",1.0,1.0,2
GNUM5M02,<user> <user> But some  vaccinated  are at risk <url> <url>,1.0,1.0,2
G1GCF1NW,“<user> #TheHills Kristin Cavallari refuses to vaccinate her kids because of autism concerns. <url> <user>,0.0,1.0,1
2O0KV8UY,WOOOOOOO! FUCK ALL OF YOU WHO DIDN'T VACCINATE YOUR KIDS!,1.0,1.0,2
79VAU775,"Probably more ""glamorous"" diseases to tackle, but potential malaria vaccine is huge!  Enormous number of lives could be saved worldwide.",1.0,0.6666666666666666,2
MKPXFR9X,<user> Think it's been proven time &amp; time again that vaccination isn't the problem re: Autism spectrum.,1.0,0.6666666666666666,2
B5SYRGOQ,I can't believe my MMR used to be plat III and now it's gold IV,0.0,1.0,1
3K32N7C4,".<user> R u comfortable saying all vaccines are SAFE, don't cause ANY serious side effects? This is not true &amp; U know it.#CDCwhistleblower",-1.0,1.0,0
GQERAS4A,"White House: Science indicates parents should vaccinate kids: Amid the measles outbreak stemming from California,… <url>",1.0,1.0,2
8EYRM6A5,Denton County officials urge residents to get measles vaccine: More than 16 cases have been confirmed around... <url>,1.0,1.0,2
8DSTPIIF,Kids Diagnosed With Measles At Suburban KinderCare <url>,0.0,1.0,1
J42C7VC7,This article outlines the details about vaccines the CDC recommends for young children: <url>,1.0,1.0,2
AE67TGUO,SMDH. RT <user> This is not from a measles shot. <user> Your small pox vax scar pattern is most typical among African Americans.,0.0,0.6666666666666666,1
KH3UTD0X,<user> <user> <user> <user> <user> No 1 has died of measles in USA since 2005!,1.0,0.6666666666666666,2
CWKA8IEK,"<user> ZOMBIE ALERT: New Ebola vaccine is the ""its inside all of us"" from The Walking Dead #TheWalkingDead  #ZombieApocalypse",0.0,1.0,1
9O3AV85A,<user> I live everything I need to know about vaccines every day. My son's struggle to overcome his vaccine injury is is on-going.,-1.0,0.6666666666666666,0
8IUNCOXD,#GOPObamaCareReplacement exposure to disease to build up body's immunity,0.0,1.0,1
LMNHVZ3Z,Disneyland measles outbreak reaches Mexico <url>,0.0,1.0,1
GXNNM3MC,I wonder if anybody would care about the children of Palestine if there were a measles outbreak there. #BDS #Palestine #vaxxer,1.0,0.6666666666666666,2
CGQ5A4SR,<user> but dont vaccines give kids autism? #sarcasm,1.0,0.6666666666666666,2
B9OTD916,"I don't know who are the bigger morons, the ones who refuse to get a measles vaccine or those who blame it on immigrants.",1.0,1.0,2
2CISWC47,"Though Rand Paul has views I agree with, he is DEAD WRONG about vaccines. They are a proven defense against disease.",1.0,1.0,2
IBTVBMDR,Penn and Teller take on autism: why it's not linked to vaccinations. #autism #vaccines #PennandTeller via <user> <url>,1.0,1.0,2
7UTBU3L3,<user> has measles,0.0,1.0,1
VCYXR47S,Hey Pro-Vaxxers I have it on good authority that laughter is the best medicine! No Polio or Measles for me!,-1.0,1.0,0
16EO7SOO,<user> except the vaccine is doing the harm. All the deaths in Texas are from people who got the shot.,-1.0,1.0,0
0DCTR0U9,&quot;<user> RT <user> CDC recommends #HPV vaccination for boys: <url> #cancer&quot;,1.0,1.0,2
03VOXO22,<user> <user> no measles talk?,0.0,1.0,1
4VGCVJ1O,"""More people need to be armed. It's like vaccinating a societal disease of crime"" -Rando Hick #thingsoverheard #wut #thisisnotthesouth",0.0,1.0,1
0BH6KCNG,"<user> <user> it's some risk, but USA has a vaccine they are testing and have been preparing for ebola since the 90s. Stuff the",1.0,0.6666666666666666,2
4CGUXCJD,"""<user> California measles outbreak fueled by parents who failed to vaccinate children <url> no shit",1.0,1.0,2
T61K8FTQ,"#InitialsOfPeopleThatMeanSomething DJN , MMR , AMM , TSW , JAB #NotVeryMany #OhWell #FeelSpecial",0.0,1.0,1
CLRDF457,"Nope. Unnecessary. ""Five Infants From Palatine Daycare Center Diagnosed With Measles <url> <url>",0.0,0.6666666666666666,1
0ZNL5HLV,My parents think vaccines cause autism. I feel like I'm in a zombie movie and Jenny McCarthy is Patient Zero.,1.0,0.6666666666666666,2
K7SMD3VA,two dozen measles cases tied to Disney theme parks: <url> <url> protect your kids! Fucking anti-vaxers,1.0,1.0,2
YE3XBETB,Thanks #antivaxxers MT <user> 155 measles cases in Ohio; up from 68 on May 13. 20 cases per day this week <url>,1.0,1.0,2
56GU2QFM,"AP Disney gave input on measles health messages: As the measles outbreak spread last month, Disneyland executives… <url>",0.0,1.0,1
4W2K6FAQ,<user> mmr vaccine? Hahah,0.0,0.6666666666666666,1
12JJECAS,<user> brought up a great point this morning I hadn't considered. Illegals come to this country w/o vaccinations &amp; with diseases.,0.0,0.6666666666666666,1
JWNNK3J2,"<user> and all those vaccines that they give us, has like a whole bunch of diseases 😷",-1.0,1.0,0
KPPXO9TB,It is crazy that #POTUS and other officials still have to call on parents to vaccinate they children. Are we in the 21st century? #HealthYea,1.0,1.0,2
SOI1HZI1,Get your fucking baby vaccinated damn,1.0,1.0,2
II28SGKT,<user> STOP blaming #Immigrants first #Ebola now #measles Which diseases?brought their ancestors? #AINF #racism <url>,-1.0,0.3333333333333333,0
DKS73TZJ,"How do you feel about parents who don't #vaccinate their kids?
<url>
#MeaslesOutbreak",0.0,0.6666666666666666,1
3V7PSM0X,#power #control and greed harmed our future generation #stopthemadness and #b1less #vaccine injured #CDCWhistlebower demand #truth,-1.0,0.6666666666666666,0
E3303EME,I'm 100% thinking of devoting my career to proving autism isn't caused by vaccines due to the IDIOTIC posts I've seen about World Autism Day,1.0,1.0,2
R68QDT9C,"So you get whack jobs spouting craziness ""there is no global warming"" or ""it's not caused by human activity"" ""vaccines cause autism...""",1.0,1.0,2
58ZR9CM0,<user> Measles have hit Arazonia just in time for super bowl,0.0,0.6666666666666666,1
8UKKISQA,I've seen what vaccinations can do to kids so now I'm in different about them 😩,-1.0,1.0,0
TE5ZSELL,Hey Now...<user> #mixmasterrod #follow #madhatterdc #mmr  @ MixMasterRod's Upstairs Lounge <url>,0.0,1.0,1
IM888TGJ,"<user> <user> <user> bad science raised unfounded suspicions re vaccines, esp 4 children &amp; young adults. Hope truth wins.",1.0,1.0,2
WJMTT92O,"<user> because they're fucking stupid, not taking vaccines and believing every conspiracy theory out there. Ugh I'm mad now",1.0,0.6666666666666666,2
AXSS7GZQ,<user> Not vaccinating your kid makes you an idiot?  Well an idiot with a non-autistic kid. You're a moron.,-1.0,1.0,0
PPPCJ9DK,A baby was born on the J train this morning. Can we safely assume that it has immunity to all diseases that affect humans and rats?,-1.0,0.3333333333333333,0
U6Y2PY00,Disneyland asked officials to say park was safe during measles outbreak: Disneyland executives sent emails to… <url>,0.0,1.0,1
QRB5HV77,What kind of moron doesn't vaccinate their child? Just ignorant.,1.0,1.0,2
YX10ZW71,Sadly I'd much rather have a child grow up with autism than risk my child to a fatal measles outbreak! #VaccinateYourKids <user>,1.0,1.0,2
QK5Y1ZWX,Don't let the schools tell you to vaccinate your children,-1.0,0.6666666666666666,0
XOFBT7VR,BART Riders Commuting to San Francisco Possibly Exposed to Measles After Patient Rides Train: BART riders commuting… <url>,0.0,1.0,1
OB9VZZN4,I hope when the Patriots go to Disneyland with they all get measles,0.0,1.0,1
DLFMACKH,via <user> How A Claim That A Childhood #Vaccine Prevents Leukemia Went Too Far <url>,-1.0,0.3333333333333333,0
DDNZZCGG,"If your child isn't vaccinated, please do the right thing and keep it the hell away from me",1.0,1.0,2
LW13BERD,Free Back-to-School Immunizations in Irving and Dallas <url>,1.0,0.6666666666666666,2
VWQDECYR,MEASLES! !!! $#!;:#! measles? Why is vaccinating your kids a debate?,1.0,1.0,2
O0BUBX2R,I bet our culture and society do more to induce autism than what some people claim vaccines do.,1.0,0.6666666666666666,2
BHKBZKOJ,#measles outbreak: parents should vaccinate children lest they contract Michelle Bachmanosis or Sarah Palinenza. Both cause severe stupidity,1.0,1.0,2
Q90VNS4U,"New law will give immunity to volunteer medical workers: Doctors, nurses and other health care providers will have… <url>",0.0,1.0,1
I568MCJ1,I'd rather be at Disneyland getting measles rn <url>,0.0,1.0,1
DMNUNNBO,😎 x you cool and I still want a MMR sweatsuit 😂👌,0.0,1.0,1
RYEONY2A,<user> <user> . Me and my wife don't vaccinate our children. I agree Dr. Mercola,-1.0,1.0,0
I4D043ST,<user> esp when mercury free vaccines are available,1.0,0.6666666666666666,2
8E1XBZXG,<user> measles? I'm no where near Disneyland! #badjoke,0.0,1.0,1
XBE0FK7T,"<user> If you really to worry, think measles, flu, and drug resistant TB in NYC, not about imaginary Ebola infected vomit on subways",0.0,1.0,1
VTRN0SXP,"<user> Knowing HPV exists is one thing, what to do about it's another. Really push children to get HPV vaccine so this test neg",1.0,0.6666666666666666,2
5KDOWBMS,<user> don't vaccinate your children,-1.0,1.0,0
7V2HKAZY,<user> Fortunate to not have a child who was perfectly normal until vaccinations &amp; sudden autism takes over w/no other explanation.,-1.0,1.0,0
OV5IIXQA,“<user> The ethical negligence of parents who refuse to vaccinate their children <url> #vaccineswork #vaccinations,1.0,1.0,2
2AFA5M4B,<user> you have measles?,0.0,1.0,1
EL6781VT,A little vaccine in my coffee = extra measles coverage for me. @ Town &amp; Country Pediatrics <url>,0.0,0.6666666666666666,1
D2MZCRC1,"all I wanted was an opportunity, a bad bitch, and some immunity to keep a nigga safe from them snakes!",0.0,1.0,1
2KMLJS05,"<user> as befits a virus with an R factor of 2-3. Now, let's talk about measles... Or the Flu...",0.0,1.0,1
Q7YHLAG8,RT <user> Boy Recovers From Autism By Removing Dairy &amp;amp; Gluten. Strong Evidence Links Vaccines to Autism <url>,-1.0,1.0,0
8FJLUA0X,<user> do you hate everyone because you were vaccinated as a kid?,-1.0,0.6666666666666666,0
U1PWYBOO,"“<user> More parents asking doctors to delay vaccinating children, study finds <url> <url> so dumb. 👊",1.0,0.6666666666666666,2
AGW7WAF4,In '14 some in US indulged in unfounded #Ebola fears; meanwhile 1000s of anti-vaxxers have left us open to epidemic of preventable #measles.,1.0,0.6666666666666666,2
6P871TML,"<user> Sad about measles cases, of course. Could thousands with #statins AEs  been avoided by a genetic test? <url>",0.0,0.6666666666666666,1
QFJHILGV,<user> This is the second occurrence I read of vaccines harming children in Syria. Intentional or contamination is the question?,-1.0,0.6666666666666666,0
0DGBV99G,Stuff.co.nz: Pupils ordered home in #measles outbreak. More than 300 people have been quarantined since the start of... <url>,0.0,0.6666666666666666,1
Z6EFX5OL,if you don't vaccinate your kids (unless they're allergic to a vaccine or something but you know what I mean) you are a terrible parent.,1.0,0.6666666666666666,2
2E9VFZQB,"I'm at Mmr Station 24 (Weidman, MI) <url>",0.0,0.6666666666666666,1
6FQUNAM9,Measles outbreak: California bill would end all vaccination loopholes except medical: SACRAMENTO -- In a move that… <url>,0.0,0.6666666666666666,1
E6KKSYIB,Flu vaccine will protect children against influenza but not EB 68,1.0,0.6666666666666666,2
1FHHAN1M,<user> Agreed  <user> can educate on needed vaccines and make sure imm. record is available when getting sports physical.,1.0,0.6666666666666666,2
TYCGNGM3,This Measles Shit💩💩💩✔is 4 The Birds✔✔✔ #✔,0.0,0.6666666666666666,1
5265IEA9,"Risk of paralysis from flu vaccine est. at 2 cases per million doses. However, ONE law firm settled 93 cases in 30mo. <url>",-1.0,1.0,0
RMKJH7GX,Immunization reqirements #SHOTSSHOTSSHOTS (@ Watkins Memorial Health Center) <url>,0.0,1.0,1
9H512NK7,"Migrant kids better vaccinated than U.S. kids, but Fox News stokes ‘germ’ fears anyway: <url>",1.0,0.6666666666666666,2
8NOBC707,"Immunities, baby! (@ Gold's Gym) <url>",1.0,0.6666666666666666,2
5HY6756R,".<user> 1 in 5 children are w/o lifesaving vaccines, pls change this &amp; put #immunizationfirst on the <user> Summit agenda",1.0,1.0,2
GBKY466G,"Wait, wait, I thought it was the #vaccines causing autism? Now it's #Monsanto ? Are we sure it's not #Obama ?
<url>",1.0,0.6666666666666666,2
Y8PQ0BT7,So nervous... The baby's getting vaccines... (at <user> Clinic Southwest) <url>,1.0,0.6666666666666666,2
57LO38LJ,Lmao i was reviewing our pre job analysis and someone put...evacuation point: MMR Trayla (Trailer),0.0,1.0,1
8X7MGFUJ,<user> <user> NOTHING frustrates me more than when people refuse their children's crucial vaccines!,1.0,1.0,2
DRPBBZC8,“<user> what's life without the risks.”,0.0,1.0,1
WGTC916W,<user> Oh no! Did you come in contact with someone w/measles in Cali?,0.0,1.0,1
FMMXP98V,<user> Hahaha foolish child that spray has no effect on me. I have build up an immunity.,0.0,1.0,1
BGKXYQHH,At Cedars Sinai getting travel vaccines for Africa- ahhhh I'm a child when it comes to shots!,1.0,0.6666666666666666,2
53Q49VRW,Children's Museum of Houston to Offer Free Vaccinations <url>,1.0,0.6666666666666666,2
3ZK67VH6,To all the idiot parents refusing to get their kids vaccinated despite the measles outbreak at Disneyland <url>,1.0,1.0,2
SH2894BV,San Bernardino County Lists Sites of Possible Measles Exposure: Nine cases of measles have been confirmed within… <url>,0.0,1.0,1
QQD4SD6A,<user> <user> vaccines have warnings they include #Autism do better research not listen to idiots!!,-1.0,1.0,0
UE88IJUI,<user> You have that disease too ? We need a vaccine ! 💉💉,1.0,0.6666666666666666,2
RZ4WXO29,If #vaccineswork &amp; are safe as advertised then why is the government running a Vaccine Injury Compensation Fund? <url>,-1.0,0.6666666666666666,0
CYO493OD,“People who complain live longer -- Releasing this tension increases immunity and boosts their health.” ...what now? <user>,0.0,1.0,1
UPWAE5FV,People who have had the meningitis vaccine...did you get sick or have any side effects? I'm scared 😁,0.0,1.0,1
UVCQA54C,"Expert Q&amp;A: Childhood Vaccine Safety: WebMD Health NewsBy Kathleen DohenyReviewed by Jennifer Shu, MDFor parents,... <url>",0.0,0.6666666666666666,1
03G7E6FG,I think it's extremely selfish to not get your children vaccinated.,1.0,1.0,2
POXSHLSC,National Infant Immunization Week: Busting Common Myths About Childhood Immunizations <url>,1.0,1.0,2
PW47BC0Y,August is National Immunization Month: Do you know which immunizations your child needs? <url> via <url>,1.0,1.0,2
AQ3LJ9AB,Back at SoBe Come Show Love... #mmr #dmv #dj #instava #va #nattybo #top40 #edm #remixes #fun… <url>,0.0,1.0,1
Y1DIFW2Z,"Pace of new US measles cases slows a bit, officials report: The number of U.S. measles cases this year has risen to… <url>",0.0,1.0,1
E541623N,We should hold parents liable for damages if they don't #vaccinate and they could have. (Allowing for children who can't be dosed),1.0,1.0,2
AZDG9MYZ,RT Lion <user> <user> <user> #OneShotOneLife #Measles <url>,0.0,0.6666666666666666,1
QMO0G7VL,"“<user> With measles cases surging, why are vaccination rates dropping? <url> via <user> bc people r very stupid.",1.0,0.6666666666666666,2
SP8NP6BH,4 Month-Old Infant From Tennessee Passed Away After Given 7 Vaccines <url> they say it's just A COINCIDENCE,-1.0,1.0,0
W8XVE7MZ,“<user> <user> To the Parent of the Unvaccinated Child Who Exposed My Family to Measles <url> /via <user>,-1.0,0.3333333333333333,0
K3ZNHG21,"“<user> Rep. speculates ""illegal aliens"" could be blame for measles outbreak <url> Gov LePage adds HIV #MEPolitics",0.0,1.0,1
XAJYL3OP,still not entirely sure how i feel about getting my kids vaccinated...,0.0,0.6666666666666666,1
GURH4LSF,<user> I'm just amazed this is a debate at all. Nice to live in the first world where vaccines are not a matter of life or death. Yeah?,1.0,1.0,2
RP6CAG7T,Everyone's required to get #cooties #vaccinations  <user> #KidLegislation #PointsMe,1.0,0.6666666666666666,2
UWUP9G61,Basically we have found out that we need to fear the greedy more deeply than previously thought. We have had to rebuild our immunity,0.0,1.0,1
BR937IZO,Promoting #childrensmuseumhouston #immunization initiative on #Telemundo47 #ktmd #telemundohouston… <url>,1.0,1.0,2
CAB0DBSI,"""<user> #UPDATE #CBS3Breaking: Health Department Rules Out Measles In Montgomery County Teen - <url>",0.0,1.0,1
MIE8J9JZ,<user> mmr,0.0,1.0,1
UH81B3RX,O RLY? “<user> Rand Paul: Kids got 'profound mental disorders' after getting vaccines <url> <url>,-1.0,1.0,0
7K5UFJWU,#DYK 1 child dies every 20 sec from a vaccine-preventable disease? <user> works to give every child a shot at life. #vaccineswork,1.0,0.6666666666666666,2
AVKYEFAP,"The Anti-Vaccine Movement Says Measles Isn’t Dangerous. Oh, Yes, It Is. <url> #vaccineswork #vaccinessavelives",1.0,1.0,2
67SUW6IN,"Rand Paul and ""The Truth"" - distant strangers: <url> #RandPaul #lying #falsehoods #fake #lies #vaccineswork #dropout #ISIS",-1.0,0.3333333333333333,0
ZSKVFXVQ,<user> <user> This patient zero for this measles outbreak,0.0,1.0,1
ERE7QW6X,<user> Did you support your way to high mmr? Even in the calibration games?,0.0,1.0,1
OVJDKNFJ,"I just love going to the doctors, i think it's better than Disney. Then again, they both have measles #SarcasticTweet #ICouldBeAtHome",0.0,1.0,1
ASBG7EMC,<user> right no kids died before vaccinations,-1.0,0.3333333333333333,0
LQOXR0WT,MT <user> Measles has affected some states more than others. And rules for vaccinating vary... <url> <url>,0.0,0.6666666666666666,1
UX6AV6YG,"<user> ask the doc why #measles  is called ""measles"" #curious",0.0,0.6666666666666666,1
OUN9U6ZC,Measles detected in California school with high number of unvaccinated children <url>,0.0,1.0,1
C0L0EIY8,"Lol I can't with people who don't vaccinate their children. God isn't going to save them, medicine is  <url>",1.0,1.0,2
JUV233VU,<user> If you care about your children? VACCINATE! Proven For Years! Works with under 1% side effects reported! Don't make them Suffer?,1.0,1.0,2
588KW8QS,"I'm naturally immune.  Next level style""<user> ""<user> Atychiphobia is the fear of failure.""

I was vaccinated as a child""",-1.0,0.6666666666666666,0
L8XZFS21,“<user> 16 people have been confirmed with the highly contagious measles in NYC <url> we've got vaccines people..,1.0,0.6666666666666666,2
90G2WHJ5,Pediatricians urge states to get tough on parents who don’t want to vaccinate their kids <url>,1.0,1.0,2
HUMGHHC1,Shoppers possibly exposed to Measles virus: BELLINGHAM — The Whatcom County Health Department has been notified... <url>,0.0,1.0,1
Z3P15498,"If you ever want me to have your babies, you better be more than willing to have that child vaccinated. #VaccinateYourKids",1.0,1.0,2
88Q5VSUM,NV can do better. Which states are the best (and worst) at vaccinating their kids <url> <url>,1.0,1.0,2
837UIQGW,Plano ISD barred from releasing immunization statistics despite measles threat <url>,0.0,1.0,1
VD2NJMGF,"Plan for the day: make it through Disneyland without getting measles
#AbbyAndGrassAndRatchelAndShel",0.0,1.0,1
N5ZJP1RP,<user> What's been the increase in reported measles and TB for the past five years?,0.0,1.0,1
IRQJVLLV,“<user> Lawmakers Want Tougher Vaccine Exemptions Amid Measles Outbreak (Reuters) <url> good thinking!,1.0,0.6666666666666666,2
S94JJZIY,Oops.  Riding BART this month may give you measles. <url>,0.0,1.0,1
F8GVQ7JH,Grand Rounds on #measles.  So sad that we need to learn more about this due to recent outbreaks.,0.0,1.0,1
BPJKSD58,Health Officials Issue Warning After Measles Case Confirmed in NJ: Health officials in New Jersey are issuing a… <url>,0.0,1.0,1
21JFVNS8,<user> Flip flop much? Don't make parents VAX  kids but #ebolanurse must be q'tined? Way bigger risk for measles spread than Ebola.,1.0,0.6666666666666666,2
6XTJ9JPY,"Shout out to my billet mom <user> for saving lives daily, surviving the measles, and for being in the Navy
#myhero #bejealous",0.0,1.0,1
UR03V01Y,<user> I'm watching the same one. Why would you not get your child vaccinated?!,1.0,1.0,2
2Z18XKQW,A #CNN commentator just said there is a measles case at Baird College. Bet people at Bard are thrilled with this.,0.0,1.0,1
RVEI4HSW,“<user> Is has measles” 🎊,0.0,1.0,1
T408BAE0,"Pence urges Hoosier families to vaccinate kids as measles spreads: INDIANAPOLIS – In a statement released Tuesday,… <url>",1.0,1.0,2
JSSI3B44,"I have the biggest heart for foster children, it saddens me when i give them their vaccines :(",0.0,0.6666666666666666,1
BSXQ54OW,So Jenny McCarthy thinks that vaccines caused her sons autism?! If that's the case then shouldnt anybody who has been vaccinated have autism,1.0,0.6666666666666666,2
H0MFO2LL,Final vaccination and thus closing the book on last year's Amazon rainforest trip. (@ Passport Health Brooklyn) <url>,0.0,0.6666666666666666,1
MOWVKA4S,Stupid is going to kill us all RT <user> Anti-vaxxers have brought measles back to New York City ... (more)  <url>,1.0,0.6666666666666666,2
04SJ8C44,Dr. Mary Mora speaking at the immunization press conference. #getvaccinated @ Ingham County Health… <url>,1.0,0.6666666666666666,2
LYX1ZYES,My MMR is still really high. Tbh I think I can skip gold 2 if I win promos.,0.0,1.0,1
J78XI566,“<user> CDC Director Shuts Down GOP Senator's Immigrant Measles Theory <user> <url> breeds stupid.,1.0,1.0,2
5WGIK7IU,"<user> before vaccine available some parents'd have chicken pox party, to which they would bring their healthy kids to expose to virus",1.0,0.6666666666666666,2
0T6VOMVD,"More children at risk of measles in wake of Ebola epidemic: Ebola's toll moved beyond 10,000 deaths Thursday even… <url>",0.0,1.0,1
6OOQUN4T,Truth has immunity when it comes to cockiness. I looking fucking hot tonight.,0.0,1.0,1
T4QSIF3J,<user> Not getting vaccinated and ignoring traffic laws - both endanger the lives and health of others. We only debate one. Why?,1.0,1.0,2
ZOLHJP23,"“<user> This dude probably didn’t get his kids vaccinated either 
<url> #nipples",0.0,0.6666666666666666,1
P435P6BD,SB383 [Enroll] Providing immunity from civil and criminal liability to certain health care providers for performi... <url>,0.0,0.6666666666666666,1
0VGSJN3C,We need a <user> assembly at my kids' school with its abysmal 22 percent exemption rate. By assembly I mean ninja vaccinating.,1.0,1.0,2
IP1BQHUT,Libtards vaccinate your kids autisum happens measles doesn't have to,1.0,0.6666666666666666,2
SCX4XU6L,MMR carnival $40 for a 3 yr old and a1 year old to ride rides. learning the church encourages tweeting about their shitty Carnival priceless,0.0,1.0,1
45CFKMED,I have to get a measles vaccine?! I feel like a child!?,1.0,0.6666666666666666,2
2JWMLIDH,"<user>  I won't watch until <user> understands she can spread whooping cough, measles &amp; polio. All preventable diseases. #wwhl",0.0,1.0,1
IFBGV42A,#blackbox very unlikely cause of  autism. The immunization no longer contain mercury,1.0,1.0,2
RFWM4NOR,Community Briefing: Travis County Health department offers meningitis vaccine; Input sought for Round Rock summer... <url>,0.0,0.6666666666666666,1
5CT7X0CB,#Vaccines are around for sound #reason: #prevention. <user> on #tactics to solve the #measles problem via <user> <url>,1.0,1.0,2
H5ESS1HV,"Huge increase in recent measles, pertussis, and whooping cough cases. Thanks anti-vaccination parents!",1.0,1.0,2
8IHLFOCR,"Study of more than 95,000 kids finds no link between MMR vaccine and autism <url>",0.0,0.6666666666666666,1
XCEK1DWL,She told me she loves me and to have a gd night now I can sleep in piece ily MMR,0.0,0.6666666666666666,1
110GQQQJ,"Measles outbreak: Different states, different rules on vaccinations: The rash of measles cases across the country… <url>",0.0,1.0,1
6NPMOJE4,I bet our culture and society do more to induce autism than what some people claim vaccines do.,1.0,1.0,2
M9C62TMI,<user> habrá un soft reset y tendrás que jugar partidas de posicionamiento de acuerdo a tu mmr. No sabría decirte qué te sucederá.,0.0,1.0,1
4VCQO97L,<user> <user> Not going to be very heroic if all their parents refuse vaccination for their poor children. This is sad.,0.0,0.6666666666666666,1
2ISMBHFK,Is this year's flu vaccine effective? The experts weigh in: The Centers for Disease Control has seen a significant... <url>,0.0,1.0,1
LVFLZ73F,Time to get my immunizations! (@ Passport Health) <url>,1.0,1.0,2
RYPZKSHE,One of you antivaxxer bastard bitches is down here spreading measles. I hope they lock your dumb ass up,1.0,1.0,2
0HJJUF0M,"Del mental health study group OKs proposed immunity provision for peace officers, doctors, screeners &amp; facilities. Recommendation due Jan. 1",0.0,0.6666666666666666,1
SPJV6KPX,I refuse to take sides on vaccinate/don't vaccinate debate.I will just say that everyone with kids are terrible terrible people.#PointsMe,0.0,1.0,1
BC5BKQLI,Remember those bigots worrying about immigrants bringing diseases into the US? A Child from Mexico got measles at Disney from an #antivaccer,1.0,0.6666666666666666,2
O9TCH4EW,"<user>  I'm 50, I had measles, chickenpox, and the mumps ! Hav No children other than my FAM mems.THAT is why I asked my question to DRB",0.0,1.0,1
5YE3PZWR,<user> <user> right! Like if it were true a lot more kids would have it and I'm sure those vaccines would no longer exist.,1.0,0.6666666666666666,2
8F7Q1Q4D,IF ANYONE COULD EVEN FUCKING SLIGHTLY BELIEVE THAT MEASLES VACCINE COULD CAUSE AUTISM THEY ARE FUCKING STUPID,1.0,1.0,2
8EOZGCGP,“HEALTH TIP: when you’re about to sneeze be courteous and cover your mouth with the nearest anti-vaccination activist.”,-1.0,0.3333333333333333,0
JRD1U7AW,Got my immunization records so I can go bk to school. #OCCiiMcumn...lol,0.0,0.6666666666666666,1
V3U1MS2J,Health officials urge vaccinations after flu hits Maryland. Rick Ritter reports. <url>,1.0,0.6666666666666666,2
XQ4W0ZYT,"RT<user> Thanks for bringing measles back, anti-vaccine people <url>",1.0,1.0,2
Q4VDE5P5,Thunder kiss '65 is on mmr #fuckyeah,0.0,1.0,1
2MZOCI0M,"<user> don't worry he said, my babies won't be autistic as long as I don't vaccinate them.  So much to unpack there...",1.0,0.6666666666666666,2
5Q22GRCS,If you decide not to vaccinate your children.. How will they go to school? You need to be vaccinated to attend school.,1.0,1.0,2
QGC3RHQY,don't get measles <user>,0.0,0.6666666666666666,1
LOIWR9C3,Learning about Vaccine &amp; Medicine safety network for screening exposures in pregnancy #CDCGrandRounds #FriendsNCBDDD <url>,1.0,1.0,2
V2QCN0HR,"<user> <user> <user> <user> <user> Then they R told they're crazy cuz #vaccines R "" perfectly safe""",-1.0,0.6666666666666666,0
QLTGH6M1,U.S. has most measles cases since 2000; Washington no exception: Watch VideoSEATTLE – The number of measles cases... <url>,0.0,1.0,1
WRBJLR4L,"Tonight we learned: scientists are wrong, state killing is right even
when it's wrong, fences - good, vaccinations - bad. Thanking you.",0.0,0.6666666666666666,1
XUVTC7IW,<user> <user> vaccines KILL babies <url>,-1.0,1.0,0
AQTH53MI,"<user> <user> yes i got it cleaned up and a vaccine just to be on the safe side, thanks!!",1.0,1.0,2
T5R72P6Q,Waiting to get my vaccine shot. I am scared 😧,1.0,0.6666666666666666,2
5TCMWKRB,<user> <user> <user> my granddaughter has just gotten over ear infection just turned 13 months old. Is the flu vaccine safe for her,1.0,0.6666666666666666,2
5A7N0BDA,..is sick. Hope this is not german measles :-( :-( :-(,0.0,1.0,1
2TQE30BQ,"The google drive of my grad school account has shared docus on MERS, measles, and HIV for group projects",0.0,1.0,1
S59WDFJV,<user> playing at MMR-B-QUE!!! I might just have to propose to you when I'm there,0.0,1.0,1
TVGA8FUK,Tarrant County Measles Cases Linked To Church Member’s Missionary Trip: TARRANT COUNTY (<url> <url>,0.0,1.0,1
NHMOB4VR,H1431 [NEW] Extends sovereign immunity to employees or agents of health care provider acting within scope of duti... <url>,0.0,1.0,1
ZR7SPJ3F,Dumb parents who don't get their kids vaccinated piss me off <url>,1.0,1.0,2
ZGP7DA6C,"Charlotte what up #RRR #MMR #SRT10MG  #Tourlife #CIAA @ Charlotte, NC <url>",0.0,1.0,1
1SJI72B5,Just found out I have an immunity to the chickenpox. Why wasn't I a character on Heroes? #childhoodmutant,0.0,1.0,1
IIAPBG6E,".<user> is leading &amp; participating in the 1st cross-border vaccination campaign into #Syria, immunizing children. <url>",1.0,1.0,2
MI7XIH17,"Eugenics and Vaccinations Campaigns are wars aimed @ killing God's Chosen PEOPLE, which are Brown, Red, Black and Yellow Peoples.",0.0,0.6666666666666666,1
UJMZDWO3,"4 measles cases linked to Las Vegas restaurant, health officials say: Four cases of measles have been linked to a… <url>",0.0,1.0,1
1SVJ32BQ,Getting my Tanzania vaccinations! (@ Azusa Pacific: Health Center) <url>,1.0,1.0,2
18V16H6G,China investigates vaccine maker after baby deaths: BEIJING — China has sent health experts to investigate a drug... <url>,0.0,0.6666666666666666,1
K2CN1BYD,<user> I hope u had ur measles shots!💉,1.0,1.0,2
5CS6C999,<user>  biggie? Mogul Presents Franchise Liaison   Problems (Official Video) #MMR <url>,0.0,1.0,1
XS6GL39P,"MMR doesn't leave a scar, smallpox does. smh RT<user> My #measles shot scar from childhood. Do we still need it? <url>",1.0,0.6666666666666666,2
CB0FR06C,"When I see ""I didn't vaccinate my child"" I just assume you want your child to contract measles, rubella, polio, and pertussis",1.0,1.0,2
5FLMHESC,"No, stupid people think the MMR shot makes so much money it's leading to a vast conspiracy. <user> <user> <user>",0.0,0.6666666666666666,1
H3YK3OYI,Health board member refuses to resign following controversial statements on vaccines: Spokane City Council member… <url>,0.0,0.6666666666666666,1
LVG4LT28,"Novant Health to require flu vaccinations for hospital employees, volunteers, vendors: It is the first hospital... <url>",1.0,0.6666666666666666,2
AA26GWDP,.<user> offers FREE vaccines for Kindergarten &amp; 7th grade students this Sat. from 11am - 3pm at 4 local high schools. <user>,1.0,0.6666666666666666,2
81PFI5OA,<user> people who don't vaccinate their kids shouldn't have kids,1.0,1.0,2
YC6PBIND,Measles Explained — Do You Really Need To Vaccinate?: <url>,-1.0,0.6666666666666666,0
EUS0VGUF,I'm still very upset about the killing of health workers carrying out vaccination in Kano. It a serious setback!,0.0,0.6666666666666666,1
KUD17GT5,"SCCtApp construes residential ""stand your ground"" immunity to exclude killing of invited guest <url>",0.0,1.0,1
1T5BM6UT,People need to get there children vaccinated! There are very bad diseases coming back!,1.0,1.0,2
ABK68YAE,What is wrong with parents who don't immunize their children? Whooping cough is on the rise. Nothing worse to watch a child gasp for air.,1.0,1.0,2
M2HT72X5,Health district reports 3 more cases of measles: The Southern Nevada Health District is now reporting a total of… <url>,0.0,1.0,1
Z2M4PH7P,<user> vaccine truth <url>,-1.0,0.3333333333333333,0
2VW3QD48,<user> YAS! The argument for it not being medically necessary to vaccinate a child relies solely on everyone else vaccinating theirs.,1.0,0.6666666666666666,2
0I0SRZOU,If I aint the illest nigga Im his new vaccine really more like poison when his New Jack Swing &amp; my bed is like a deck of card 2 black queens,0.0,1.0,1
11LFKUYQ,<user> I have heard of lots of kids having vaccine reactions. That's part of why it's important for other kids to be vaccines.,1.0,0.6666666666666666,2
0SAUAMVA,Reading fb comments on measles articles 😂😂 Great entertainment.,0.0,1.0,1
35QOIV2M,"Tragic for sick kids. If you don't want to vaccinate, go live in the 3rd world. Low to nil child death rates in US=amnesia.  <user>",1.0,1.0,2
L4WBL24C,<user> I HAVE 400MIL NOW IF ANYONR IS INTERESTED INBUYING COINS HMU..LEGIT MMR PRO STATUS PLAYER WITH LOTS OF CRED,0.0,1.0,1
D1VP56UM,This is my vaccine-injured daughter: Lost in all of the recent stories about a spike in measles cases are many... <url>,0.0,0.6666666666666666,1
9H22H1O0,"“<user> On average, people who complain live longer -- Releasing this tension increases immunity and boosts their health.” Yesss😁",0.0,1.0,1
F56Z9IUH,Soups on <user> #mmr #dc #dj #dmv #djflyer #photoshop #promote #top40 #edm #remixes… <url>,0.0,1.0,1
LD1F1JFF,<user> Might as well call you measles. Cus you're infectious and airborne.,-1.0,0.3333333333333333,0
8RFTGSGJ,You Won’t Believe What Obama is Forcing Public Schools to Do With Illegal Aliens and Vaccinations <url>,-1.0,0.3333333333333333,0
FWRNCA5H,"“<user> On average, people who complain live longer -Releasing this tension increases immunity and boosts their health.” I'll never die",0.0,1.0,1
FXKYVYRJ,🔥🔥🔥 My version of #Drake's #6god 🚨LINK IN MY BIO🚨 #jennifair #mmr #somage @ SoMage Studios <url>,0.0,1.0,1
86YWAKSI,Health: Mother Whose Son Died From Flu Complications Urges Others To Get Vaccinated: By Stephanie StahlPHILADELPHIA… <url>,1.0,1.0,2
O07G532H,"""<user> Study confirms that the HPV vaccine doesn't promote risky sexual behavior <url>
No shit.",1.0,1.0,2
GBSPIPR5,A Peninsula BART rider with measles may have exposed others: Another set of BART riders may have been exposed to… <url>,0.0,1.0,1
R5XBK2A9,"Parents should have their children vaccinated. Period.

#TweetYourUnpopularOpinion",1.0,1.0,2
O1LQ72U1,<url> Judge orders 10-year-old girl be vaccinated for measles against mom’s wishes. <url>,0.0,0.6666666666666666,1
5UEHYKLW,<user> I'm so scared we're treating Ebola patients in the US but it has to be done! Maybe we'll find a vaccine sooner. 🇺🇸 #OrangeRoom,1.0,1.0,2
4IU84GUE,“<user> 40% of vaccines contain aluminum; what conditions are associated with aluminum exposure? <url> #CDCvax”,-1.0,1.0,0
QJMJ0A3L,Sip N Shop Come thru right now #Marjais #PopularNobodies #MMR 🙌🙌🙌🙌 @ Marjais SipNShop <url>,0.0,1.0,1
CF664BEA,No geom for today! Yay will be at school half of my second block. But oh god 2 shots of immunization for me later,1.0,0.6666666666666666,2
D6E89LCS,"My family was going to California and Disneyland in July but that might not happen now, because DISNEYLAND HAS MEASLES!!!👍😡",0.0,1.0,1
PIA1GOUL,"Sure, let's expose people to measles and E. Coli because FREEDOM",1.0,0.6666666666666666,2
D4YUTOIN,New York City investigates measles outbreak - <url> <url> via <user>,0.0,1.0,1
C95EBZJU,M.E.: Waukesha girl did not die of HPV vaccine: The August death of a 12-year-old girl is ruled to be unrelated to… <url>,0.0,0.6666666666666666,1
1REXX76X,#SuperStarSundays thepalace_nj #MMR @ The Palace <url>,0.0,1.0,1
2JBHSYO3,Joshua Sharfstein kicks off symposium Measles Rises Again #Measles2015 <user> <url>,0.0,0.6666666666666666,1
9MBPKCL1,"<user> <user> <user> <user> you don't just endanger your kid, but others who couldn't be vaccinated for medical reasons",1.0,1.0,2
2UVRJ119,"<user> <user> <user> GOP calling for more screening by CDC and vaccines should not have cut CDC, NIH, FDA budgets..",-1.0,0.3333333333333333,0
QNYPHY78,State health officials encourage flu vaccinations: MADISON — The number of influenza cases isrunning significantly... <url>,1.0,0.6666666666666666,2
P5HGAVH6,Vaccinated measles patients are not good in transmitting the disease when compared to unvaccinated.  #idweek2014,1.0,0.6666666666666666,2
5AE62YB1,"<user> <user> fluoride,aspartame,mercury in vaccinations,chemtrails&amp;every fast food or soda pop.chemical warfare,brain gone",-1.0,0.6666666666666666,0
YCDUI7UE,Repeal Immunity for Drug Companies Against Vaccine Injuries. No Liability =sloppy science. <url> <user> #CDCwhistleblower,-1.0,0.6666666666666666,0
I8IJP3SI,"Issues that don't have two valid sides: vaccines, spanking children, evolution, climate change, Charmin Bears",1.0,0.6666666666666666,2
CZA2DE3Z,"3 new measles cases linked to Emeril’s staffer: There are three additional cases of measles in Clark County,… <url>",0.0,1.0,1
MIGFG6WR,<user> the importance of vaccinations! Or the Disney measles outbreak (this could just be me though... Yay college? Idk wats goin on,1.0,1.0,2
5PYQ5GY8,"Confirmed case of measles at the U of M.
Cool, I was looking for something else to get infected with.",0.0,0.6666666666666666,1
HTYHH7LY,"When I played the Oregon trail, all I did was hunt and all my people died from the measles.... Or diphtheria",0.0,0.6666666666666666,1
E8YGINPJ,“<user> Vaccine-Induced Disease Epidemic Outbreaks <url> #health” capitalism at its worst,-1.0,0.6666666666666666,0
X31W1ELR,"Why We Worry About Measles, And Why You Should, Too… As In Now. <url>",1.0,0.6666666666666666,2
Q5MG1BN4,"The GOP, Social Security a Ponzi scheme, Medicare is socialism, Obamacare an atrocity! And no to vaccinations, measles are back! #Backward",0.0,0.6666666666666666,1
RPKLJ8TA,Italian court rules mercury and aluminum in vaccines cause autism: US media continues total blackout of medical truth <url>,-1.0,0.6666666666666666,0
A15AWH9S,Officials confirm fifth measles case in Clark County: An infant with measles is the fifth confirmed case of the… <url>,0.0,1.0,1
K5NLTULL,This graph from the CDC on measles infections should scare you: <url> <url> VACCINATE UR DAMN KIDS!!,1.0,1.0,2
31HN7Q87,I vaccinated your baby while you were at hot yoga,1.0,0.6666666666666666,2
J00KJKI5,I'm gnna Kirk on this doctor it looks like I have measles  <url>,0.0,1.0,1
5921FLPJ,I'm building an empire big as The Empire 🙌🌃 #NYC #EmpireStateOfMind #MMR #Jennifair @ Refinery Rooftop <url>,0.0,1.0,1
FBEA1MKD,"""<user> There's no link between vaccines and childhood autism. So why do parents still refuse to vaccinate their kids? <url>",1.0,1.0,2
RBTZ8UON,"via <user> Measles Is A Killer: It Took 145,000 Lives Worldwide Last Year <url>",0.0,1.0,1
YXD6FJMF,Who wants to come to Disneyland with me &amp; get measles!?,0.0,0.6666666666666666,1
R5BS5EBD,"Measles warning for BART riders in SF. 

WTF.

<url>",0.0,1.0,1
9IFMM254,CVS caught lying about risks of high-dose flu vaccines pushed onto senior citizens with aggressive 'bribery' schemes <url>,-1.0,0.6666666666666666,0
LVAWLPND,“<user> Measles Cases In The United States: <url> Measles ain't even trying to mess with Kansas ✌️,0.0,1.0,1
YHBEY8L9,Parents who choose not to vaccinate their children may be liable if another child is infected as a result. <url>,1.0,0.6666666666666666,2
N7GEZE74,"“<user> #ohio #measles #outbreak reaches 68 cases, the most cases reported in any state since 1996 <url> #pediatrics”",0.0,1.0,1
60JJ9VK5,This is why I don't watch the news. I don't want to know about a measles outbreak in Ohio!,0.0,0.6666666666666666,1
ZG9EY9G8,They're heeeere! DC confirms a case of measles.,0.0,0.6666666666666666,1
UBE9VYE8,<user> we discussed the importance of women getting pertussis vaccine during pregnant to protect their baby from whooping cough.,1.0,1.0,2
LXCSBBVZ,"So now the most ""Magical Place on Earth"" has Measles? Vaccinate your children people. Or stay home. Yes, you have a choice.",1.0,0.6666666666666666,2
7VHCSR0D,UC System to Require Measles Shots <url>,0.0,1.0,1
RF2PGXJQ,Vaccine critic keeps seat on local regional health board: Vaccine critic Mike Fagan remains a member of the Spokane… <url>,0.0,1.0,1
2ADVM2U8,My j.o.b. made me get a MMR shot a week ago...feeling the effects frm it. Not wasté @ all...,1.0,1.0,2
ZIC76H9U,Another Study Finds No Link Between MMR Vaccine and Autism <url>,1.0,1.0,2
X81ZZNQF,It's 2015 and kids are getting measles because idiot parents think they're smarter than doctors and won't vaccinate their kids. 😡,1.0,0.6666666666666666,2
EMWWJ7AO,"I survived my MMR shot, yay! (@ USF Student Health Services) <url>",0.0,0.6666666666666666,1
RJQF2FBS,"It takes a special kind of piece of shit to not vaccinate their child for any reason, especially religious reasons.",1.0,1.0,2
L7OSKVHQ,"<user> 
#Ebola first discovered 1976
Plenty of time to find &amp; deploy vaccine
#fail #CDC",1.0,0.6666666666666666,2
13UHPDL1,#TweetSomeoneThatAlwaysKeepYouLaughing : #MMR,0.0,1.0,1
I5B4KZH4,<user> ANYONE INTERESTED IN. SELLINH MADDEN MOBILE COINS FOLLOW AND DM ME..LEGIT SELLER AND MMR PRO MEMBER..ALSO SELLING COINS,0.0,1.0,1
3JIGHCN1,Law school prof Richard Frankel: Arbitration is not an alternative form of justice. It gives virtual immunity to corporate wrongdoers.,0.0,1.0,1
MDAQWW3A,"Life 5 builds and restores core intestinal health to enhance intestinal health, sustain energy and improve immunity. <url>",0.0,1.0,1
6YC5PS0R,"<user> ...white suburban, vegan mother who doesn't vaccinate her children...",1.0,0.6666666666666666,2
P0PZBT5D,"<user> <user> 
Damn those parents that make lame excuses not to vaccinate their children. 
Damn them all to Limbo¡",1.0,1.0,2
H4B7XFHB,“<user> And in the #HaveYa'allLostYourMinds news ... Measles parties? Ugh. <url> Should be charged w/ child abuse!,1.0,0.6666666666666666,2
KKNIYTJ4,"What's the big deal? 
I think I had mumps measles and chicken pox?",0.0,0.6666666666666666,1
3KGWCZZA,((Cada Dia)) Combo vaccine causes Autism: My son Elijah who was taken from me out of state by my wife has been diagnosed with Autism ...,-1.0,1.0,0
IN9IQ76W,SB121 [Enroll] Meningococcal disease-pupils to be immunized against at recommended age <url>,1.0,0.6666666666666666,2
9DHQYU9L,How do you send kid to school without vaccines #VIRUSES,1.0,1.0,2
3SW380CP,Fucking measles outbreak are we in the 18th century what is this,0.0,0.6666666666666666,1
DNTMHDB4,<user> Not clear enough? A family member received 9 vaccines at one doctor's visit and suffered permanent catastrophic brain injury.,-1.0,1.0,0
PSEO9JDN,"No vaccines. Thanks a lot Jenny McCarthy.  #MMR  Wait, its just a gumball. <url>",1.0,0.6666666666666666,2
5KBUFAOT,Stuff.co.nz: Measles outbreak sparks immunisation rush. Parents are rushing to get their children immunised followin... <url>,0.0,1.0,1
3T3QSWNF,<user> the saddest part is you don't keep your crazy to yourself My son is autistic F-heads like you insult him with your idiocy,1.0,0.6666666666666666,2
L86Q2QYY,Health officials: Another measles case: The Florida Department of Health says it has confirmed a case of measles in… <url>,0.0,1.0,1
FUF66AHV,"“<user> average, people who complain live longer -- Releasing this tension increases immunity and boosts their health.”<user>",0.0,1.0,1
TLYK6HUC,Experimental Ebola vaccine due in 2015: Why the wait?: The World Health Organization announced Saturday that a... <url>,0.0,1.0,1
XXCWR0IX,#YeaIGoByDibiHoe Just felt like sayin it since cuddy got me out <user> #MMR #SupaTeam,0.0,1.0,1
VM9RE4SF,Personally or philosophically against vaccines? Bill would limit exemptions: A House committee will hold a public… <url>,0.0,0.6666666666666666,1
8BMMPYA0,"At Dr. Bair getting a physical, Hep A vaccine and a flu shot :( (@ Akron Children's Hospital Mahoning Valley Beeghly) <url>",1.0,1.0,2
UNA1MNLV,<user> measles woooo,0.0,1.0,1
RW7FTB1A,#Ebola Ebola Vaccines Pass Initial Safety Tests - New York Times <url>,0.0,0.6666666666666666,1
AE8X6Z1D,People who don't immunize their children and put ALL other children at risk are the dumbest people in the world. #LawandOrderSVU <user>,1.0,1.0,2
UROQHXAZ,I'll take the #ebola vaccinations that  <user> &amp; <user> won't give to their kids.,1.0,1.0,2
0Z626OI3,"US Surgeon General Visits L.A., Emphasizes Importance of Vaccination After Measles Outbreak: In a the Los Angeles… <url>",0.0,0.6666666666666666,1
DBKAKV5B,Obama urges parents to vaccinate children for measles <url>,1.0,1.0,2
TWEX7CE9,I love when people with NO kids feel the need to talk down on parents that don't vaccinate their kids,-1.0,1.0,0
O8X9HA4W,<user> I wasn't even talking about radiation! You probably won't vaccinate your children either #Snmh 😒,1.0,1.0,2
6UB5NF2J,<user> except when it comes to childhood vaccinations!,0.0,0.6666666666666666,1
1TXH0Q39,Did #vaccines make <user> mentally deficient? Find out tonight when his guests are #smallpox #measles and #polio <url>,0.0,1.0,1
USOWDV57,"Measles, you can't bring me down. #vaccinated",1.0,1.0,2
MLHFXSMG,I'm on the side the parents should decide on vaccinations for their kids. The more power the government has the more totalitarian we become,0.0,0.6666666666666666,1
QG5BS7U0,<user> Remember the immunization hypothesis of autism?  It's not.  It's strep throat.,0.0,0.6666666666666666,1
7X67SK0A,California law makes it harder for parents to skip vaccinating their children.,0.0,1.0,1
DF6EGDYL,"What's poppin tweet fam...its yo man BEAST YA DIGG. .817...FTWORTH.  TWB/MFTNT/2HG/$MMR$ 
FOLLOW US ON FACEBOOK,INSTAGRAM...YouTube",0.0,1.0,1
CDWLWJ8S,Measles Mouse.  #AdorableIllnesses,0.0,1.0,1
WK6EUXA4,"Lots of kids not #vaccinated in CO. I found 12% in Denver public schools, 18% in Boulder not to date or no records <url>",-1.0,0.3333333333333333,0
FRR0P4F0,I didn't know there was still cases of the measles #ctnews,0.0,1.0,1
ANNNG59T,There are now 51 confirmed cases of the highly contagious virus... <url> #VaccinesWork #vaccinate #Measles,0.0,0.6666666666666666,1
KZFNSG54,"“<user> Never mind SARS or MERS, worry about measles <url> #vaccinateyourchild",0.0,0.6666666666666666,1
PTUFFST7,"May not be a cause, but vaccines are definitely a trigger to disease for some children!  <url>",-1.0,1.0,0
BB3VTASM,Wivick had so much fun with all the fur babies at <user> today! They offer low-cost vaccines… <url>,1.0,1.0,2
81LZ4NOI,Health officials warn of Sea-Tac measles exposure: The Associated Press <url>,0.0,1.0,1
U967EFPF,Dude measles are going around Parma High i'm not going to school anymore,0.0,1.0,1
7ID5E2AK,Mmmmmhmmmm all these sick kids are kids I tried to immunize with the flu shot BUT NOOOOOOOOO ✋😒,1.0,1.0,2
2BB6U4OJ,Wanna share my measles? #RejectedCandyHearts,0.0,1.0,1
549IGG3X,<user> <user>   #immunitychallenge safe! #whatawin! #totallyshouldwin #gonnabeacloseone,0.0,0.6666666666666666,1
FPEV17J3,"""<user> Las Vegas confirms three new cases of measles linked to casino restaurant <url>        bad gamble",0.0,1.0,1
IKPPGKHU,"<user> <user> ""<user> ""The biggest disease in the world is corruption. The vaccine for it is transparency."" -Bono #TED2013""",0.0,0.6666666666666666,1
631QQPK3,<user> <user> Christie is an idiot. We saw that when he over reacted on Ebola but wouldn't read on measles,0.0,0.6666666666666666,1
SH7RRU6T,"<user> <user> <user> SMDH #Flu #Vaccines, #Pharma #Fraud, #Quack #Science, the #CDC &amp; #WHO #health <url>",-1.0,0.6666666666666666,0
S4FXDUD4,"“<user> On average, people who complain live longer -- Releasing this tension increases immunity and boosts their health.” <user>",0.0,0.6666666666666666,1
P238P0J1,Look up the vaccination rate for your NYC or NYS school. <url> via <user> <user>,1.0,0.6666666666666666,2
B0PF8NML,Measles x #GiveAMovieACold,0.0,1.0,1
EOFYFVVC,Holy fucking Christ RT <user> One in five millennials thinks vaccines cause autism <url> <url>,1.0,1.0,2
MUX9DGVC,"1st Obama gave us Ebola and now it's measles, He will do everything he can to destroy our country.",0.0,0.6666666666666666,1
U89H1D2X,"😂😂😂 “<user> U measles booty bitch, <user> unblock me NOW! 😂😂😂 <url>",0.0,1.0,1
7KLX6M13,Learn more about Measles by visiting: <url> <url>,0.0,0.6666666666666666,1
JLCEO85N,"News outlets are calling the mass of tornadoes last night a #tornado #outbreak...like an outbreak of measles, whooping cough and cholera",0.0,1.0,1
MLZSFUB0,Chillin at the clinic with my big. Poor baby!! #Vaccines I know I know I didn't want to do this but I… <url>,1.0,1.0,2
EEFJ2FBP,California Legislators Introduce Bill Abolishing Parents’ Immunization Exemptions <url>,0.0,0.6666666666666666,1
YUQNP594,"""<user> more people have adverse reactions to aspirin than the #measles vaccine. #VaccinateYourKids <url>",1.0,1.0,2
L56YA3F8,Ok I want to know who the politicians news or other officials are that recently bought stock in Measles Vaccines???,0.0,0.6666666666666666,1
IQZS88KR,Here's a pic of my ass. Vaccinate your kids <url>,1.0,0.6666666666666666,2
AE7R3MGE,"<user> if previously vaccinated people's antibodies are so low they can now get the disease as adults, not good!",0.0,0.6666666666666666,1
6YKZBPKH,Just wrapped up my nursing school clinicals with one last set of immunizations. It's getting real.,1.0,0.6666666666666666,2
758UI2SY,"“<user> How safe is the meningitis vaccine that hasn't been approved in the U.S.? <url> Scary, not far from us.",-1.0,0.6666666666666666,0
MMY451UP,"Infants from suburban KinderCare, diagnosed with measles, cleared to return to daycare: PALATINE, Ill. — Five… <url>",0.0,0.6666666666666666,1
ZT88PN6Y,<user> I can understand your anger. You can't damn a safe process because of a rare edge case. #vaccines save lives.,1.0,1.0,2
27J1ZUGO,"No, seriously. Don't vaccinate your kids. I mean, LOOK AT HOW CUTE THESE TINY COFFINS ARE! <url>",1.0,1.0,2
99OB3GZ3,“<user> Health Dept. Warns Super Bowl Visitors May Have Been Exposed To Measles... <url> yikes,0.0,1.0,1
NNYNTWA6,"<user> Much more than obesity, smoking, air pollution, drinking, rate of immunization, and children in poverty among others.",0.0,1.0,1
D05981FL,".<user> Yw! Yes, males &amp; females aged 12-13 years can take part in the school-based #HPV #vaccination program. <url>",1.0,1.0,2
3PN9P15B,"The latest study showing no connection between vaccinations and autism. #VaccinateYourKids
<url>",1.0,1.0,2
RW544G74,<user> I'm just not tied to vaccinations being the causation to autism. Other problems? I'm open to that.,0.0,0.6666666666666666,1
DF906D9E,<user> <user> told my mom immunization consent forms were scary. She said the diseases r a lot scarier&amp;she saw kids die from them,1.0,0.6666666666666666,2
AGFX9QEH,This is California’s worst measles outbreak in 15 years <url> &gt; crazy. Time to require vaccinations for all schools.,1.0,0.6666666666666666,2
8D7A0V1L,<user> All diseases that are scarce due vaccinations can and will come back with a vengeance if vaccines R not utilized. HIB vaccine,1.0,1.0,2
INMUT1EU,"Baby contracts measles, closing day-care center at Santa Monica High <url>",0.0,1.0,1
XK6TBOB7,"I hate you, measles -- Signed Everyone",0.0,1.0,1
L4FAOFRY,13 MMR LG GN HATAG SAKUN? wth,0.0,1.0,1
ZU8DG00Z,"""LOOKING ASS BITCHES"" <user> <url> #EAZYMIX #MMR #CIROCBOYZ 💯 <user> @ EazyMix <url>",0.0,1.0,1
OZZ4M7ET,😭😂😂😂 RT <user> <user> mmr lol”,0.0,1.0,1
KQ6SJVH0,Disneyland measles outbreak isn't largest in recent memory <url>,0.0,0.6666666666666666,1
V6O72BPW,I lose brain cells when I read the anti vaccine arguments,1.0,1.0,2
OO4R13XK,"16,000 flu vaccines headed to Safeway pharmacies: Tens of thousands of flu vaccines are headed to Safeway stores in... <url>",0.0,0.6666666666666666,1
ZVO0HT0H,<user> forms it for sure asked about vaccines. I went to private school but I seem to remember it was required. Maybe public is dif?,0.0,1.0,1
ZZCAE6I7,<user> <user> measles,0.0,1.0,1
UTFFDJWY,<user> or not vaccinate his kids but doesn't want others to have them,0.0,0.6666666666666666,1
ZX36B8TK,“<user> Of course the person who exposed BART riders to the measles is a LinkedIn employee. <url> #virality,0.0,1.0,1
GMUWXJJ9,We shouldn't give a single vote to any politician who even  suggests that vaccines are/were potentially unsafe. The ignorance must stop,1.0,1.0,2
MVW44Z22,"<user> <user> supposedly good fir allergies, sinus issues, respiratory health, immunity.I just like the taste using Sodastream.",0.0,1.0,1
E6A6TLBW,"Study of more than 95,000 kids finds no link between MMR vaccine and autism: The vaccine for measles, mumps and… <url>",1.0,1.0,2
ZRHIDJDG,I just woke up from a measles/Miley Cyrus/Hunger Games/Harry Potter dream. What the hell is going on in my brain...,0.0,1.0,1
6L9SZ1A7,Fuck these awful people RT <user> California parents opposing state-mandated vaccinations of children delay vote <url>,1.0,1.0,2
8YKWJ9G6,"On average, people who complain live longer -- Releasing this tension increases immunity and boosts their health. <user>",0.0,1.0,1
9NNZQ2FF,People not vaccinated for measles urged to avoid Disneyland <url>,0.0,0.6666666666666666,1
VKHD2HBV,"<user> the measles outbreak, I thought.",0.0,1.0,1
Z5YTJO3M,<user> Whoopie should say get the damn vaccinations for your kids....,1.0,1.0,2
N2DB0UAI,"Man who contracted measles traveled in Clallam, King counties while contagious <url>",0.0,1.0,1
U40FE39J,Live rumors #mmr #mixmasterrod #rumorsdc #rumors #live #vivo #follow  @ Rumors <url>,0.0,1.0,1
VGX26HRW,"I don't have kids, but I'll take yours to get vaccinated if you're too busy.",1.0,1.0,2
Y94ZTSWM,You hv as many brain cells in yr body as in yr brain #weirdecience In #immunity class w /Teri Mosey #ideapti #FitFluential #fitsocial,0.0,1.0,1
V63QGZSB,Flu shot less effective this year because current virus has mutated: CDC: This year’s flu vaccine is not as… <url>,0.0,1.0,1
K93VGZBB,Will we have to wait until police officer kills innocent child of legislator/judge before impunity/immunity stops? #CopsGoneWild #CopBlock,0.0,0.6666666666666666,1
UUTCPBZ2,<user> Thank you Dr. Manny...thank you so much...#measles,0.0,0.6666666666666666,1
KP8UBIOK,<user> <user> So vaccination under ACA has gone down. That's a FACT,0.0,0.6666666666666666,1
RMHU168E,Maryland Issues New Vaccine Requirements for School Children: The state of Maryland has amended its 2013-2014... <url>,0.0,0.6666666666666666,1
WCJSM8NJ,Let's stop the return of diseases that were almost extinct. #vaccineswork #letsprotectourkids #VaccinateYourKids,0.0,0.6666666666666666,1
B300JLAU,Fri 12 noon meet🎉💥 Golden Gate Bridge 🎈to save babies👶💓 &amp; stop 💀🙀💉Vaccinations💉🔪🔫 SB 277 wear yellow  😊🎈⚡️😎😘👨‍👩‍👧‍👦Friday noon,-1.0,0.6666666666666666,0
XR4QTSJN,“<user> Printing the pills and the packaging around them? Even 3D printable vaccines. #AF4Q <user> next-printable diseases!,0.0,0.6666666666666666,1
HP96CIQQ,4th case of measles in San Mateo County got on a BART train in Millbrae last Friday at 4:30pm &amp; got off at Civic Center in SF.,0.0,1.0,1
9M9TQY6H,While the state of California requires children receive the MMR,0.0,1.0,1
8T892Q3A,Attention stupid people: vaccinate your children!!! <url> #vaccineswork,1.0,0.6666666666666666,2
OVNPOAUX,<user> a nearly 67 year old study when mental health studies and vaccines were relatively in their infancies that has been refuted?,1.0,0.6666666666666666,2
WSROL0UN,"""<user> Why Mumps And Measles Can Spread Even When We're Vaccinated <url>",0.0,0.6666666666666666,1
ALVLYD70,<user> <user>  BOTH ARE DEADLY TO SOME KIDS. Allergies are no joke and can be more deadly to a child than measles. Vaccinate every1,1.0,1.0,2
Y8WQLKHZ,Driving my 8th month old to get stabbed. Can't we find a better way for vaccinations that stabbing happy babies in the leg with 4ft needles?,1.0,0.6666666666666666,2
VWS67LYC,High vaccination rates and best protection for our kids come from honest relationships. Doctors and parents. Not politicians and lobbyists,1.0,1.0,2
19NCX66U,<user> - Can we give them measles?,0.0,1.0,1
T9EZRJWC,Earlier measles exposure at Mesa clinic revealed: An unknown number of people may have been exposed to the measles… <url>,0.0,1.0,1
37FHPXFS,Comment on this #Blogust post and <user> will donate a vaccine to a child in need. Join us! <url>,1.0,1.0,2
BUX8OXE1,"<user> SELLING MADDEB MOBILE COINS.MMR MEMBER LEGIT SELLER.
99MIL-30$
75MIL-20$
50MIL-15$
BELOW THAT 1$ PER MIL..",0.0,1.0,1
KKLHMGB5,“<user> Nationalism is an infantile disease. It is the measles of mankind.”,0.0,1.0,1
NJLA0X40,"Competition today 🙌 Last time performing on this field , of course I'm going out w/ a bang &amp; superior 🏆 MMR finna take home EVERYTHING!!!!",0.0,1.0,1
AL5J96KI,"<user> HEAVEN EXISTENCE OMNIPRESENCE

CELESTIAL GARDEN SOCIETY™
CAMPAIGNING TO BEGIN DISEASE IMMUNITY AND END OF EVIL &amp; CRIME 4EVA",0.0,1.0,1
PWEVLE0C,"<user> <user> "" that period, 17 grantees reported coverage of ≥95% for four vaccines""",0.0,0.6666666666666666,1
39EE91VG,“<user> More than 500 parents arrested for not allowing their children to get the polio vaccine <url> US parents!,1.0,1.0,2
5X2WREPX,There is a Broth Festival in NYC this week. Measles in LA and Broth in Ny. The Victorian Era is back!,0.0,1.0,1
0TNZWWJO,Fuck you pretest jitters I have a vaccine for such a disease,0.0,1.0,1
EBNAHPKR,<user> it's like the Princess Bride. He has been ingesting the poison little by little to build up an immunity.,0.0,1.0,1
KEYXO3KS,Vaccinate the teens before going back to school. #tetanus #diphtheria #pertussis #Meningococcal conjugate #Human papillomavirus (HPV),1.0,1.0,2
Z8BJ08WP,CDC's IIS: Clinical Decision Support for Immunization (CDSi) Update <url>,1.0,0.6666666666666666,2
U188MB0M,"Brain cancer vaccine trial begins <url>
#Health #BrainTumour #BrainCancer #Cancer #Oncology #Oncologist #Medicine",0.0,0.6666666666666666,1
2KXTISSK,<user> you didn't get vaccinated as a child for it?,0.0,0.6666666666666666,1
LDZIMG76,"Measles Outbreak: To Vaccinate Or Not Vaccinate: With the potential to affect thousands, the recent outbreak of… <url>",0.0,1.0,1
QFCJ93V5,5 babies with measles at Palatine day care center;  10 more  could be <url>,1.0,0.6666666666666666,2
H6QFNB2E,"New law requires whooping cough booster shots, immunization for middle, high school students <url>",1.0,0.6666666666666666,2
QI6GIRR4,If you don't vaccinate your kids I automatically don't like you.,1.0,1.0,2
IA4BTV1A,Another Study Finds No Link Between MMR Vaccine and Autism <url>,1.0,0.6666666666666666,2
KIVPDKXB,Good to know that the same person sharing the healing power of crystals also thinks that vaccines cause measles because #science.,1.0,1.0,2
2FYQHWD3,"""<user> People who complain live longer. Releasing this tension increases immunity&amp;boosts their health."" i'll live forever then. Lol.",0.0,1.0,1
SVOJZPID,"Measles patient flew into DFW Airport, health officials say: The CDC is trying to determine how many people were… <url>",0.0,1.0,1
Z42GYBKE,"getting TwinRix and MMR booster (@ Apple Wellness Center in Cupertino, CA) <url>",1.0,0.6666666666666666,2
V6IJATBE,Coughing extra on the shuttle and everyone thinks I have the measles. 😂 #VaccinateYourKids,1.0,0.6666666666666666,2
BHFW704G,Simple basic info #immunization #vaccines #technology #motivation that  is getting out there through sm #childmortality #SGSglobal - <user>,0.0,0.6666666666666666,1
3UUA4YUX,<user> <user> <user>  Penn and Teller on Vaccinations: <url> anti vacs should liable 4 unnecessary deaths.,1.0,1.0,2
29JJPRNE,Vaccinate your kids. Diseases are literally coming back from eradication! Stop listening to celebrities &amp; use your fucking heads!!!,1.0,1.0,2
IG014QS4,I CANT GO TO SCHOOL UNTIL I GET IMMUNIZATION RECORDS? TURN THE FUCK UP,-1.0,0.3333333333333333,0
6TKX42DD,"<user> good to know you like to play Russian Roulette. Meanwhile, I'll vaccinate my kids.",1.0,1.0,2
LKOVU1F2,Parents who refuse to have their children vaccinated from deadly disease should be charged if the child dies from the disease. #vaccineswork,1.0,1.0,2
ALV378IW,“<user> White House: Science says parents should vaccinate their kids <url> I hate that we even still have to clarify!,1.0,1.0,2
5ZZWJD42,No measles please!!! @ Downtown Disney <url>,0.0,1.0,1
FH59TIFS,"In Somalia, a wives' tale delays measles treatment: Hawa Nor carried her visibly weakened son into the hospital's... <url>",0.0,1.0,1
YGZ977NG,Maryland offers 45-day extension for student immunizations: Maryland has agreed to provide local school systems... <url>,0.0,0.6666666666666666,1
QLFGNSCB,Ashamed of Oregon MT <user> How Many People Aren’t Vaccinating Kids in Your State? <url> <url>,1.0,1.0,2
LT6PHQRD,CDC: Flu Vaccine Least Effective In A Decade <url>,0.0,0.6666666666666666,1
4XJ45VKT,North Texas Student Immunization Information: School districts across North Texas will be welcoming students back... <url>,0.0,1.0,1
RPKMRI2G,"io9
Read Roald Dahl's Heart-Rending Endorsement Of Child Vaccination
<url>",1.0,1.0,2
UQJTX0LS,California governor signs strict school vaccine legislation: Gov. Jerry Brown wasted no time Tuesday in signing a… <url>,1.0,1.0,2
02R4UB8A,<user> tweet react-make a wish i wish i didn't have a cold shire will reverse effect immunimmortality is truth to all in the mind.,0.0,1.0,1
MWTWX9US,"Senior Health Specialist (Routine Immunization), New York, (P-5) UNICEF <user> #jobs <url>",0.0,0.6666666666666666,1
EVNZV1LH,"<user> 

One was a mange-ridden raccoon, apparently w other diseases causing hair loss.  Wild animals don't have the mange immunity",0.0,1.0,1
KYTWK08U,Yikes! “<user> San Francisco LinkedIn Employee With Measles Rode BART for Three Days While Contagious <url>,0.0,1.0,1
E6PEDT5L,<user> the whole vaccine-autism link allegation began with a fraudulent paper by Andrew Wakefield <url>,1.0,0.6666666666666666,2
OB9OWQHS,Another Study Finds No Link Between MMR Vaccine and Autism <url>,1.0,1.0,2
VNP3E050,"California Officials Warn Of Measles Exposure: San Francisco Bay Area officials say a University of California,... <url>",0.0,1.0,1
PTIQSMP5,"<user> <user> when queuing for arenas, does the system take your RBG rating into account to calculate MMR?",0.0,1.0,1
OI6F7T8G,We should just put families who refuse to #vaccinate their kids on an island and let them live their dark ages dream  <url>,1.0,0.6666666666666666,2
I0UD4936,"No more measles cases in MN so far, right?",0.0,1.0,1
6VA901BM,Monoclonal antibodies given to pregnant women may have role in protecting infants when vaccine not available: Klugman <user>,1.0,1.0,2
3WHZTXFP,<user> maybe he will go to Disney world to celebrate and get measles,0.0,1.0,1
RJB7QRY2,<user> vaccinations cause many problems in old age I don't get them nor do my children we're fine thank you,-1.0,1.0,0
HCDKQLXF,2 New flu vaccines safe for adults with egg allergies.  <url>,1.0,1.0,2
592B64M1,National Infant Immunization week is April 18th-25th. Let's take care of our little ones.,1.0,0.6666666666666666,2
IVEWDYET,zoe just told me to skip school with her to get vaccinated for whooping cough,1.0,1.0,2
CSVR9WC8,Health department offers hepatitis A vaccinations to patrons of SouthPark restaurant: The Mecklenburg County Health… <url>,0.0,0.6666666666666666,1
FAX2CQ18,HB3188 [NEW] Torts; providing immunity for certain persons producing risk-assessment reports for schools; effect... <url>,0.0,1.0,1
2OS3ZP51,African Nations Celebrate a 55 Percent Drop in Child Mortality Rates Due to Immunization <url>,1.0,1.0,2
7LT83833,"The risks of vaccines are really small. The risk of measles are going deaf or dying, actually....<user> <user>",1.0,1.0,2
NAR44DJ9,"“<user> Flu Vaccine Effective for Only 9% of Seniors This Season, <user> <user> <url> yep, my mom had flu w/vac",-1.0,0.6666666666666666,0
D1GMIAQ2,Do I hear <user> yelling out all the mmr techs out ?? x),0.0,1.0,1
OR34PYNV,“<user> Protection Without a Vaccine (using synthetic genes to re-engineer disease resistance) via <user> <url>,-1.0,0.6666666666666666,0
CQ8DML45,"Funny how when white ppl get the disease, every doctor is tryin to create the vaccine. Yet Ebola has been around since the 70s&amp; no one cared",0.0,1.0,1
44ZFJ0SM,Say what?! RT“<user> Wondering how you caught the flu? CDC says this year's flu vaccine is only 23 percent effective: <url>,-1.0,0.6666666666666666,0
TV9D2PKB,<user> never did I say it didn't. All I said was it kills brain cells. GB polio vaccine paralyzed tens of thousands. I'm just saying,-1.0,1.0,0
1Q9ZT9ZI,"""Lena Dunham helps me decide what vaccines to give my children"" - mom #girls",1.0,0.6666666666666666,2
FH9LSW08,On Fox News - America's Newsroom. Study: no evidence that measles vaccine can cause autism in children. Science on TV! Full link to follow.,-1.0,0.3333333333333333,0
9P44ZJN2,#FamilyTime wit meanboy3000 <user> <user> <user> #MeanBoyShit #MMR #SupaTeam #LaFamilia <user> <url>,0.0,1.0,1
3P3KPU7W,"""Jesus didn't vaccinate, so neither will my kids"" is the dumbest thing I've ever heard",1.0,1.0,2
ZFPIUYSE,"Poverty isn't hereditary.... 

Poverty is an infectious disease; only wealthy people are vaccinated!",0.0,0.6666666666666666,1
E1ZADAD0,Yo if you don't get your kid vaccinated I have no pity when your child gets a disease that was eradicated 100 years ago !,1.0,0.6666666666666666,2
BZWJB5HH,Bill advances to change New Jersey's vaccine exemption: New Jersey might change a religious exemption that has… <url>,0.0,0.6666666666666666,1
E7XBV4OA,"Getting vaccinated for whooping cough. Yes, those PSAs scared me into it. (@ Chemung County Health Department) <url>",1.0,1.0,2
JKUS09J8,F' ebola scare tactics all 3rd world countrys have the same vaccinations. = D,-1.0,0.3333333333333333,0
P5XCZHRM,<user> <user> too bad there aren't any victims of vaccine preventable diseases there to demonstrate how important vaccination is.,1.0,1.0,2
26UKG40M,<user> no. Many modern vaccines linked to infertility and higher risk of cancer. They are a silent killer,-1.0,1.0,0
36SE17EW,Study Explores Medical Exemptions From School Vaccination Requirements Across States: Findings suggest need to e... <url>,0.0,1.0,1
F64ZL1IK,<user> : Study published on alleged link between vaccines and autism removed pending further investigation. <url>,0.0,0.6666666666666666,1
LYMX9G6B,<user> I got rubella &amp; rubeola with a MMR in 88 and developed chronic rubella viremia still today. Get titered prior to vaccine #TheView,1.0,0.6666666666666666,2
QUU6MO1W,"<user> Dr. Henri vandenHombergh: while #vaccineswork we can't forget value of breastfeeding, hand washing 2 decrease diseases <user>",1.0,1.0,2
YNY7YCNY,"MT <user> DPH confirms two cases of measles in MetroWest. 1 person shopped at Trader Joe's. [Thanks, anti-vaxxers!]",1.0,0.6666666666666666,2
FM6CH1JX,"“<user> On average, people who complain live longer -- Releasing this tension increases immunity and boosts their health.” Smd mom",0.0,1.0,1
45713W18,"“<user> Why we don't need an Ebola vaccine <url> &lt;Smart post by <user> -- Important concepts here, eg #risk",-1.0,0.6666666666666666,0
D5PORZIQ,"<user> I'm a survivor of Chicken Pox; Measles &amp; Mumps, as are my 4 sisters.",0.0,1.0,1
U0I141SE,"((Silvito El Libre)) The next face of measles?: ""I am a healthy bouncing baby boy and I could be the next face of measles. I am to yo...",0.0,1.0,1
YJOJ2B05,<user> my kids are probably too old to get anything b/c there's only 1 or 2 other vaccines for them to get,1.0,0.6666666666666666,2
E9IHPFBV,AIDS N : Here's How The HPV Vaccine Can Help Cut The Risk Of Cancer In Gay Men <url>,1.0,0.6666666666666666,2
PAGKFTAF,"""hi, I'm the idiot parent who didn't vaccinate my kid because I think it causes autism..."" 

I may be paraphrasing.",-1.0,0.3333333333333333,0
R6JDTY3A,University of California system to require measles shots: Students entering the University of California system in… <url>,0.0,1.0,1
SSPRHTIV,"California lets parents object to vaccination for ""philosophical reasons?"" Is that like philosophically not believing in germ theory?",0.0,1.0,1
XTAOLGWW,5 children at Illinois day care diagnosed with measles <url>,0.0,0.6666666666666666,1
3RC3UM24,"And chicken pox, kids here are vaccinated against it. So no nasty itchy spots and small scars for my little beauty",1.0,0.6666666666666666,2
VSQC2PI0,"With that patent in place, the pharmaceutical groups can't charge an insane amount for any vaccines or other cures developed.",-1.0,0.6666666666666666,0
0LC8BOME,"U r not a vaccine denier if u question safety of a vaccine containing mercury, aluminum, MSG, antibiotics, formaldehyde #CDCwhistleblower",-1.0,1.0,0
RFAU606S,"You tell them, <user> vaccines DO NOT cause autism. #KellyFile #DontHateVaccinate #knowledgeispower #vaccineswork #MeaslesOutbreak",1.0,0.6666666666666666,2
R7TVTO6N,"HPV vaccine myths put health, lives at risk, say health leaders: Airing the facts <url>",1.0,1.0,2
QBKW74U9,"I had measles when I was 5, pre-vax; I still remember the misery. 60 years ago. Vax is a godsend, pls believe, don't condemn a single child.",1.0,1.0,2
3G88ND5Y,It's troubling hearing about parents who won't vaccinate their children.,1.0,1.0,2
A68E82IT,5 Things to Know About San Diego’s Measles Outbreak <url>,0.0,1.0,1
7U2CDDF8,@ this day party turned up V.I.P shit #RRR #MMR #SRT10MG @ EpiCentre <url>,0.0,1.0,1
TMF0AOPW,Company tests a way to deliver vaccines by a skin 'patch': Vaccines for infectious diseases and oncology have... <url>,0.0,1.0,1
4L2AQAHT,Berkeley City Council to send letter of support for vaccination exemption bill: Berkeley City Council will send a… <url>,0.0,0.6666666666666666,1
UFVOSS5N,Going to #Disneyland with mah sisters again on Sunday! #CSbonding #measles #weallgonnadie @ Disneyland <url>,0.0,1.0,1
WLZYP2XR,"Anti-vaxxers are defensive about the measles outbreak? What about ppl dependent on herd immunity? 1 bad jrnl article!
<url>",1.0,0.6666666666666666,2
V3FQ62JB,"Measles case confirmed in central Indiana: INDIANAPOLIS, Ind (July 25, 2014)–State health officials have... <url>",0.0,0.6666666666666666,1
ENAS75HX,"(This builds immunity against negative images, lies and stereotypes that conspire to destroy you.)",0.0,1.0,1
HWU62513,Back 2 School #cold #germ #sick #season Protect your kids &amp; yourself #immunity #boosters #shaklee <url>,0.0,0.6666666666666666,1
EBLFYXVH,I have to get like 5 vaccines to be able to go to school in Hawaii 😳 lol,0.0,1.0,1
5SDX984X,"<user> Next-measles!""<user> India has officially done the impossible and eradicated polio - <user> <url>",0.0,1.0,1
EJWSHJXV,Measles outbreak in Payne County...  #Thanksantivaccinators,0.0,0.6666666666666666,1
SKMZ8N2N,"If the US had #SchoolChoice, #CharterSchools could require thier students be #Vaccinated &amp; public schools would be full of unvaccinated kids",0.0,0.6666666666666666,1
H5PBEMIZ,"#fludelta <user> <user> If you’re so concerned about safety, stop running potentially deadly anti-vaccine ads <url>",-1.0,0.3333333333333333,0
12RZWPIH,No no no no “<user> Second measles case confirmed in D.C. <url>,0.0,0.6666666666666666,1
QWFF814F,<user> <user> it's the third week of school. The only people that have missed class are you and that kid with the measles.,0.0,0.6666666666666666,1
Q9WIQ5FI,Measles at the Palisades... Awesome.,0.0,1.0,1
6WS2M9XJ,"Princeton Bans Students, Faculty: Following a measles case at the University, Princeton is banning some students… <url>",0.0,1.0,1
VKTSFHM7,Oh hey (@ Central District Health: immunizations) <url>,0.0,0.6666666666666666,1
DVEFNDF9,"In midst of measles outbreak, Obama tells parents to get their kids vaccinated |  <url> fuck another middle class payment",-1.0,0.6666666666666666,0
UM1JGG6J,“<user> How does your state compare in terms of childhood vaccinations? <url>,0.0,1.0,1
4MOB7009,"if you don't vaccinate your kids, youre not allowed to make ""im so afraid of ebola and all its scariness"" comments because youre ridiculous.",1.0,1.0,2
PKU918Y5,"I don't have kids but this is a scary stat from my gen ""<user> 1 in 5 millennials thinks vaccines cause autism: <url>",1.0,1.0,2
K8NDJON8,#DYK 1 child dies every 20 secs from a vaccine-preventable disease? <user> works to give every child a shot at life. #vaccinesworks,1.0,1.0,2
3643JGL7,Always vaccinate your young dolphins  |Scientists: Dolphin die-off linked to measles-like virus that's spreading  <url>,1.0,1.0,2
NEK23LC5,Eric and Jordan Staal better have gotten their MMR shots as kids.... <user>,1.0,1.0,2
NDVVVWS4,the enemies of science “<user> Measles outbreak in Brooklyn thx to anti-immunization parents. If my kid has measles I will kill you”,1.0,1.0,2
CHLD3ERR,"Y'all are coming on MMR tonight, right? <url>",0.0,1.0,1
KQJ3KS8A,The Truth About the Measles <url> via <user>,0.0,0.6666666666666666,1
X44CIIGJ,#uknowyouugly a vet gave your baby his first immunizations,1.0,1.0,2
SUN7DW4Y,"Put em on a registry ""<user> RT<user> You should get fined 4 not vaccinating ur kid. <url> <url>",1.0,1.0,2
SSXQFO3K,My sister said not to go to winco bc I'll get the measles lol,0.0,0.6666666666666666,1
3L7XW0V8,"Ughhhh, I got measles. I do not like this $$$$!",0.0,1.0,1
I1RRDNCI,"""<user> On average, people who complain live longer. Releasing this tension increases immunity and boosts their health."" <user>",0.0,1.0,1
I8I4AKTO,<user> it's not that rare it's just the measles... Didn't u get a vaccine for it when U were a baby?,0.0,0.6666666666666666,1
WBXLNJM8,Central Jersey funeral home visitor had measles: State health officials say a person who tested positive for… <url>,0.0,1.0,1
K1YFCLG7,I lost last week in fantasy all because Corey Perry never had a fucking MMR vaccine.,1.0,0.6666666666666666,2
GKH8TCVD,Look at how serious the news is taking the disease. It can be deadly. #vaccinate #vaccineswork,1.0,0.6666666666666666,2
VI3QN4KW,"#BREAKING Now at least 8 confirmed measles cases in Bay Area. By county: Alameda 5, San Mateo 2, Santa Clara 1.   #mapit",0.0,1.0,1
CYET894Y,Up to 50 Syrian infants die from faulty measles batch <url> via <user>,0.0,0.6666666666666666,1
POFENRLP,"Listening to <user> ""Is it your inalienable right to catch and transmit deadly diseases?"" Answer is NO. #vaccineswork #AAP12",1.0,1.0,2
CPR4DS78,"Disney FINALLY introduced their first Latina Princess. They would have done it sooner, but she's been sick with the measles.",0.0,1.0,1
6QR8MWYM,"<user> would be a tragedy tho. I don't even like thinking of that hypothetical situation. ""A patient comes in with measles"" ""oh shit""",0.0,1.0,1
QUEY2SC9,"“<user> This whole ""vaccinations are bad for your kids"" thing is infuriating.”",1.0,1.0,2
EG27FCEE,ICYMI: British Journal Retracts Paper Linking Autism and Vaccines. <url>,0.0,0.6666666666666666,1
LWVS6B0Z,"""<user> On average, people who complain live longer. Releasing this tension increases immunity and boosts their health.""",0.0,1.0,1
3HZA6W4H,<user> <user> parents used to say if your child is immunized then I don't need to have mine immunize in case  ha now,1.0,1.0,2
PSBTR7C9,"MT ""<user> Adults Mostly Getting Measles <url>
Sing the Vaccination song. <url>",1.0,1.0,2
VLW1V772,One last thing. Vaccinate your kids. Don't be a dumbass. Seems tangentially related.,0.0,0.6666666666666666,1
3JEANT6Z,"Vaccination-exemption data missing for 300 state schools: Amid rising concern about vaccination status, more than… <url>",0.0,1.0,1
CJULJ65Q,Measles journey highlights risk to unvaccinated kids: A measles outbreak in Minnesota offers a case study of how... <url>,0.0,0.6666666666666666,1
HWUUDGIL,"<user> Parvo is a disease killing our dogs,it has vaccines that protect dogs! Passed from any other animal w the disease!Get the PARVO",1.0,1.0,2
J6LF6U3P,Smialek let's me do WHATEVER I want!!! I love this school. I have full immunities to authority here.,0.0,1.0,1
R44XR1ZR,"“<user> ""Bieber Fever more infectious than Measles:"" <url> ” <user>",0.0,0.6666666666666666,1
HF5RFML5,"I find it hard to believe that no one saw a problem with ""diplomatic immunity."" It's like a pass to go on a killing spree, says Law &amp; Order.",0.0,0.6666666666666666,1
XG97L9U2,<user> <user> all we're asking for is #parentalrights #vaccine exemption not be taken away. Please #VetoSB277 <user>,-1.0,0.6666666666666666,0
B3YBNF57,Health Experts: Flu Vaccine Is Not A Failsafe This Year: The flu shot you received may not protect you from getting… <url>,0.0,0.6666666666666666,1
8SYFXR56,MT <user> <user> research Q: how to persuade parents that MMR vaccine is safe and beneficial? A: Can't. <url>,0.0,0.6666666666666666,1
KEBPVA9N,"Ridiculous... ""<user> There were 37 measles cases in the U.S. in 2004. Last year there were 644. <url>",0.0,0.6666666666666666,1
CMN5D4LP,"No measles so far, yay! #Disneyland 

<user> <url>",0.0,1.0,1
7AIJX76B,Measles 'wake up call' issued in Baltimore <url>,0.0,0.6666666666666666,1
KAB8TFSB,Got a postcard from Health and Harmony from #lucy reminding us of her upcoming vaccinations.  How… <url>,0.0,0.6666666666666666,1
VWL6P8BW,"""herd immunity BS"" herd immunity theory that failed us in the past, very complex problem <url> from a doc",0.0,0.6666666666666666,1
CZPIQ3EM,"288 cases of #measles in the U.S. this year, the most since 1994 #publichealth  <url> <url>",0.0,1.0,1
S469FWKK,#Ebola Ebola quarantine breaker says measles is 'everyone's responsibility' - Twitchy <url>,0.0,1.0,1
NQ0ZVY8S,Ebola's been around for so long honestly I'm surprised it didn't spread earlier. But fear not we are the USA and we have secret vaccines 👍,1.0,0.6666666666666666,2
Y2ZLPXJL,California #Measles Outbreak Surprises Officials - <user> News #DrRichardBesser <user> #vaccination <url>,0.0,0.6666666666666666,1
RUAQAKD9,"<user> saturday mt eden childish gambino the vaccines zeds dead group love we were promised jet packs keep Shelly in athens &lt;3 ,",0.0,1.0,1
F322SANK,"Pleeeease...parents! Vaccinate ur kids or keep them home! It is 2015 for f...k sake! Got rid of mass illnesses. Join the world,  moving on!",1.0,1.0,2
HYDLOGP5,People from NY & Boston subjected in measles bowl village #outbreak 💉,0.0,1.0,1
Y6PEXP67,"Study of more than 95,000 kids finds no link between MMR vaccine and autism <url>",1.0,0.6666666666666666,2
JCKIC6E4,"<user> Incredible! I wonder if the ""educated"" anti-vaccine folks realize childhood mortality was cut in half by #Vaccination campaigns.",1.0,1.0,2
M627J9FA,Common Infant Vaccine Tied to Slight Rise in Risk for Bowel Complication <url>,-1.0,0.6666666666666666,0
Q884184O,<user> Great story.  Measles vaccine attacks cancer in landmark study <url> via <user> ——by <user> Browser,1.0,0.6666666666666666,2
Y2WUSKVI,MT <user> Slate on Independent's 12 para piece BY Andrew Wakefield during measles outbreak MT <user> <url>,0.0,0.6666666666666666,1
54NSXY4J,"Never a boring day, this is just two days after the school sent an abundance of emails about measles.… <url>",0.0,1.0,1
0DU92X27,"FYI All you people who ""don't believe in"" vaccinations are the reason for the measles outbreak",1.0,1.0,2
X7W0L5W6,"Wow I would punch this lady #VaccinesWork #Autism #VaccinationsEqualHealth <user> 

#GetHerBarba #AdoptNoah",0.0,0.6666666666666666,1
3XX2H1YP,Must see documentary on #Amazon on the history of polio and discovery of vaccine: A Paralyzing Fear: The Story of Polio in America,1.0,0.6666666666666666,2
GFJ4BMRI,<user> Vaccinations WORK! U R STUPID IF U DO NOT VACCINATE UR KIDS. MORE HARM IN NOT VACCINATING. ASK ME. I LIVED WHEN KIDS DIED.,1.0,1.0,2
K5W75Z7G,"Austerity is not a Vaccine to Crisis... It is a Parasite with Pandemic Potential! It Drains Life, Killing Slowly! #occupyphilly",0.0,0.6666666666666666,1
WCFG25FP,If you don't vaccinate your kids you're an uneducated dumbass as a parent and deserve to be charged with child abuse.,1.0,1.0,2
AF4WBF3I,"If your child suffers from ADHD, asthma, allergies or autism, see #BoughtMovie  and you will be pissed. #Monsanto #VaccinescauseAutism #GMO",-1.0,1.0,0
5X8DRSSS,"Director, Health Information Systems for Better Immunization Data (BID), Seattle, United States <user> #jobs <url>",0.0,0.6666666666666666,1
A3W81QVQ,Anti-Vaccine Mom Would Rather Lose Baby Than Vaccinate - via <user> <url>,-1.0,0.6666666666666666,0
ERL3HFEQ,<user> measles girl,0.0,1.0,1
PD0W3XZX,".<user> #MakeAMovieSick Measles, Myself and Irene",0.0,1.0,1
VZEFGWS7,"Biked over to hang with Nate and the Weiner Kids after my vaccines. Lucas & I played 2 rounds of MANCALA, and I whooped him. Stupid kid. ;)",1.0,0.6666666666666666,2
3J6QPIX8,"Oh, no! Avril's fallen victim to markeritis. This should have been totally preventable! Vaccinate your kids now! <url>",1.0,0.6666666666666666,2
A5GW2Q2S,"Jenny McCarthy's orders! MT <user> When someone has the measles, keep person in a dark room then give him some whiskey to drink KY1889",0.0,0.6666666666666666,1
P3ZLTBCP,"SB550 [Update] In child protective services, further providing for definitions, for immunity from liability, for ... <url>",0.0,0.6666666666666666,1
V8YE8ZGY,San Bernardino County Measles Exposure Warning <url>,1.0,0.6666666666666666,2
3EKROUU6,Latest Vaccine Safety News Might Make You Rethink Shots for Your Kids <url> via <user>,-1.0,1.0,0
30RX7ENK,"AM-News : Flu Vaccine Protects Mothers, Babies: A study showing that the influenza vaccination of pregnant... <url>",1.0,1.0,2
FB76AFSE,"""<user> Vaccines dont cause autism. If you think they do, please don't have children.  Thank you. <url>",1.0,1.0,2
HZWTWJ7N,<user> <user> <user> is that at the mmr bbq last night?,0.0,1.0,1
WRN26JTD,<user> whooping cough..or a child dying yes dying of measles! What the hell is wrong with you?????,0.0,0.6666666666666666,1
KX2OGZ7K,This billboard says that adverse reactions to vaccines can lead to shaken baby. That's one I haven't heard before.,1.0,0.6666666666666666,2
OKYN1OFA,9 New Cases Of Measles Reported In 2 North Texas Counties: NORTH TEXAS (<url> – Officials with... <url>,0.0,1.0,1
AXS8NIPZ,Two Handed Fist Bump...<user> #mmr #mixmasterrod #Eric'sSpeedo  @ MixMasterRod's Upstairs Lounge <url>,0.0,1.0,1
6USL3RXB,#Immunize your kids!! They will thank you. Polio’s Return After Near Eradication Prompts Global Health Warning <url>,1.0,1.0,2
K3VUYAMA,Measles Vaccine Debate Brings Back Memories Of 1991 Philadelphia Outbreak <url>,0.0,1.0,1
39NKFE80,Thimerosal (mercury) and the MMR stole my son. #CDCwhisteblower #CDCfraud #ObamaSpeech <url>,-1.0,1.0,0
7P4OD6TP,"Not sure if it's a cold, or from my flu vaccine. But I feel dead. (@ Indian Creek Elementary) <url>",0.0,1.0,1
9GYY1YHN,#vaccinate #measles,1.0,0.6666666666666666,2
YJJ48E7B,<user> hope it changes to rain and mike gets the measles,0.0,1.0,1
PNRF6FX9,Can I disown a relative for saying vaccines kill kids more then they save them. #IdiotOlympics #vaccinations #cantfixstupid,1.0,1.0,2
2K8H3E28,We're hiring! We have great team &amp; #SCOTUS approved health plans. Free annual bloodletting (but no vaccinations - take that Louis Pasteur!),-1.0,0.3333333333333333,0
XQR9Y8QS,#InitialsOfSomeoneWhoMeansSomething MMR hoe 😏,0.0,1.0,1
YJQLK847,"Fact: blankets keep you safe at night. We dont know what from, but they are definitely an immunity against something.",0.0,0.6666666666666666,1
FOI5OWII,<user> you need vaccines to go to school.  You must send your kids to some type of school. You need vaccines to work most places. Force,1.0,0.6666666666666666,2
I48XR7B5,Vaccinate your kids. ~ <url>,1.0,1.0,2
C8IEGA8A,13% of kids with pneumococcal meningitis die. 63% have neurologic sequelae.This disease is preventible with a vaccine. #Vaccines #prevention,1.0,1.0,2
SAOP9YY9,you know what scares me the most? immunity to outbreaks and never falling in love.,0.0,0.6666666666666666,1
OJ79RORA,<user> -I agree. Vaccines harness the body's own immune defenses to conquer and prevent disease. A real win-win.,1.0,1.0,2
XWGSPQXN,Short version -  FALSE. <user> Circulating rumor claims the MMR vaccine is more dangerous than (cont) <url>,1.0,1.0,2
U1513M56,<user> that is just ridiculous that people have jeopardized other children by not vaccinating thier own #KeepKidsSafe #measlesvaccine,1.0,1.0,2
FLJYIB7F,<user> features in <user> for our work to improve appropriate vaccine utilization and population health! <url>,1.0,0.6666666666666666,2
K3FMB142,Not doing the homeland homework being 11 steps ahead buying vaccinations from open pharmaceutical in Mexico like you can over the counter.,1.0,0.6666666666666666,2
PUG5NUIH,"Suspected Lake County, IL measles case lab results come back negative <user>",0.0,1.0,1
GKMX83XQ,"CDC: 102 measles cases in January, most stemming from Disney outbreak: Health officials say 102 people in 14 states… <url>",0.0,0.6666666666666666,1
NY9XZI3I,This typhoid vaccine pills I have to take for my trip are killing me #majorsideeffects #feelsosick 😲😭,0.0,0.6666666666666666,1
TXCNMGRH,#California approves #bill banning #child #vaccine exemptions <url>,1.0,0.6666666666666666,2
Z0OBE6YV,<user> completely agree. That being said this people who won't vaccinate their kids need to be flogged,1.0,1.0,2
F8RFDMIX,So true. Antivaxxers are putting all of our kids at risk. #vaccineswork <url>,1.0,1.0,2
VT7JOF08,"""Do you have the weasels?"" Do you means the measles? ..",0.0,0.6666666666666666,1
FB1WH2HJ,"Welcome 2 CA where you can have an abortion, but not decline a vaccine, if you do, NO School! #WeAreNotGoingAway <user> <user>",-1.0,1.0,0
JMBTR1B9,"""<user> On average, people who complain live longer -- Releasing this tension increases immunity and boosts their health."" / ME!!",0.0,1.0,1
2UV8XDGK,"Also, HIV has no vaccine. #safetytraining",0.0,1.0,1
RHECY9N0,"<user> ""we cannot emphasize enough, the solution is simple and available: be vaccinated"" - YES, follow #publichealth officials! #measles #bart",1.0,1.0,2
JY5FZ6BJ,<user>  my daughter has never had a vaccination nor have I!!,-1.0,1.0,0
XU6H8O6G,"Missing vaccines leads to missing school for kids in many districts: By Kendall DowningINDIANAPOLIS, Ind. –... <url>",0.0,0.6666666666666666,1
5B8M8HTE,#MogulintheMaking #followdatbag djhpnotiq #MMR #FDB 🔥🔥🔥🔥🔥 @ <url> <url>,0.0,1.0,1
Y7XH8VUF,"As a parent, I will gladly take the death penalty, for killing someone trying to #Vaccinate my child.  American Freedom is DEAD.",-1.0,1.0,0
L9VVWN0W,<user> please Black parents immunize your children and not jump on this so called band wagon of choice not chic it's irresponsible/deadly,1.0,1.0,2
I4O3D66Y,<user> I'm going to laugh so hard when you have measles.,0.0,1.0,1
T53N96E7,<user> when I initially clicked that it led me to some link about some pregnant girl who decided to vaccinate her baby!!,0.0,0.6666666666666666,1
YGW45CAZ,"Magic purple pills, er, Immunity take care. Key ingredient is elderberry extract. (@ Health Hutt) <url>",0.0,0.6666666666666666,1
N55LDSI5,California law would end 'personal belief' vaccine exemption for children <url>,1.0,1.0,2
3P1WG58V,"<user> ...Please. 2-21 day incubation period &amp; people are ""being monitored""... How selective is this disease? Any natural immunities?",0.0,1.0,1
0BPDPZZJ,The fact that diseases aren't as prominent is due to vaccination - they can and will return if we don't continue <url>,1.0,1.0,2
B66VG1XV,"GRPD can suck a dick wit measles, mumps &amp; 3rd degree burns how do u kno who got the dope&amp;weed but no murda suspects to innocent lives taken",0.0,1.0,1
8LQ5GRKA,"""<user> <user> 86 Papers Show Vax/Autism Link: <url> Italy says MMR causes autism <url> #VaxTruth",-1.0,1.0,0
2M1HH624,<url> taken from aborted babies and put in vaccines,-1.0,0.6666666666666666,0
QM1GKEU9,#rabies prevention program using fixed-wing aircraft to drop #vaccine won't harm #pets.,1.0,0.6666666666666666,2
XVHYPP4R,“<user> My children will not be vaccinated.”🙌🙌🙌🙌🙌,-1.0,0.6666666666666666,0
II92RZV5,<user> The prob w non-reviewed studies is that no one listens when they are finally debunked. See: parabens and vaccine autism...,1.0,0.6666666666666666,2
XLA9CL37,<user> Thank you for standing with CA parents and their children in support of <user> #vaccineswork,1.0,1.0,2
Q80H6Q1J,Once again: everybody vaccinate your children and yourselves.  Not to do so is dangerous for us all.     <url>,1.0,0.6666666666666666,2
Y7XRDDK2,<user> <user> still couldn't pay me to vaccinate my kids...,-1.0,1.0,0
884PX244,“<user> thnks fr th mmrs” easiest mmr of my life,0.0,1.0,1
GKS7BRGH,"<user> thanks for the measles you dumb cunt, fake tits don't make you a doctor. At least the dead children won't have autism.",1.0,0.6666666666666666,2
P3RVPG3A,#InstaFrame #flushot #vaccine #important #Health ❤️👨💉💊 @ Dr Saliba <url>,1.0,1.0,2
UJ9NOTGH,If I had cancer I would be willing to try anything! Even a massive dose of the measles! #TheDoctors,0.0,1.0,1
Z3NLE7AI,"Once I hit 5-6k MMR in DOTA, I'll add it to my bio. Then move on to the next moba.",0.0,1.0,1
3PDBHZ1N,<user> <user> <user> You are correct. Delaying vaccinations puts child and others at risk. Moms are irresponsible delaying shots,1.0,1.0,2
V6L32DAO,“<user> Researcher: Woman's cancer killed by measles virus in unprecedented clinical trial <url> <user>,1.0,0.6666666666666666,2
37ALYVXV,<user> well said!  We also need a vaccine against the pencil pushers who create testing after testing which interrupt children learning,0.0,0.6666666666666666,1
P9IOBR5R,Vaccine+denial+explained:+This+is+how+the+human+brain+plays+the+blame+game <url>,1.0,1.0,2
BBXLFXT7,"Polio is spreading in Afghanistan, Pakistan, and Nigeria because some Islamist groups believe vaccinations are a Western conspiracy.",1.0,1.0,2
1NW17PDT,"As Experts Agree On Measles Vaccine, Parents Debate <url>",0.0,1.0,1
12580XEL,Valentine's Day is only a couple days away! I kind of wanted to #disneyland but... Measles outbreak? 😳😳😳,0.0,1.0,1
X8B650Z4,I'll say I am glad Mom gave me the MMR vaccination when I was little (it was required for school) since there's a case of measles in town.,1.0,1.0,2
LWNJ5VU9,"<user> <user> <user> yes, but mine are not. Spacing out vaccines is an option but not that important since Mercury isn't used",1.0,1.0,2
YG21GEC3,so the measles are going around Disneyland ..,0.0,1.0,1
7CC0RWI0,<user> seems like you need to be vaccinated against foot in mouth disease,0.0,0.6666666666666666,1
CF1BG6LS,"I’m Autistic, And Believe Me, It’s A Lot Better Than Measles — The Archipelago — Medium  <url>",1.0,1.0,2
8CPAKJ2H,5 infants &lt;1yr <user> : #Measles outbreak confirmed at #Palatine day care center say <url>,0.0,1.0,1
72WCKV5Z,"WARNING: A baby with measles was in public places, prompting a warning from local health officials. <url>",0.0,0.6666666666666666,1
3HWUSXHQ,"Vaccines Prevent Millions of Infections, Save Billions in Costs: CDC <url>",1.0,1.0,2
1VWA0ZJ0,<user> whats good.......check my resume im good money all out b.s with this MMR work,0.0,1.0,1
54PR9JUA,Hippy shit choosing not to get your children vaccinated &amp; then they all get whooping cough.,1.0,1.0,2
A4E6PSRS,Just found out I've outlived my measles vaccine. Guess what I get to do. I hope they give me a lollipop.,1.0,0.6666666666666666,2
UEUXAMB9,"Sex is known to produce health benefits such as stress reduction, weight loss, increased immunity, and improved cardiovascular functioning.",0.0,1.0,1
HJN1MKEJ,6 More California Measles Cases Tied To Disney Outbreak: California health officials confirmed that six new measles… <url>,0.0,1.0,1
RLZNPBGM,First mumps now measles? Might be time to find a new city.,0.0,1.0,1
YOOT7OJW,".MUMPS ND MEASLES SHOT, TETANUS SHOT, ND TB SKIN SHOT",1.0,1.0,2
BJKL8KS5,<user> <user> I'm referring specifically to the MMR vaccine but yes you should get vaccinated when living in areas of high risk.,0.0,0.6666666666666666,1
8OJVXBFK,Arizona and Pinal County health officials confirm eight more cases of measles; total of 10 cases confirmed <user> <url>,0.0,1.0,1
QCLOPLBC,RT <user> Breastmilk - A child's first vaccine: Mother's in Ghana learn lifesaving techniques: <url>,0.0,0.6666666666666666,1
9UU6YVNL,"#MontcoPA Health Now at Trinity Lutheran Lansdale immunizations, before the 4/30 deadline <url>",0.0,0.6666666666666666,1
MYWY226R,“<user> Data has no impact on those who fear vaccines as the fear is irrational. This cartoon from '30s. <url>,1.0,1.0,2
DYP8G2X6,"Health Economist, Vaccine Access and Delivery, Seattle, Washington, Path <user> #jobs <url>",0.0,0.6666666666666666,1
3DX4HUOZ,Last round of vaccines for my double-trouble babies (@ Quality Care Animal Hospital) <url> <url>,1.0,1.0,2
CZYYP2ZL,"<user> try focusing on open border, where illegal alien children have been placed and is measles still pervasive in central america?",0.0,0.6666666666666666,1
1CDRQCD3,<user> people are idiots.I live in the city now and I took greyhound this morning.If i chose amtrack I wouldve been exposed to measles,0.0,0.6666666666666666,1
K5YKGMKP,Enjoying my New York Times #motown #nyc #mmr <url>,0.0,1.0,1
KJQBKN16,"""Better get your kids vaccinated so they don't catch.....these hands. 👊""",1.0,1.0,2
JF6F3H8V,“<user> Measles contamination expands to second location <url> #vaccinate #vaccinate #vaccinate 😷,0.0,0.6666666666666666,1
4KEP2GOM,"I honestly don't believe in immunization. 
Now they passed a new law that starting this year we all need specific shots to get into school.",-1.0,1.0,0
FQZBWUDD,"<user> without a doubt, pesticides are way worse. Believing selective breeding causes autism is just as ignorant as vaccines causing it.",1.0,0.6666666666666666,2
9DSDWRKO,Forever mad at parents who don't vaccinate their children. You're not better than everyone else.,1.0,1.0,2
EKDIDHJW,"I'm never gonna die “<user> On average, people who complain live longer, releasing tension increases immunity and boosts their health.”",0.0,1.0,1
R1UXO7LA,"In Pakistan, vaccinating children has become a deadly battle: While vaccine distrust has sparked debates amid a… <url>",0.0,1.0,1
HOGQ697J,Is it that I seek to bear w/ them? Is it that I see the state of ppl's hearts. / #storytelling #autism #vaccineinjury <url>,0.0,0.6666666666666666,1
B0LYY0EQ,#MMR new Resturant doing well in Brooklyn 4404 ave J Between Kings Hwy and Troy <url>,0.0,1.0,1
7SP6490M,Washington woman’s measles death is first in US since 2003: Washington state health officials say measles caused… <url>,0.0,1.0,1
KR9171SS,Amazing how news people attack about child vaccination rather than the economy or our borders,0.0,0.6666666666666666,1
UX47OSL0,<user> <user> small pox is the ONLY disease that has been eradicated worldwide. Doubt vaccine was only reason.,-1.0,0.6666666666666666,0
BXL06UTF,"If you don't believe in vaccinating your children, I don't believe you should be allowed to have any. #AntiVaxxer",1.0,0.6666666666666666,2
TAWQYTTX,Mmr rocks,0.0,1.0,1
HV8DOPYU,"Even if vaccines did cause autism, so the fuck what? What kind of shitty parent are you that you'd reject your kid over a disability?",1.0,1.0,2
328A2D2Z,AM-News : Bulletin: HIV Vaccine Awareness Day 2015: Although the path to developing a safe and effective HIV… <url>,0.0,0.6666666666666666,1
BDSZJGWC,My camp is the cutest 😍 #mmr #camp @ California <url>,0.0,1.0,1
5WEL81UF,<user> <user> Travolta is a scientologist/was on Drs after Jett passed sharing he had autism &amp; had been injured by vaccine,0.0,0.6666666666666666,1
1ZF3CZGZ,+ 'bacterial translocation' promoting immunity has been practiced forever - Moms and wet nurses - chewing the food before giving to babies.,0.0,0.6666666666666666,1
PGTS5K6H,"Parents opting out of immunizing kids: Protecting your child is a no brainer, but how parents do it is up for debate. <url>",1.0,1.0,2
2WUXYNEV,"AIDS N : New vaccines for malaria, HIV and Ebola can spread diseases say shocking stats <url>",-1.0,0.6666666666666666,0
IDJY7D6E,Yo <user> did you know vaccine refusal puts children at increased risk for developing pertussis and infecting other young children?,1.0,1.0,2
QV6XDQG5,People need to get over their irrational and unfounded fears of flu shots and get vaccinated. <url>,1.0,1.0,2
GYQBGR69,The first child diagnosed with #measles visited the Port St. Lucie Civic Center on April 9 at approximately 1:45 p.m...,0.0,1.0,1
CWJ0NT45,It is frightening to see the reemergence of diseases that have not been seen in decades #VaccinateYourKids <url>,1.0,1.0,2
B10NC5CC,<user> #GOP STOP blaming #Immigrants first #Ebola now #measles Which diseases?brought their ancestors? #AINF <url>,0.0,0.6666666666666666,1
7P2QP50K,<user> LOTS OF CHILDREN DIE AND GET SICK BECAUSE OF VACCINES YOU HORRIBLE EXCUSE OF A HUMAN,-1.0,1.0,0
ILVZCP3O,<user> I am frightened bcuz govt tells us nothing to fear. yet constantly tell us to get flu vaccination,0.0,0.6666666666666666,1
6487CMZA,This is why we can't have nice things. via <user> Brilliant: Unvaccinated student gets measles in Asia... <url>,1.0,1.0,2
98D8W69Q,1 in 5 #children lack access to life-saving immunizations they need to stay healthy - Join the fight… <url>,1.0,1.0,2
T5LGEZ5F,People talk about how they aren't getting there kids vaccinated because it causes autism even though there is no evidence to support this...,1.0,1.0,2
WD4MK06I,#AutismToday: there is no link between vaccinations and autism #educateyourself <url>,1.0,1.0,2
A2RXUT0L,"Baltimore has been 'lucky' to avoid measles, health commissioner says: There hasn't been a confirmed measles case… <url>",0.0,1.0,1
HUYZIA6L,Dollars Mugs... #mmr #dj #dc #madhatterdc #thusday #blurredlines #fail #photoshop #djflyer #promote… <url>,0.0,1.0,1
JFFM34KT,You all are spoiling your kids by giving them immunizations. A child needs to know what rickets feels like!,1.0,0.6666666666666666,2
BV8C23JH,Ugh vaccinate your children PLEASE.,1.0,1.0,2
YOIGANPS,Measles Outbreak Makes Way To Ventura County <url>,0.0,0.6666666666666666,1
0VVAS6P2,Large measles outbreak traced to Disneyland is declared over: California health officials have declared an end to… <url>,0.0,0.6666666666666666,1
WVZLU50S,Vaccines aren't just for kids preparing for school. Adults need updated immunizations too. <url> <url>,1.0,0.6666666666666666,2
I99QZ4PI,Vaccine Policy Change Likely To Lower Michigan Waivers: Health experts hope that a month-old change in Michigan’s… <url>,0.0,0.6666666666666666,1
VQNBWJ98,"<user> And, yes, I'll take my vaccines &amp; please keep ur unvaccinated kids away from mine. Go live in ur paranoia-filled cave.",1.0,0.6666666666666666,2
9T3BT4PP,"Good morning from MMR church (@ Mary, Mother of the Redeemer) <url>",0.0,1.0,1
VB6J390Y,Bitch I already got my measles shots allow it,1.0,0.6666666666666666,2
COR38DDF,"<user> <user> <user>

Vaccines safe 4 most not ALL kids

<url>

<url>

<url>",1.0,1.0,2
DF9NC7V8,"Jenny McCarthy is crazy for her stance on vaccinations. Vaccinate your children, dear god. <user> #dailyshow #vaccines",1.0,0.6666666666666666,2
RECBKU63,"As Fall Arrives, CDC Recommends Flu Vaccine: The CDC recommends that everyone 6 months and older take steps to… <url>",1.0,0.6666666666666666,2
9TL2I5GF,"<user> ""Hey its me I can't come in today I have measles.""",0.0,0.6666666666666666,1
Z14K4BDD,<user> I understand your fear. I was in your place but i learned #vaccinesdontcauseautism  #vaccinesNOVA  <url>,1.0,1.0,2
LSV2FU81,"Go check out <user> new single ""Body Bag"" feat #Dreamchasers ""Omelly"" #Turnup 🔥🔥🔥#MMR #DC <user> <url>",0.0,1.0,1
RNZ7M8AL,"Child vaccine mandate, minimum wage hikes and more taking effect in new year | via Fox News Politics | <url>",0.0,1.0,1
A2MMZ3TI,<user> count my whole family in! Screw the anti-vaccine celebrities AND the ignorance &amp; fear they created!,1.0,1.0,2
KLW13KHN,"Assault on 27XX S DORT HWY, Flint, MI (via spotcrime.com): Shooting/Stabbing. Pd & fd with mmr rig o/s with subject ... <url>",0.0,1.0,1
RFYHY2BP,<user> it's good if my MMR is so high that every win gives me 33 LP so it basically takes 5 wins in a row to go up in each tier.,0.0,1.0,1
S0V0YA14,<user> <user> they thought he had the measles.,0.0,1.0,1
O6IAOE2F,The measles are the new thing..lol,0.0,0.6666666666666666,1
98HLSIHZ,I'm your Muse tonight madhatterdc #mmr #clubbing #nightlife #photooftheday #partypeople #edm #top40… <url>,0.0,1.0,1
O7ESQRAJ,America's largest group of physicians just made a huge move towards ending personal vaccine exemptions <url> <user>,-1.0,0.3333333333333333,0
E4RZNIY5,More mumps cases confirmed on UW campus. Check your records and make sure you've had 2 doses of MMR vaccine. #vaccines,1.0,1.0,2
JR5501KY,Say no to forced vaccinations... IT MIGHT GIVE YOUR KID AUTISM OR THE GAY BE CAREFUL YA'LL,-1.0,1.0,0
DI94VM2Q,"8( Rt“<user> 15 Years After Autism Panic, Plague of Measles Erupts <url> (WSJ)”",0.0,0.6666666666666666,1
JOMRKJ0H,Getting my vaccines for Peru and Brazil. #ouch @ University of Georgia Health Center <url>,1.0,1.0,2
HGK3V729,Study reveals toxic level of aluminum #vaccines #autism <url>,-1.0,0.6666666666666666,0
DNIUAB7T,Measles Vaccine Wipes Out Cancer in Groundbreaking Test <url> via <user>,1.0,0.6666666666666666,2
KLYAH9P0,Disney measles outbreak: Resort asks staff for proof they're protected <url>,0.0,0.6666666666666666,1
NB2DTXC5,"Pizza Slice- ""I was just insulted.""

Me- ""Whatttt?! What happened?""

Pizza Slice- ""Someone called me a Pyramid with Measles.""",0.0,1.0,1
VRD4TZNL,"Idea: a kid's Romeo and Juliet story, only the conflict is one set of parents are anti-vacciners.",1.0,1.0,2
XS40HW13,<user> <user> I love the Johnny Bravo and measles episodes. I have memories of watching with my grandma when I was little.,0.0,1.0,1
VVYZ00BW,"Media types: Ask politicians whether vaccinations should be mandatory, not whether vaccinations for kids are a ""good idea."" Big difference!",0.0,0.6666666666666666,1
XFH9UUKB,California's vaccine bill: State Assembly passes legislation outlawing personal belief and religious exemptions: A… <url>,0.0,0.6666666666666666,1
LVT2ZDZG,Texas Science Haters and Jenny McCarthy Believers At Center Of Measles Outbreak <url> // should be the headline but isn't,1.0,0.6666666666666666,2
2RKFX9VQ,<url> <user>  #BOOTHWORK #BOMBSEASON #MMR,0.0,1.0,1
4GKG3C1Z,"<user> #MERS now in the U.S.  What is the saying- ""one plane ride away""?  At least there is a #vaccine for #measles.",1.0,0.6666666666666666,2
XYUPPEQ4,"Every time I see the ""to vaccinate or not"" debate, I wonder if those on one side of the argument should even have children.",1.0,1.0,2
VDJOL9XZ,<user> so is it about a small chance that could cause autism? or is it the fact that no vaccines now are equaling death!!!???,1.0,0.6666666666666666,2
PODCZX0J,"Good point in child vaccines bill- ""small employr also want to only pay for their kids but they pay for all""<user> <url>",0.0,0.6666666666666666,1
JY6N9TC1,"AM-News : Pioneering Measles Vaccine Researcher Has Anecdotes, Insight, Perspective, and Generosity to ...:... <url>",0.0,0.6666666666666666,1
41URLZBO,“<user> HB's going to give us measles” <user> <user> <user>,0.0,1.0,1
E80YNWAS,problem w/ almost eradicating measles in 2 generations is we've got people who don't know how awful the disease is and it's still here.,1.0,1.0,2
PELJ78V1,"When 50% no longer believe the moon landings happened, it's one thing. When 50% believe vaccinations are harmful, we have a real problem.",1.0,1.0,2
WSMOFWFX,<user> <user> a vaccine is just a weakened agent of that disease so that your immune system can learn to fight it. Your body,1.0,1.0,2
MZ04DJGA,"<user> <user> the majority of Americans have had their MMR, go to the southern border with that argument...",-1.0,0.3333333333333333,0
KEZEYWNA,Kiddos Appt. #Immunizations #Physicals 💉😷,1.0,1.0,2
JNAKPYNH,That moment it's the last basketball game of the season...and two kids out with streptococcus and your kids 1 of 2 ...😥😡 #VACCINATEYOURKIDS,1.0,1.0,2
0WXLXI5G,"BBC News - 'Milestone' for child malaria vaccine <url> 
It's not THE vaccine for malaria, but it is A vaccine for malaria.",0.0,0.6666666666666666,1
BFRU3KIH,The saddest story #RoaldDahl ever wrote was about his daughter’s death from #measles ... and a plea for #vaccination <url>,1.0,1.0,2
RSVWY0P7,<user> but you and yours is vaccinated right? So you have the protection from us crazy people. Or do you not believe in the poison?,-1.0,0.6666666666666666,0
1WRVUDIQ,<user> unvaccinated children should fucking get vaccinated!,1.0,1.0,2
BT2VM3Q0,"HEALTH CARE: 
Bachmann: HPV
""Vaccine linked to mental retardation""
Do you stand by your statement?
Parental Rights to Drug Company...",-1.0,1.0,0
VEPE8NZ7,"I don't have children. But if I did, I'd be really ticked off at parents who don't have their kids vaccinated.",1.0,1.0,2
O4DO251C,"Leave it to <user> to make #measles about <user> #morons #MH370 
Cc <user> <user> <user> <url>",0.0,1.0,1
LHIFRRF2,<user> what's measles? And aggravated. I could pull my hair out!,0.0,1.0,1
SD8BXATJ,<user> not sure If karma got me from making those measles jokes or what. But I've been sick with a fever since Monday,0.0,1.0,1
1GFTEAEI,<user> Unpacking while listening to MMR!  Seems like I was just there yesterday....oh wait.... I was :),0.0,1.0,1
SD6YP4XK,Parents of infants concerned about latest measles outbreak: Parents in Indiana tell Eyewitness News they're… <url>,0.0,0.6666666666666666,1
5EFHE0JM,"<url>
YJAT ft Chub-Z 
""From Nothing""
Plz like and share take a minute from it time and play the song MFP MMR 
#Masterfade",0.0,1.0,1
LBXKH0VQ,people that don't vaccinate their kids are so stupid,1.0,1.0,2
KL2J5LAB,Last time I let you cook you know measles medicine costed fucking 18 coins back then <user> <user> <user> <user>,0.0,1.0,1
MWEL32IG,<user> Stop Vaccines!  They kill and injure thousands needlessly.,-1.0,1.0,0
4D4088QE,S/o to <user> for covering Sen. Correas' immunization efforts for the health of us Huskers! <url> <url>,1.0,0.6666666666666666,2
C0OUZLY3,“<user> ICYMI there are now 6 cases of measles in Illinois <url>,0.0,1.0,1
01WVQ80N,"""<user> Measles is so contagious that if 1 person has it, 9 in 10 of the people nearby will get infected if not protected. #getvaccinated""",0.0,1.0,1
DPAXFKU3,"<user> This is verifiably false; evidence suggests that vaccines, at best, do nothing, and at worst, cause brain damage or death.",-1.0,0.6666666666666666,0
I0ZZX7L9,"Health Economist, Vaccine Access and Delivery, Seattle, Washington, United States <user> #jobs <url>",0.0,1.0,1
ERHU7NDJ,North Texas County Investigating 2 Cases Of Measles: TARRANT COUNTY (<url> – The disease more... <url>,0.0,1.0,1
0FMXYUEY,"Why you should, and shouldn't, worry about measles <url>",0.0,1.0,1
EITQ5M4Q,"#BullsandBears measles think it might be due to illegals released into our population, people not vaccinating.",1.0,0.6666666666666666,2
AABZOQJP,Still oppose vaccine? “<user> #Measles outbreak: The epidemic isn’t near; it’s already here <url> #Pakistan”,1.0,0.6666666666666666,2
4XZA7PS9,"<user> yes ma'am,  the kids just don't seem to have the immunity that we had as kids.",0.0,0.6666666666666666,1
KUFSCDDZ,<user> Thanx 4 article.Vaccines had almost nothing 2 do w drop in caseses/deaths <url>,-1.0,1.0,0
ZQMAHUWX,Child goals “<user> At Treys 9/10 month checkup. He doesn't know he's getting vaccines yet... <url>,1.0,1.0,2
HS3M8U3G,Parenting privileges should be taken away for people who have children that CAN get vaccinated but choose not to,1.0,0.6666666666666666,2
H20PC9GG,#BTS w/ <user> at <user> #MakingRecordsBreakingRecords #OWWR #jennifair #mmr #somage #famous <user> <url>,0.0,1.0,1
B49VWBJT,"Parents who don't vaccinate their kids should be visited by CPS. Completely irresponsible,  not only for their child, but everyone else's.",1.0,0.6666666666666666,2
QBXQOETW,WAY overdue “<user> Measles outbreak -&gt; reckoning on the politics of vaccination <url> | Getty <url>,1.0,0.6666666666666666,2
ECSZGPG6,Measles continues to spread in Orange County <url>,0.0,1.0,1
PWGQTWIU,"According to <user> 80,000 children in Pak haven't been immunized against <user> about 22,000 of these children hail from <user>",1.0,0.6666666666666666,2
QIL8HL2C,Vaccinate your children. Goddamn.,1.0,1.0,2
30FUT3IC,"“<user> welp, the CDC is now recommending that boys should get the HPV vaccination too. lol.” hahahahhaa",-1.0,0.3333333333333333,0
JOVZCMEE,Mean mom award of the day goes to me. Both kids got vaccines. One got a haircut. Dragged them around for 6 hours today. #meanmom #mommylife,1.0,0.6666666666666666,2
FTE48OKW,Profectus BioSciences gets another $9.5 million for Ebola vaccine work: Baltimore pharmaceutical firm Profectus… <url>,0.0,0.6666666666666666,1
2GX3B4OI,"Screw you, Gov. Rick Perry! The vaccination of children is a decision that should be left up to parents, not the gov't! #mandatoryHPVvaccine",-1.0,0.6666666666666666,0
RWHWKMEH,"“<user> On average, ppl who complain live longer -- Releasing this tension increases immunity and boosts their health.” I'm invincible",0.0,1.0,1
R5Q9SGB2,"<user> and most flu vaccine have small amounts of Mercury, which is bad for you. You can build your immune system by a healthy lifestyle.",-1.0,0.6666666666666666,0
LEX5BYIS,"👍""<user> Doctor to parents: Vaccinate your kids or GTFO <url> <url>",1.0,1.0,2
GAY21UBO,Want to raise your child “all-natural”? Fine. Don’t complain when he/she gets sick. Measles and disease are natural. <url>,1.0,1.0,2
9OTPD9LR,#MMR <url>,0.0,1.0,1
WM0KL3V9,Sharing <user> with the Model UN Club at Los Osos High School #vaccineswork,1.0,0.6666666666666666,2
E0ZNQKS7,The Disney Measles Outbreak A Mousetrap of Ignorance <url>,0.0,0.6666666666666666,1
HNBKX6ZW,RT <user> Illinois law financially penalizes public schools when vaccination rates drop below 90… (cont) <url>,0.0,1.0,1
4SQXGFC5,US measles count rises to 121; most linked to Disneyland: Health officials say the number of measles cases in the… <url>,0.0,1.0,1
KCQG35VN,I pray my Goober doesn't have measles......she's gonna be upset if she misses school this week!,0.0,1.0,1
PASMDEBZ,Everyone bring your dog to alvirne to get vaccinations! Support the vet kids going to Kentucky for nationals!,1.0,0.6666666666666666,2
DV70CBUJ,It's a free country. If you choose to vaccinate your child or not is your business and not anyone else's.,0.0,0.6666666666666666,1
IZCVGGSS,"""<user> 'Delaying vaccines increases risks-w no added benefits' (Scientific American, 2Jun14): <url> Interesting.",0.0,0.6666666666666666,1
QZA9LP9T,Measles on BART? Are we going to have to have to ford the Transbay Tube next and hope all that's sacrificed are a few bikes? #OaklandTrail,0.0,1.0,1
FPDPFV6J,Too rich to get sick? Disneyland measles outbreak reflects anti-vaccination trend <url>,-1.0,0.3333333333333333,0
QSHW6MHQ,New Recommended Immunization Schedules out from #cdc <url>,0.0,0.6666666666666666,1
HILODVPL,Yo...<user> #mixmasterrod #mmr #follow #dj #dc #dupontcircle #madhatt @ MixMasterRod's Upstairs Lounge <url>,0.0,1.0,1
G795SR7J,How are Mississippi and West Virginia the only two states that don't allow nonmedical vaccination exemption?,-1.0,0.3333333333333333,0
P2UNMPU2,"Measles surges in UK years after vaccine scare: More than a decade ago, British parents refused to give measles... <url>",0.0,0.6666666666666666,1
QWQWI9EU,"California Measles Cases Rise to 59, Majority Linked to Disney Visits <url>",0.0,1.0,1
O8B914DK,"RT <user> A call about vaccines just came in. Mark revealed that his son is unvaccinated. Is this child abuse? Yes, without a doubt!",1.0,1.0,2
58E54FP9,<user> It's on purpose. Your MMR is scaring the crap out of other players. I'm terrified and I'm not even in Dota right now. ;),0.0,1.0,1
3B6920U3,LIVE @ #longbeach health dept where residents being alerted after confirmed measles case and public exposure <user> <url>,0.0,1.0,1
TPV6WSPC,"When diagnosed w/ disease, natural to look @ events just before (like vaccine): beware recall bias, assumptions #NMOaction <user>",0.0,0.6666666666666666,1
JMQXWQUI,Some are allergic to the truth. Wish there was a vaccine for such disease. | #ignorance,0.0,0.6666666666666666,1
WQYLEK82,"Vaccinate your kids people! ""<user> It's impossible to argue with results like this. #vaccineswork <url>",1.0,1.0,2
RDAER6LB,CDC Vaccine Information Statements Update <url>,1.0,0.6666666666666666,2
RNK0QVTM,HB2101 [NEW] Public finance; Whistleblower Liberty Fund Act; immunity; award of funds; effective date. <url>,0.0,1.0,1
9S009NK3,Health Officials In Delaware Valley Highlight Importance Of Measles Vaccine: With one potential case of measles in… <url>,-1.0,0.3333333333333333,0
GA1GFO0F,“<user> Gates Foundation pledges $1.55 billion to immunize poor children <url> <user> #wowzers 👍,1.0,0.6666666666666666,2
YAH676B3,<user> <user> Couldn't Ms. Lerner be offered immunity and therefore not need to take the 5th in the interest of truth?,0.0,1.0,1
MVFQISDF,"Let the b****ING begin..UberFacts: People who complain live longer -- Releasing this tension increases immunity and boosts their health.""",0.0,1.0,1
CKQQMLUD,"I Will Never Vaccinate My Child
 <url>",-1.0,1.0,0
RV9YDOGZ,Someone told me that regardless of safety they think kids get too many vaccines.. it's a lot but nothing unreasonable <url>,1.0,1.0,2
ND7JR6U2,"Is there seriously a fucking measles outbreak right now,like we have to worry about this? I dont have time for this shit VACCINATE YOUR KIDS",0.0,0.6666666666666666,1
BMVN27VZ,<user> wow. They're better off reading about autism on Wikipedia than calling off all immunizations and endangering their kids.,1.0,0.6666666666666666,2
H210N9L9,So we need to quarantine her! “<user> Pregnant reality star does not believe in vaccinating children: <url>,1.0,0.6666666666666666,2
II5IDT3W,<user> why are you so concerned with employer health insurance covering women's birth control and not other things like Viagra and vaccines,1.0,1.0,2
RQ2WB8DV,You can thank vaccination for that! <user> don't vaccinate you children! Why do you think there are so many f'ed up kids out there,-1.0,0.6666666666666666,0
L4QFMYOK,I ran 4.824 <user> to help <user> vaccinate children worldwide. #EveryMileMatters Because running makes everyone happy :),1.0,1.0,2
RKVUDE73,"What Really Happens When You're Infected With Measles, In One Chart <url>",0.0,1.0,1
AZFPWYPF,so I don't have to get another MMR vaccine we all get them shit when we're little wtf,0.0,1.0,1
2E3XSDAR,Pa. senators propose criminal immunity for kids involved in sex trade: State lawmakers are following up last year's… <url>,0.0,1.0,1
H5FMWXBC,My poor baby is having a reaction to his vaccines today 😞,0.0,1.0,1
FXW31TFI,1st Measles death in US since 2003: Washington state health officials say measles caused the death of a woman from… <url>,0.0,1.0,1
9M6Q3141,<user> <user> Especially since the amount of Vaccines!  Did you google Uncle Tungsten?  Check out how Mercury/Aluminum interact!,0.0,0.6666666666666666,1
EEMEMKWU,"From <user> Chris Christie supports parents who choose not to vaccinate their kids, turns the issue partisan. <url>",-1.0,0.6666666666666666,0
SD1W8P09,<user> <user> has anyone connected measles with an ongoing flood at our southern border? #cluelessPOTUS,0.0,1.0,1
T7AOTBNV,Is it normal to get deathly ill from vaccines lol,0.0,1.0,1
DECHF0SO,"We drove by Walgreens and Barbara said ""School Immunizations. Does that prevent you from going to school?""😂👏",0.0,1.0,1
C43T6GNI,"Measles is in Camarillo &amp; everyone's freaking out. Thanks, Disneyland 😒",0.0,1.0,1
9BW5LQGR,<user> <user> <user> Your original tweet specifically talked about vaccinations <url>,1.0,0.6666666666666666,2
WVX8UGZR,"Nurse reports 97.5% of GFPS kids have MMR vaccination, 98.6% have TDAP. #vaccinations #mtnews #gfps",1.0,0.6666666666666666,2
9CVXYHPA,"Damn you people! RT ""<user> Health officials report first suspected case of measles in Tehama County <url>",1.0,0.6666666666666666,2
HBX5GOU7,The fact that my consumer just informed me of her vaccination against having children&gt;&gt;&gt;😂😒😳,0.0,1.0,1
FPYMWV3F,"Personal statement: I nearly died of #measles at age 9. I knew kids who did die. Please, please: vaccinate your children.",1.0,1.0,2
LDBW34JT,Great presentation by Neal Lustig of Pomperaug District Dept. of Health at Vaccination Billing meeting / training today in Wethersfield.,0.0,0.6666666666666666,1
CTHQFB8S,<user> <user> <user> U think humans don't have natural immunity 2 disease?,0.0,0.6666666666666666,1
PASCOR76,"<user> Not shocked.  It's horribly bad for you.  Like, not vaccinating your kids for measles.",1.0,0.6666666666666666,2
U34RSEXC,Hey FUCKTAWRDS AMERICANS! #vaccinate your freaking Children! I'm tired of this insanity! #polio #MeaslesOutbreak,1.0,1.0,2
VJMQALMI,<user> <user>   I'm pissed. measles outbreak  lets blame the American parents 4 not vaccinating.Root cause. Mexican illegal children?,-1.0,0.3333333333333333,0
K6Z57C18,Got my flu vaccination at Rite Aid this evening and already feeling symptoms of autism creeping up on me. Why didn't I trust the teabaggers?,1.0,0.6666666666666666,2
CQJ51Y1O,No shots at all. MMR vaccine included #87 <user> <user>,0.0,0.6666666666666666,1
8TYXB1L7,"Reading On Immunity by Eula Biss. Fascinating! With the anxiety I feel at every health check up for my kid, it's nice to read up on",0.0,1.0,1
9ZD6951Q,Picking up food and a whooping cough vaccine (@ Safeway) <url>,1.0,1.0,2
51HDUW7X,Baby Gwyn got her first set of immunizations today and the only thing on my schedule today is cuddling. Cuddles cuddles cuddles,1.0,0.6666666666666666,2
T6TAU9IZ,<user> do vaccines cause autism?,0.0,1.0,1
SB9E9JRC,I convinced jenny McCarthy vaccines cause autism #NaughtyListBecause <user>,0.0,0.6666666666666666,1
AH06ZS9J,"What did i say?! ""<user> Health experts hope to have millions of experimental doses of Ebola vaccines ready by 2015. <url>",0.0,0.6666666666666666,1
4EO8JMLR,<user> I can't. My brother had an awful reaction. And my friends child developed autism after her first vaccines.,-1.0,1.0,0
3ZKJCQYV,The people on NBC's The Slap are the reason measles are coming back,0.0,1.0,1
GLSMKDKC,<user> #GOP STOP blaming #Immigrants first #Ebola now #measles Which diseases?brought their ancestors? #AINF <url>,0.0,1.0,1
TZBER8V1,"Hey Tim! When our first baby was born in Tucson,AZ the pediatrician said she would NOT treat us if we weren't immunizing. Hired!",1.0,0.6666666666666666,2
37FCYW67,US measles cases reach 20-year high <url>,0.0,1.0,1
S5RSAK5B,"Measles cases at 14-year high, mostly among those who aren’t vaccinated: Young boy with measles rash. (Credit:... <url>",0.0,0.6666666666666666,1
0NBPDJZD,"“<user> On average, people who complain live longer -- Releasing this tension increases immunity and boosts their health.” <user>",0.0,1.0,1
N3HC1KRP,<user> and I bet she told you all about it. Bet she's not vaccinating her kids either.,0.0,0.6666666666666666,1
0JG9ITML,"<user> nightmarish 1 in 68 autism % is environment ( pesticides, food additives, 100s more) + genetic.Vaccines MAY affect 7%. Not sole cause",1.0,0.6666666666666666,2
N530BVW8,Disney-linked measles outbreak soon to be over in California: A measles outbreak that began at Disneyland and… <url>,0.0,1.0,1
B7NUIN3Y,AM-News : Toronto Public Health recommending vaccine for gay and bisexual men ...: An ongoing outbreak of... <url>,0.0,0.6666666666666666,1
HSQAVF9C,Lightweight watching out if my cold is actually measles. 😳,0.0,1.0,1
IH7UKJOP,Not dead virus-Its live attenuated. Trial expanding “<user> Myeloma therapy using measles virus alive and well <url>,0.0,1.0,1
GHCFK7TF,"Measles, polio, &amp; co. making a comeback?? Come on parents vaccinate your kids for crying out loud",1.0,1.0,2
D6QPS33A,Hm. Must be a weird coincidence. RT <user> Measles in US by state before &amp; after vaccine was introduced <url>,1.0,0.6666666666666666,2
MCRTYR62,Pedagogy has advanced for over 400 years. Home schooling steps away from that. It is often like the anti-vaccination movement. #AJStream,1.0,0.6666666666666666,2
Y7MTELTN,Taylee's getting her second round of immunizations today. I feel so bad for my baby! (@ Avera McGreevy Clinic West) <url>,1.0,0.6666666666666666,2
LZSDWTZT,Vaccination? RT <user> How Germany has kept its cool during a recent measles outbreak <url> <url>,1.0,0.6666666666666666,2
GZ33G6DI,Accomplished a great goal tonight on the Druid 2k mmr in 5s. Definitely my most favorite bracket!,0.0,1.0,1
04M10E2J,<user> <user>  I'm pissed. measles outbreak  lets blame the American parents 4 not vaccinating.Root cause. Mexican illegal children?,0.0,0.6666666666666666,1
WB1WLDHL,<user> <user> I saw 4 kids die of meningitis in my hometown for similar reasons. Vaccinated the whole town and nothing since,1.0,1.0,2
FPHSSDLM,<user> I dont believe in medical science vaccines are on the rise killing these generations,-1.0,1.0,0
IGGF56PI,<user> mmr has been over since November 😐,0.0,1.0,1
LA7R51JI,"<user>  actually i'm blaming flouride,aspartame &amp; vaccinations also media&amp;public schools. cannabis is the only thing that could save us.",-1.0,0.6666666666666666,0
IE0BHD55,"All ages, from all places, working together to save children <user> #vaccineswork <url>",1.0,1.0,2
Q5AD47HI,Can't even imagine how angry and scared parents of too-young-to-vaccinate kids are right now,1.0,1.0,2
2N6FLVEX,Visitors to Long Grove Menards may have been exposed to measles: The Lake County Health Department issued a warning… <url>,0.0,1.0,1
X0CEWU6B,...Yo $1.00 Mugs <user> Nuff Said... #mmr #mixmasterrod #follow #photobomb #picsoftheday #splat… <url>,0.0,1.0,1
4P8TQQY3,"#ebola scare.  We should ban flights from W. Africa, get vaccine or treatment protocols to Ebola victims there. #afraid of a U.S. epidemic",1.0,0.6666666666666666,2
EYI5C0PQ,<user> skeptical about the ingredients in vaccines. Causing autism!!! CDC will cover up .Big $. In meds,-1.0,1.0,0
4V8YDZY3,"<user> We live in a county with laws designed to preserve r society. If you choose to not vaccinate your child, there r consequences.",1.0,1.0,2
CRPNYIXV,#elisenoellestoltzfus enjoyed getting #adjusted this weekend! #relaxed #health #natural #immunity… <url>,0.0,1.0,1
N01D9LS2,#karma Whoopi had whooping cough sitting next to Jenny who scared parents into NOT vaccinating their children,1.0,0.6666666666666666,2
F9AQYZQ8,Immunizations That Most Schools Require <url>,0.0,1.0,1
P38AUGMZ,Health center for immunization… oops! Not painful at all @ Cambridge School of Weston <url>,1.0,1.0,2
TMC0LY3H,"Shelter for immigrant kids receives flu vaccine to prevent outbreak: To prevent a flu outbreak, the state health... <url>",1.0,0.6666666666666666,2
STLZP6XK,Nothing pisses me off more than young mothers who know nothing about microbiology or immunology refusing to vaccinate their child.,1.0,1.0,2
OSC9UO4O,I'm totally going to Disneyland! I've had my measles vaccination and the lines will be shorter!,1.0,1.0,2
A2C1P7OV,<user> sorry I disagree. I am immunosurpressed &amp; measles could kill me. Chicken pox causes severe shingles 4 me.,1.0,0.6666666666666666,2
M8RV05LJ,"<user> with the current outbreak of measles they are suggesting adults get a booster for measles, mumps and rubella.",1.0,1.0,2
6521RWR3,#MMR reviewing Jennifair new single <url>,0.0,1.0,1
7HGGVLMG,MT <user> What is #measles? What are symptoms? Find answers to these Q' s &amp; more ... <url> <url>,0.0,1.0,1
707KONYQ,I agree w/ DelGrosso: bill does say those who don't immunize kids are ignorant - because they are. <url> #coleg #copolitics,1.0,0.6666666666666666,2
OO0UZA1U,Fuck you mean you aint gonna vaccinate your kids,1.0,0.6666666666666666,2
QZX6OHD9,"Don't shake his hand, Pocahontas! That's probably why we have measles now! #Pocahontaslivetweet",0.0,0.6666666666666666,1
1FIQUU22,"This it sounds good!  from Pet Balu, your pet...your store!
#Safepets #microship and #vaccines @ Pet Valu <url>",1.0,0.6666666666666666,2
7SM4VBQT,travel vaccinations. #kenyabound  @ King County Public Health Clinic <url>,0.0,0.6666666666666666,1
D6O51OX9,. #California #vaccine  legislation spurs legal debate over right to #education <url> #health,0.0,1.0,1
2XVCMHTZ,My weapon of choice - the measles ball #golf #westchester #gkmobile   @ Westchester golf course <url>,0.0,1.0,1
FQ4WUK1V,<user> <user> <user> The reason ppl say this stupidity is because 99% of population have been vaccinated stop diseases,1.0,1.0,2
RDR3CQ9Z,#mmr7thyranniversary 4/26 @ 4Sixty6 @ MMR 4 LiFe <url>,0.0,1.0,1
70PTBWAM,Public Health Officials Know: Recently Vaccinated Individuals Spread Disease <url>,-1.0,0.6666666666666666,0
VGEA5XDP,"Hey, I just saw a video where Dr. Oz says he doesn't #vaccinate his children. Anyone know anything about that?",0.0,0.6666666666666666,1
1VVWG6TN,La Salle Nursing Professor: Not Getting Your Children Vaccinated ‘Endangers The Health Of Your Community’ <url>,1.0,1.0,2
EGB99QE2,Frantically adding ballast weights on our #105dragcar with #mmr. Gotta hit that 6 second time!… <url>,0.0,1.0,1
O3JQ0GNJ,SR57 [NEW] A resolution raising awareness of the importance of vaccinations in preventing meningococcal disease;... <url>,0.0,1.0,1
5CE19OXB,"Willing to pay $10,000,000 for poison ivy vaccine",1.0,1.0,2
HRPFNSBO,Did you know if you are not from this country you don't have to get your shots! That means I could go to college &amp; get the measles.,1.0,0.6666666666666666,2
3UQ3D3S1,To the parent of an unvaccinated child who exposed my at-risk kids to measles <url> via <user> <user>,1.0,1.0,2
ORYVRKVQ,<url> #autism link to #vaccines,-1.0,1.0,0
D11W22W9,<user> I am amazed that there is any debate on whether or not to vaccinate against disease.  What if we were talking about Ebola !,1.0,1.0,2
TFV9B8LP,"""<user> WAIT, SMASH MOUTH STILL EXISTS?!"" &gt;And yet some parents won't vaccinate their kids. Wait... Are we on the same page?",1.0,0.6666666666666666,2
HKGU4RSG,THIS SATURDAY DEC12 MMR RETURN!! <user> mmr_kamillion <user> <url>,0.0,1.0,1
6M4VLZTF,<url> dropped the ball on letting mercury in vaccines 1 day it come out,-1.0,0.6666666666666666,0
SA087W32,"“<user> On average, people who complain live longer -- Releasing this tension increases immunity and boosts their health.” <user>",0.0,1.0,1
1YGNGCIU,"Vaccinations are complete, I'm all set for my trip to DR Congo to visit the Epi school.... <url> <url>",1.0,1.0,2
5R3D7R2M,Measles patient visited 'multiple' locations in DC/Fairfax Co Prior to Diagnosis: A confirmed case of measles is… <url>,0.0,1.0,1
TDYNEV4W,Health department teams up with Milford public schools. Vaccine your child. <url>,1.0,1.0,2
4EEDH0NQ,With statistics like this I will never understand why people choose to not vaccinate their children. 😤 <url>,1.0,1.0,2
N9M0S722,Weird. I thought Ben Carson (conservative) just said all kids should be vaccinated. Sigh... <url>,1.0,0.6666666666666666,2
ZNCFI833,To the people who don't believe in vaccinating your children : Why???,1.0,0.6666666666666666,2
JFKI1M33,<user> I agree!  My legs look like I have the measles!,0.0,1.0,1
Z1KRAXD0,Noah's measles came from patient zero!! Oh yeah! Watch out here comes the #BensonStare!! <url>,0.0,1.0,1
XBH1DSG3,"<user> Try and keep a child from Scratching and leaving scars! The vaccines are not the problem, the environment is!",1.0,1.0,2
U1KBDTPS,To the parent of an unvaccinated child who exposed my at-risk kids to measles <url> via <user>,1.0,0.6666666666666666,2
H143M8ZQ,"1st U.S. Measles Death In 12 Years Reported In Washington State: For the first time in 12 years, a person in the… <url>",0.0,0.6666666666666666,1
4G1L7SCK,Those who didnt get their kids vaccinated because of Jenny McCarthy will never fall for a celebrity's medical advice again. #sarcasm,1.0,1.0,2
CYI5NOOL,Trying to win back the kids' trust after I surprised them with vaccinations this afternoon. @ Molly… <url>,1.0,1.0,2
HURGT88D,"Even if the flu vaccine is only 60% effective against preventing the flu,it's almost 100% effective in preventing death from flu. #influenza",1.0,1.0,2
8IK3N1P4,"“<user> On average, people who complain live longer -- Releasing this tension increases immunity and boosts their health.” yayyyyyyy",0.0,1.0,1
OH6R832X,My ’70s Health-Nut Parents Didn’t Vaccinate Me. This Is What My Childhood Was Like. <url> via <user>,-1.0,0.3333333333333333,0
7GY7DUQN,Good vibes and love to the AZ dept of public health w/your measles contact investigations. #thisispublichealth #iknowyourpain,1.0,0.6666666666666666,2
IJZ6RM4B,One of the few things I miss about Philly - 93.3 MMR. And can pick it up on 78 near Hamburg.,0.0,1.0,1
Y2ORRPLE,"<user> <user> <user> <user> <user> According to both the CDC and the vaccine manufacturer, Tdap is supposed to",0.0,0.6666666666666666,1
X5TWRTHE,<user> vaccine injury occurs but not to the degree they say,1.0,0.6666666666666666,2
D7MDUA2E,"I've revised my measles position. Don't make it illegal not to vaccinate, make it illegal to bring your unvaccinated kids in public.",1.0,0.6666666666666666,2
TK2GSISL,<user> Does Autism Speaks espouse anti-vaccination views like the NAA?,-1.0,0.3333333333333333,0
1UKO0N84,1st case of measles confirmed in New Jersey <url>,1.0,0.6666666666666666,2
ZXCPO6XG,Not vaccinating ones child should be a criminal offense for child neglect and public endangerment.,1.0,1.0,2
GGSPNTV6,<user> tough on surgeon general.  Why not ask have any vaccinated kids contracted measles #MeaslesOutbreak,-1.0,0.3333333333333333,0
SGR6OZ88,<user> CA reporting 23% of measles cases vaccinated <url>,0.0,0.6666666666666666,1
VBS9SQSQ,Kisses blown r kisses wasted kisses arent kisses unless they r tasted kisses spread germs and germs are hated so kiss me baby im vaccinated😁,0.0,0.6666666666666666,1
RXGINWS5,Mercy - a moment of sanity!!! RT <user> Ben Carson On Vaccinations: We Shouldn’t Allow Diseases To Return <url>,1.0,1.0,2
J3J6WQ74,<user> Are you sure that's not from a smallpox vaccine? Measles vaccine isn't known to leave a scar,0.0,0.6666666666666666,1
BGGEEAB2,So my kid can't bring a peanut butter sandwich to school for herself but yours can being the measles to share with everyone?,1.0,0.6666666666666666,2
56462JDP,California Legislature passes strict school vaccine bill: SACRAMENTO &gt;&gt; California lawmakers have passed a… <url>,0.0,1.0,1
88TSOYG0,<user> well a quack doctor once wrote a completely debunked paper that he later retracted. Great reason to bring back measles.,0.0,0.6666666666666666,1
HZB9L862,“<user> An 18-month-old who had not been vaccinated against measles has died of the virus. <url>,1.0,1.0,2
5S6FH2BP,Outbreak fears rise as childhood immunization exemptions increase: The percentage of Arizona parents citing personal... <url>,-1.0,0.3333333333333333,0
QIUT7ANR,<user> I don't think you have any idea what professionalism is. STOP using autism as a scare tactic <user> <user>,1.0,1.0,2
A1NZBKNW,<user> <user> Vacs protect the greater society; babies too young for them. As a nation we ALL took Polio vaccine in 60's.,1.0,1.0,2
YSIB1L9A,<user> I know...I guess I have to build up an immunity to kid germs...,0.0,1.0,1
W800D144,"If you don't vaccinate your children from preventable diseases, for whatever reason, you're a danger to us all. <url> #Fail",1.0,1.0,2
59FMV4QJ,"Muppets, Marvel, Star Wars- now measles? Disney owns everything!",0.0,1.0,1
3R2E2J9Z,<user> it was originally gonna just be VACCINATE YO KIDS but it sounded better when I told everyone to hide their wives. i think.,1.0,0.6666666666666666,2
0OZVRLO4,"just googled a ? Re measles, people r so ignorant about childhood diseases, all responses were about chicken pox or mumps or autism #measles",0.0,0.6666666666666666,1
2G8HSI22,<user> <user> I'm a nurse and I can't believe people don't get there kids vaccinated this is clear proof that it is the thing to do!!,1.0,1.0,2
8Z7ZV6V6,<user> exactly- I'd feel so bad if my kid killed another kid. No vaccines but processed foods and led paint are cool haha,1.0,1.0,2
IGE6VYMB,OMG. Rt <user> parents have been arrested in Pakistan for refusing their children’s polio vaccinations. <url>,0.0,0.6666666666666666,1
EPTUNC67,"SB550 [Update] In child protective services, further providing for definitions, for immunity from liability, for ... <url>",0.0,0.6666666666666666,1
5RERYYFG,what's this trend with parents not wanting to vaccinate their kids......,0.0,0.6666666666666666,1
7UOXJ3S0,Requests For Hepatitis A Vaccine Skyrocket After Outbreak: ARVADA (CBS4/AP) – Colorado health officials say the... <url>,1.0,1.0,2
B46VAY3W,<user> <user> because vaccines do not cause autism. But <user> should speak up for our discrimination <url>,1.0,1.0,2
BKX19X0G,"Study: No link between vaccine, autism: The vaccine for measles, mumps and rubella doesn't bring an increased risk… <url>",1.0,0.6666666666666666,2
6NDMY0HD,(io9): These 19th Century Maps Show Measles Death Rates Before Vaccines  <url>,0.0,0.6666666666666666,1
WKPASG3Q,"((ELB)) Measles is Not a Mild Disease: Measles Is Not A Mild Disease I had measles when I was eight years old. In those days, Massach...",0.0,1.0,1
Y7YCBSZ6,Max is home from school already and <user> isn't even up yet and I've been shop vaccing all morning upstairs and on the stairs.😒,0.0,1.0,1
G8COUMQQ,Please vaccinate your children.,1.0,1.0,2
QTE3D6XA,“<user> Now they got a measles outbreak..” Been at Disney land,0.0,1.0,1
SAU1WNA9,I don't know why people think not vaccinating their kids is okay. I couldn't watch my child slowly get paralyzed from polio....,1.0,1.0,2
H8EK63V4,"<user> good, I'm referring to you saying that regardless of truth people should believe what they want. Apply that to vaccines.",-1.0,0.6666666666666666,0
IJ9DO0U5,<user> <user> THERES FUCKING MEASLES IN RIVERSIDE,0.0,1.0,1
ZC63FQIO,Vaccinate your kids y'all!!!,1.0,1.0,2
XSAJZVOG,Roald Dahl becomes sage of US measles outbreak <url>,0.0,0.6666666666666666,1
Z9SGAZFE,<user> GOD I AM A BORED SUBURBAN MOM oh my god VACCINES ARE TRYING TO RETARD MY CHILD,1.0,0.6666666666666666,2
TTDP36CZ,60 million doses of HPV given in the US. It's safety is being monitored and has proven safe. Prevent cancer with a vaccine. #vaccinesNOVA,1.0,1.0,2
1TZU4WEH,"On vaccines, autism, and the fraud behind any supposed connection: <url>",1.0,1.0,2
C2T7II41,"The Daily Word: AIDS vaccine, #TSA pats down baby, Nazi guard - <url> | by <user> #abq #nm #food #BinLaden",0.0,1.0,1
8V0THCJU,<user> ahhhh!! I Wish. Home with kiddo. Client work and vaccines. :),1.0,1.0,2
ITOYTA8G,"HEALTH: Saving lives for the price of a cup of coffee. LONDON, 14 June 2011 (IRIN) - The Global Alliance for Vaccine... <url>",0.0,0.6666666666666666,1
SX5JG59J,<user> why has there been no coverage of #CDCwhistleblower? #EndMediaBlackout to honor Vaccine Injury Awareness Month #VaxTruth,-1.0,1.0,0
KHP90T2Z,SB1911 [Update] Public health; allowing health departments to assess an administrative fee for immunizations to ... <url>,0.0,1.0,1
TCI5NXN3,"<user> Yes, Vaccines where given to African women &amp; became sterile afterwards..&amp; Pro-Vaxxer &amp; Depopulationalist Bill Gates promotes it",-1.0,1.0,0
1AWWJRA1,<user> YES! Let's Make HPV Vaccination a Public Health Priority <url> via <user>,1.0,0.6666666666666666,2
ZNJINOPJ,If a dr wanted to test #anthrax vaccine on my kid he'd look awfully funny with a syringe sticking out the side of his cranium,-1.0,1.0,0
0KZIJXB3,"If you're pissed The Patriots won the #SuperBowI, at least take solace in the fact they might catch the measles at Disney Land.",0.0,0.6666666666666666,1
TEBWC9QE,"State budget deal &amp; gas tax hike, Senate immigration reform bill, NFL criminals, Bellingham measles and more next hour on the Morning Show.",0.0,1.0,1
PY25C5TY,People that don't vaccinate their kids piss me the heck off.,1.0,0.6666666666666666,2
Z40N2Q5O,CDC urging parents to get flu vaccines for their children: The CDC is urging parents to get their children... <url>,1.0,0.6666666666666666,2
N9I59R4N,"Any trip to the vet, regarding more than just annual vaccines, scares me.",1.0,0.6666666666666666,2
T4TN8PXD,How many measles cases are illegals?  #oneluckyguy,0.0,0.6666666666666666,1
VT2XSJ07,"#Repost <user> with repostapp.
・・・
Shout that boy comin out of jersey <user> #MMR doin his… <url>",0.0,1.0,1
LHEHLLG9,MMR Shot;(((( (@ Lentz Public Health Center) <url>,0.0,0.6666666666666666,1
TNQM9DFC,....You Already Know...<user> #mmr  #mixmasterrod #live #dj #dc #skulls #follow #photobomb #epic… <url>,0.0,1.0,1
4H749UB9,S/O my radio #teamfollowdatbag <user> #MMR #FDB #datbag will be a host this week live. Follow my… <url>,0.0,1.0,1
6TF26Y1G,Soaring through paradise when I'm closing my eyes #I'mMr.SoloDolo,0.0,1.0,1
MXTKZJP9,"Third, fourth measles cases found in Clark County: The Southern Nevada Health District says its identified two… <url>",0.0,1.0,1
CC6SQ6AL,Victor Vaccine beats Meal Old Measles cdc @ David J. Spencer CDC Museum <url>,1.0,1.0,2
YZ265BYY,"So, obama kissed nurses? So instead of ebola, they got obama. Is there a vaccine for that disease?",0.0,0.6666666666666666,1
M6TOPE25,"103 cases of measles in US. 
#vacccinateyourkids",0.0,0.6666666666666666,1
42X2QT8A,"Health district offering new, 4-strain flu vaccine: With flu season right around the corner, the time to start... <url>",1.0,1.0,2
OAOAJ9MO,<user> <user> freedom to protect my kids from disease is interrupted with freedom to ignore vaccines. This has to be reconciled,1.0,0.6666666666666666,2
WBSBDHBQ,Dogs require tags as proof of vaccines but kids can run around infecting anyone/everyone just because THEIR parents are idiots. #saywhat,1.0,1.0,2
1IFBGL6Q,"<user> no I think I still alive, no measles yet",0.0,1.0,1
EDYJXM8X,<user> <user> what? i thought science proved that Jenny McCarthy is insane &amp; that vaccinations are not tied to autism?,1.0,1.0,2
G988R1SS,"It's cuz @ the same time in the 1970's the law passed 4all school age kids,prego women,n infants 2b mandatory vaccines,coincidence? Nope!!!!",-1.0,0.3333333333333333,0
SB4FJY8U,Measles case confirmed at Plano ISD school <url>,0.0,1.0,1
P7B9Y6MK,"""I'm so hungry""-me
""You know who ate stale bread and measles soup""-<user> 
Savage",0.0,1.0,1
64NFK441,"“On average, people who complain live longer -- Releasing this tension increases immunity and boosts their health.” I AM IMMORTAL.",0.0,1.0,1
CL1KWCMY,Me &amp; The Big Homie meanboy3000 #MEANBOY #MB #MBS #MMR #STEGMANLIFE @ Stegman St. <url>,0.0,1.0,1
5C5LQO5R,What Sweden can teach America about measles vaccinations - <url>,1.0,0.6666666666666666,2
X357QHH3,Physicians against #SB277 #vaccineswork  #autism <user> <user> <url> <url>,1.0,0.6666666666666666,2
FJL2MRQ5,One of the best things you can do for babies is to get YOUR booster shots. Vaccinations don't last forever. Booster matter!,1.0,1.0,2
GS9KETH2,"CDC Now Admitting to Omitting Vaccine Study Data showing 340% Increased risk of Autism <user> #VETOsb277 
 <url>",-1.0,0.6666666666666666,0
SM5DQB97,<user> she look like she got the measles or some shit,0.0,1.0,1
ZO1B6Q8W,"Based on chorus of coughs, pretty certain everyone on this train has measles. Or Ebola. Or both.",0.0,1.0,1
AUH0L2RZ,<user> telling it like it is on measles #VaccinateYourKids,1.0,0.6666666666666666,2
IJIQADJT,"<user> Rather than force more vaccines, why not teach more responsibility &amp; safety with sex &amp; not anybody that drops their drawers?",-1.0,1.0,0
0EXGHYSA,<user> Are you against vaccines or against the Autism Speaks organization?,0.0,0.6666666666666666,1
EF4YHKMA,I hope everyone in our generation vaccinates their fucking kids,1.0,0.6666666666666666,2
ZQMVIWCE,"Oakland MI has a reported case of measles so, if your in MI and hate your kid to the point of not vaccinating, here's your chance.",1.0,1.0,2
PFUW0ZND,So apparently the refugee children are more likely to be vaccinated than Texas children. #America,1.0,0.6666666666666666,2
ETEF40D2,"""<user> People who complain live longer. Releasing tension increases immunity and improves overall health."" My reason",0.0,1.0,1
T2U1MYU3,"RT <user> Hearing rumors about childhood vaccines? This great science-based web site answers most common questions, <url>",1.0,0.6666666666666666,2
3V7G1ZCY,<user> what surprised me was the hubris. They knew how Europe felt and assumed immunity. Cheney relit the fire &amp; scared Dubya a lil,0.0,1.0,1
K19EGXUX,"<user> He'd just have gotten measles, anyway.",0.0,1.0,1
L0NYPX9P,The pharmaceutical companies just want your money. Nigeria done said that vaccine the red cross got is the disease! Wake up fam,-1.0,1.0,0
K0VFQTMJ,Had to come take a blood test since I could not fin my immunization records. (@ ASU Campus Health Center) [pic]: <url>,0.0,1.0,1
DY8H51GQ,AIDS N : Children with HIV Often Lack Measles Immunity <url>,0.0,0.6666666666666666,1
8OG21K7F,City health commissioner addresses measles <url>,0.0,1.0,1
UI3ITRYW,"Measles outbreak reported in south King, Pierce counties: SEATTLE — Public health officials are investigating... <url>",0.0,1.0,1
O1HPZ6MH,<user> <user> More measles,0.0,1.0,1
WESJUFC4,<user> <user> and crap like that is why there are now huge outbreaks of measles in the UK,1.0,0.6666666666666666,2
WB0MYCV7,Talking to children about Ebola? Start with less info/provide clear details when asked#immunizationSIGNAPNAP<user>,0.0,1.0,1
SQX9P6GD,"<user> like that vaccines cause autism, which had been totally refuted. Surely you see the flaw in that mindset.",1.0,0.6666666666666666,2
ZVE9K97J,"CDC: Flu Vaccine Averts Millions Of Illnesses: By Dr. Brian McDonough, Medical EditorPHILADELPHIA (CBS) -... <url>",1.0,1.0,2
1L3MSXMX,fuck her til she Asian. -MMR,0.0,1.0,1
IY10ZK51,Measles and the Super Bowl arrive in AZ. Guess which one I'm here to cover. <url>,0.0,0.6666666666666666,1
DVMK1WEI,"""<user> RT <user> RT <user> For God's sake. Vaccinate your damn kids."" Even tho its the main cause of austism?",-1.0,0.6666666666666666,0
9VJUN8JE,I hope my immunizations are up to date (@ Miami Children's Museum) [pic]: <url>,1.0,1.0,2
1RP0D1KO,"So now we have govt. mandated vaccinations, health care, no right to control private business, no right to privacy, free speech, no borders",-1.0,0.6666666666666666,0
VPJ6DFPP,"Happy Birthday, Marissa! We got you measles (at <user> in Anaheim, CA w/ <user> <user> <user> <url>",0.0,0.6666666666666666,1
Z8JTUMWP,"“<user> About 1.7M children died from vaccine-preventable diseases in 2008 before reaching their #5thBday""
<user>",1.0,1.0,2
7WN5JLSR,Gilroy Costco Says Shoppers May Have Been Exposed to Measles: An employee at the Costco in Gilroy said Sunday that… <url>,0.0,1.0,1
NBX2GKJX,Immunisations: saving all our children: <url> #vaccineswork,1.0,1.0,2
42XGM3E5,Come and pray in our MMR Marian Gardens.  <url>,0.0,1.0,1
VUWAOCL8,"I'm at a supermarket, not truly by choice, with my measles. I feel like acting like a lizard if anyone stares.",0.0,1.0,1
K7J9C2H0,Mike Drago: You want freedom not to vaccinate your kids? Then I should know who you are.: Somethi... <url> #Plano #News,1.0,1.0,2
VE5KT8ZK,“<user> “<user> I just wanna go to disney land :/” hope u get the measles :-)” u need 2 leave whore,0.0,1.0,1
9RP60P25,"“<user> On average, people who complain live longer -- Releasing this tension increases immunity and boosts their health.” <user>",0.0,1.0,1
FOQJXLIO,<user> I LOVE my mmr :),0.0,1.0,1
YXS5OB5X,people who think vaccines cause autism cause autism,1.0,0.6666666666666666,2
T6WBN84U,Immunizations for the kids....all...3...kids...yay...fun. anymore fun n it would be illegal (@ gytnow) <url>,1.0,1.0,2
JR5FHRSL,.<user> Help save 6m kids' lives. Pledge $1 bill over the next 4 yrs to <user> the Vaccine Alliance. #everyparent <user>,1.0,1.0,2
EZB0JJ6Y,"Measles Patients Identified As Framingham, Spencer Residents: FRAMINGHAM (CBS) – A restaurant and a corporation... <url>",0.0,1.0,1
R52FSKJ2,School records show low vaccination rates: School immunization records show more than 12 percent of students in… <url>,0.0,0.6666666666666666,1
PZRNJBWT,"Interesting how some parents think that giving their kid measles will ""strengthen their immune system"" but forbids them to have gluten.",1.0,0.6666666666666666,2
0T02173W,Watch right now <user> <user> #killingcancer #vaccinesfightingcancer,1.0,0.6666666666666666,2
QHQBT99G,Case of Measles Reported in Plano ISD <url>,0.0,1.0,1
R1CW7Y4M,<user> knows what's up <user> #mmr #dj #dc #dmv #dupontcircle #friday #JT #20/20Experiance… <url>,0.0,1.0,1
TFWYOBQ8,<user> <user>  I was wondering how they get people to talk and tell truth after being granted immunity #wiunion,0.0,1.0,1
0EBEON47,CDC says it is too late to make new flu vaccine for this season <url> via the <user> Android app,0.0,0.6666666666666666,1
0V1VCD71,MT“<user> #GOP Sycophant Gohmert Calls Vaccines a Liberal Plot as Measles Outbreak Tears Through N. #Texas. <url>,1.0,0.6666666666666666,2
BZZQD6ON,So in Pittsburgh there is a McDonalds serving heroine happy meals and there was a measles outbreak on a bus... Great.,0.0,1.0,1
1L2FN6DG,"<user> <user> <user>
My Boys are NNOOTT vaccinated
That was BATTLE ROYALE with all 17 schools just my Boys attended",-1.0,1.0,0
XDF4EOZ9,<user> Malachi didn't get it...i suspect he was the carrier...babies have weird immunities.  Eli is almost better,0.0,1.0,1
AK55YXRS,<user> <user> <user> 3.) Diseases were on the decline before the intro of vaccines. Thanks to better sanitation practices,-1.0,1.0,0
N1X262S4,Last Nights Flyer <user> #mmr #dc #dj #dmv #djflyer #downtowndc #dupontcircle #connecticutave… <url>,0.0,0.6666666666666666,1
6UV7GPXI,See Vaccine Exemptions in Texas by School District: The heavily Democratic and rapidly growing Travis County… <url>,0.0,1.0,1
0AKN4MI1,"Commercialization Officer, Vaccine and Pharmaceutical Delivery Technologies, Seattle, United States <user> #jobs <url>",0.0,1.0,1
87I9MAO4,"<user> WOW. What a PROBLEMATIC study, and TERRIBLE way to try to change anti-vaxxers' attitudes towards linking #vaccines &amp; #autism.",-1.0,1.0,0
3Y11LY6J,"Measles cases in California soar, concern growing elsewhere in U.S.: Last Wednesday, the number was 59. Nine days… <url>",0.0,1.0,1
SGPD845C,<user> it's not a joke: it's an absolutely appropriate analogy given her attack on child health through vaccinations.,-1.0,0.6666666666666666,0
0FQDYSPS,It's going to be a long night. Noah has measles!!!,0.0,1.0,1
8DJL4ZOU,I wonder what my Facebook feed would look like if Kanye and Kim announced that they weren't going to vaccinate their child....,0.0,0.6666666666666666,1
NV0KSL12,AM-News : Ministry of Health starts vaccination campaign to tackle third biggest ...: Cancer is now is ranked the... <url>,1.0,0.6666666666666666,2
K0N8YKCX,"We vaccinate our pup against kennel cough, I wish we could vaccinate our college kid against dorm cough.",1.0,0.6666666666666666,2
4QVHV3YH,"Ok, why aren't people vaccinating kids? Apparently I'm expected to make small talk about this shit now.",1.0,1.0,2
MM43VXMI,"Some Disney Employees Test Positive For Measles, Theme Park Confirms <url>",0.0,1.0,1
T72HUKE7,"<user> it's funny because in WV there's people that are like ""measles are caused by illegal immigrants""",0.0,1.0,1
6ZNJVA3Q,"Roses are red
Grasses are green
My child caught autism
From the MMR vaccine",-1.0,0.6666666666666666,0
ZQ4W50IX,"Ebola: Millions of doses of vaccines planned: As the world reels from its deadliest Ebola outbreak, health experts… <url>",0.0,0.6666666666666666,1
WR5VTDH2,If you don't vaccinate your kids you shouldn't be allowed to have kids,1.0,1.0,2
P3PPGB8H,Governor Signs Controversial Bill Requiring Vaccinations For Public School Students: California Gov. Jerry Brown… <url>,1.0,0.6666666666666666,2
SON82D2D,Large measles outbreak traced to Disneyland is declared over: California health authorities on Friday declared an… <url>,0.0,1.0,1
TS98L3ZY,Measles outbreak traced to Disneyland is declared over: California health officials have declared an end to the… <url>,0.0,1.0,1
9YVBSBJQ,King County offering free flu vaccines: SEATTLE – Public Health — Seattle and King County is offering free flu... <url>,1.0,0.6666666666666666,2
2E76EPRM,"""When it comes to communicable diseases, it really is a small world after all."" #vaccineswork #vaccinate <url>",1.0,1.0,2
JILK6OUB,"Just vaccinate your kids. And yourself. And at least do your research before arguing.
<url>

<url>",1.0,1.0,2
9H5P42X5,"5mo old dies from #measles. ""Maybe wrongful death lawsuits will convert nonvaxers."" I like it. 

via <user> <url>",1.0,0.6666666666666666,2
7F4LSWOU,Disneyland Measles Outbreak Hits 59 Cases And Counting,0.0,1.0,1
HYGY8IIJ,More Measles Cases Expected In Tarrant County: FORT WORTH (<url> – As North Texas parents get... <url>,0.0,1.0,1
AEQQRKDX,"Measles at Millersville University, ugh just another thing to worry about!",0.0,1.0,1
9KEJSB7Q,Measles reported near Boston <url>,1.0,1.0,2
AZISN9EU,More children at risk of measles in wake of Ebola epidemic <url> (from <user>,0.0,0.6666666666666666,1
TE783AHG,"<user> see in dota everyone knows they suck, but higher mmr just sucks a little less",0.0,1.0,1
PZH55X07,At the NYC Health Department I gotta get these MMR shots....I hate needles!!!! I'm nervous AF!!! ,1.0,0.6666666666666666,2
DGFLKBDC,"""We eliminated the measles and for some... reason brought them back again""",1.0,1.0,2
Q36DMOFP,Your measles party is tacky.,0.0,1.0,1
YT3P3HJ4,"And if yeen a big baller Iain even tryna holla, ima take yo lil measles dollars and walk off like a model!💃",0.0,1.0,1
MBZU8RC3,VACCINATE YOUR CHILDREN PLEASE PLEASE,1.0,1.0,2
7AHPNS18,Aww. Poor baby!  Sabrinas HepB immunization. That the Dr. Originally effed up on!  Effin Doctors!!!! (@ Minute Clinic) <url>,-1.0,1.0,0
FAW1QWEN,A378 [NEW] Establishes civil immunity for damages arising out of birth injury or congenital defect for physicians... <url>,0.0,1.0,1
M0EZ8BFZ,Seriously people get your kids vaccinated like I will never understand people that are against it the benefits out way the risks WAYY more,1.0,1.0,2
TNF9623F,"WI Gov Scott Walker signed into law a ""Castle Doctrine,"" which creates immunity for one who kills/injures those breaking into their property",0.0,1.0,1
PIZOMVCE,<url> Do your research- vaccines can and are causing Autism!,-1.0,0.6666666666666666,0
1NWYLY3B,<user> no they don't. You also want a list of all HIV pts? How about a list of everyone who doesn't vaccinate their children?,1.0,0.6666666666666666,2
SALMDKV1,Early childhood Education is the education vaccine  #InvestEarly,0.0,0.6666666666666666,1
9L9BVST6,<user> no measles or rubella?,0.0,1.0,1
HAS11JD2,VACCINATE YOUR CHILDREN,1.0,1.0,2
6ZVFT2X7,Each and Every Wednesday‼️ chupitosusa #RocTheMicWednesdays #TagAArtist #MMR @ Chupitos <url>,0.0,1.0,1
AGLP68KB,"NYTimes: Measles: Perilous but Preventable
<url>",1.0,0.6666666666666666,2
7LXNDH2T,"<user> had this discussion a lot mainly w ppl who r intent on thinking #vaccine causes #autism, I think diagnosis bc btr #awareness",1.0,1.0,2
RFTM3JSQ,I've got the measles she's got the mumps,0.0,1.0,1
HZDVIVQE,"RT <user> Countries that were hit hard by #Ebola now risk a deadly #measles #epidemic
<url> <url> #fb",0.0,0.6666666666666666,1
O7HZTI8N,<user> Swiftwater ... Past Mt. Pocono ...it's the worlds largest vaccine pharmaceutical company,0.0,1.0,1
4WQ86R6K,<user> Risk/reward fully compensates for any qualms of vaccination.,1.0,0.6666666666666666,2
3Z2QVU7K,Are You Ready Kids madhatterdc #tbt #spongerod #mmr #gary #patrick #squidward #mrkrabs #plankton… <url>,0.0,1.0,1
P968LSY3,😂😂😂😂😂😂 I don't know what the hell <user> doing..... #MMR #theSquad missing fame_oliver2xx… <url>,0.0,1.0,1
JRWS5P5D,"""<user> Attn media!! Hope you watched the ustream press conference on vaccines and autism!""heard a lady talk on fox about it",1.0,0.6666666666666666,2
Y80IZB4I,I wanna be at mmr day! :(,0.0,1.0,1
FKXXZ0VE,Floyd: How do you convince vaccine deniers? Show the reality of disease <url>,1.0,0.6666666666666666,2
GPQMLPP4,<user> prayin for him They give Vaccine for chicken pox now so it's very rare that kids catch it Not saying they can't its just rare.,1.0,1.0,2
MY7YA7PZ,5 scientists who believe that autism is linked to vaccines have been killed. Coincidence?,-1.0,0.6666666666666666,0
N544C1DL,<user> and that time him and that crazy lady tried to stop kids from getting vaccinated. #goodtimes,1.0,1.0,2
GT9DGJLY,Facebook measles post goes viral: A Canadian mother's Facebook post -- speaking out against anti-vaccine activists… <url>,0.0,0.6666666666666666,1
35H36EY6,"Study of more than 95,000 kids finds no link between MMR vaccine and autism <url>",1.0,1.0,2
YLTKXW3M,New video we produced!  <url> Sharing the journey of 2 mothers both looking to #vaccinate their babies. #vaccineswork,1.0,1.0,2
TS1WMWHU,.<user> There is a conversation to be had. When Jenny McCarthy talks on social she influences parents vaccinating children. #HealthBCDE,0.0,0.6666666666666666,1
F9PJSV9Z,"19 Measles Cases, 1 In Colorado, Reported With Ties To Disney Parks: Nineteen people from three states, including… <url>",0.0,1.0,1
GHOFY2N6,<user> I don't think I am.  Didn't I get a vaccine for that when I was a kid?😘,0.0,0.6666666666666666,1
K3ZUWVBS,"paperwork ug (@ Orange County Health Care Agency - Travel Immunization Clinic in Santa Ana, CA) <url>",1.0,0.6666666666666666,2
M7E1GYDJ,"#TweetYourMomStyle breast feeding, cloth diapering, baby wearing, vaccinating 👍☺️",1.0,1.0,2
ADN6E140,"Not vaccinating your kids &lt;&lt;

#FollowTheFacts 😊",-1.0,0.6666666666666666,0
8DCF83WI,Stop being seduced by people and things that are poison. Vaccinate your spirit so you are not moved by their presence.,0.0,0.6666666666666666,1
PK6K7WWF,<user> :) Somehow I found a spare 30 minutes away from MMR posts and readings!,0.0,1.0,1
K7EK3HRU,Parents of children with measles should be imprisoned for child neglect. No excuses to not vaccinate.,1.0,1.0,2
RFPQEUET,"“<user> 9 minute video of #CDCwhistleblower confessin about #CDCFraud covering up autism-vaccine link "" BS <url>",-1.0,0.6666666666666666,0
FJDGT98W,"Over their lifetime, your #pets will be exposed to deadly infectious diseases. Prevent infection through vaccination! #pethealth #petcare",1.0,1.0,2
O7V6F089,“<user> What you need to know about #measles <url> good recap.  Thanks #NYTtimes,1.0,0.6666666666666666,2
1IZMRNTO,State signs emergency order to allow pharmacists to give measles-mumps vaccine: Licensed pharmacists can now... <url>,0.0,0.6666666666666666,1
XIBWADOC,Dr. R. Scott Kennedy said they set up the tent in case more than one #measles patient came in at one time <url>,1.0,0.6666666666666666,2
ROSH009X,Can someone explain the theory against immunization?  I really don't understand.,1.0,0.6666666666666666,2
10CGT1SH,#MakeAMovieMoreLikelyToGetADisease Five Easy Measles,0.0,1.0,1
1LPAQQFX,African Nations Celebrate a 55 Percent Drop in Child Mortality Rates Due to Immunization <url>,1.0,1.0,2
Y13ATF9J,Ok people yes/no did you have your children vaccinated?,0.0,1.0,1
6VHC51Z7,"<user> there's no way that is safer! I personally don't understand the ""fear of vaccines,"" especially in comparison with this! #hmm",1.0,1.0,2
XYOKY29A,Next Friday 2/20 live at Allure Lounge #MMR takes over with the big birthday bash for ladyjade_mmr.… <url>,0.0,1.0,1
AW7V0NRW,"<user> <user> 
Like not vaccinating your children against infectious diseases?",1.0,1.0,2
9KKVJ51T,BREAKING: Two suspected measles cases being monitored in Portage County: Portage County Health and Human Services… <url>,0.0,1.0,1
93W9O36A,“<user> Kevin Jon Heller on Accidental &amp; Intentional Killing <url> CIA no combatant immunity to absolve collat damage,0.0,1.0,1
QJHINNIR,"Parents in some states have the right not to vaccinate their children Putting us in danger bullshit, Vaccinate those dirty little bastards",1.0,1.0,2
EW36A1KU,<user> I used MMR for a few months but went back to <user> after getting a better phone. GPS uses up battery in general though.,0.0,1.0,1
TBF0XMDC,"Thanks Anti-Vaxers. ""<user> LOOK AT THIS MEASLES GRAPH. LOOK AT IT AMERICA. <user> <url>",1.0,1.0,2
5ZUVPLX5,"<user> If you force everyone to fund vaccinations without choice, you run the risk of missing out on more effective solutions.",-1.0,0.6666666666666666,0
7LC6118X,"editing a piece on MHC genes- more diverse mate you have, more diverse MHC genes, higher immunity your children have. SO INTERESTING.",0.0,1.0,1
C12PT9TU,Another Study Finds No Link Between MMR Vaccine and Autism <url>,1.0,0.6666666666666666,2
32F6RLNB,More than measles: The threat to America’s ‘herd immunity’ <url>,1.0,0.6666666666666666,2
2NO81KG5,Anti-vaccine parents are similar to those religious crazies who choose to pray over a sick child instead of taking them to a hospital.,1.0,1.0,2
JYBFST5A,"<user> Please remember to know what vaccines infants &amp; children  receive. Also, what vaccines do pregnant women to help their child?",1.0,1.0,2
SP6ILV3D,View state-level data of infectious diseases before and after vaccines were introduced:  <url>,0.0,0.6666666666666666,1
3ZT821V4,"Bottom line is, vaccinate your children guys! 🙅",1.0,1.0,2
1RY2U2T8,"As Measles Spreads, Anti-Vaccination Parents Stay Mostly Silent: As the measles virus spreads, many… <url>",0.0,1.0,1
7Q0EL4QI,“<user> Measles and mumps are making a comeback amid vaccination backlash <url> how strange,1.0,1.0,2
SNMDO9ME,"Shermie had an eventful day (just vaccines, but eventful nonetheless!). Thanks Dr. Harmon and all… <url>",1.0,1.0,2
ZIPJVHYZ,CCSD: Measles case detected at Valley High School <url>,0.0,0.6666666666666666,1
TGZSDFGI,<user> ppl are dumb. Often the same ppl who don't vaccinate their kids.,1.0,1.0,2
1MLTC83N,Disneyland measles outbreak: Infected woman took 2 flights before diagnosis <url>,0.0,0.6666666666666666,1
C76CNN5Q,"Measles cases 1/1/14-6/6/14:288
 No cases of encephalitis and no deaths have been reported

 US population at time of CDC report: 322,000000",0.0,0.6666666666666666,1
1S8QNGU1,Officials: 2 patients being tested for measles in Cleveland Co <url>,0.0,1.0,1
NGDMAYQV,No Evidence that Multiple Vaccines Raise Autism Risk <url>,1.0,1.0,2
UZH36Z83,At Michigan Annual Meeting Vaccine update Karen Mitchel MD How to increase your adult and childhood immunizations rates <user> #FMRevolution,1.0,0.6666666666666666,2
OUU6P0L8,#orgasm RT <user> Having #sex regularly can do AMAZING things for your health -- boosting immunity! <url>,0.0,1.0,1
YA3FFTB8,Most measles cases in seventeen years. Please get vaccinations “<user> Thanks Jenny McCarthy! <url>,1.0,1.0,2
QSOD4ZSY,"Ohio Pharmacists Now Allowed To Administer MMR Vaccine: Due to growing measles and mumps outbreaks, the governor... <url>",0.0,0.6666666666666666,1
GALNX5NJ,Measles outbreak on SVU; they be knowing.,0.0,1.0,1
CLSMOD0A,"New studies show that vaccines are not associated with autism. In other news, the sky is blue.",1.0,1.0,2
XB2ZLWGY,"<user> I have lived in countries in Africa where polio, measles, and a host of other preventable diseases ravages communities.",1.0,0.6666666666666666,2
9B3N8449,Report: 5 infants too young to get vaccinated contract #measles Nice work #AntiVaxxer you're so close to causing some deaths. <user>,1.0,1.0,2
88M2E2PA,If you're vaccinated then you can't carry the disease and transfer it to someone who can't take a vaccination. It's not only for you.,1.0,1.0,2
YBSWHNHY,"#MayweatherCotto What was with Floyd's entourage? 50 Cent, OK, he's been gunshot. Justin Bieber? His only shots were childhood immunizations",0.0,1.0,1
RZXDHC3F,"<user> #THEMEASLES. I had what I think was the 3 day measles as a child, should I be concernedI am now 56 yrs old .",0.0,1.0,1
IY5ITHIR,"The best part of being a recluse for the past two months is not having caught the #measles, #polio, or #flu.  Might be the #vaccines though.",1.0,0.6666666666666666,2
04C8NTIN,<user> vaccine truth <url>,0.0,0.6666666666666666,1
W8LY8IEP,I hope #TomBrady catches the #measles  when he goes to <user> tomorrow. #MeaslesOutbreak #NewEnglandPatriots #SuperBowl #MVP,0.0,1.0,1
EEOO867F,"#WakeUpAmerica Forced vaccinations are the way to go. The children will be carriers after they recover, so parents must take responsibility.",1.0,1.0,2
1WS1R6E2,"<user> measles vaccine = parental choice, HPV vaccine = encouraging promiscuity. Right #gophypocrisy",1.0,0.6666666666666666,2
IS4OKFT3,Government Wipes Recent Vaccine Injury Data from Website <url> via <user>,-1.0,0.6666666666666666,0
SL52XRS9,Kids in the hospital and dying cus you are uneducated and think vaccines cause Autism -.-,1.0,0.6666666666666666,2
M8U8NCAJ,Mexico's measles vaccination rate? 99%. The US'? 92%. Why immigrants aren't behind measles: <url> <url>,0.0,0.6666666666666666,1
2E3NN1N1,This bitch seriously posted a picture on Facebook of her child with the measles. Likeeee took time to make it a collage picture,0.0,1.0,1
3QNEVLQS,<user> <user> and the truth. Always have been told toget the flu vaccine this year I didnt get it,-1.0,0.6666666666666666,0
0MX2S48Y,<user> Story was very wrong. Schools do not turn away at registration for vaccinations. Parents can object and not have them done.,0.0,0.6666666666666666,1
ZEX3RGG9,"If every doctor you've ever taken your kids to  says ""get your child vaccinated"" and then your kid gets the measles should I feel bad?",1.0,0.6666666666666666,2
6UJBRRLD,Thanks<user> for being more crystal clear about the lack of evidence linking mmr to autism. I noticed :) #MeaslesOutbreak #autism,1.0,0.6666666666666666,2
ZFDWQ2U6,4 year vaccinations and school health forms - check!  #kaiser #mom #momlife @ Kaiser <url>,1.0,1.0,2
6N8PWJGF,“<user> RT <user> Do you know when your child should get a #measles vaccine? <url>,1.0,0.6666666666666666,2
O41J71NR,"<user> <user> we all had to go through measles as children, regular and german, don't do it, live clean",-1.0,0.3333333333333333,0
0ZZRXTI5,#MeaslesOutbreak #measles #SuperBowlXLIX Will Super Bowl at Arizona catalyze the spread of measles???,0.0,1.0,1
W71GVPKE,<user> so your full time at mmr?,0.0,1.0,1
X8Y707Z2,California Vaccine Requirement Bill Gets First Public Debate: A bill requiring California schoolchildren to get… <url>,0.0,0.6666666666666666,1
XW97JKMZ,I'm just confused why some parents won't vaccinate their kids when they could be putting other children at risk..just do your research,1.0,1.0,2
0CYVWO4Q,“<user> BREAKING NEWS: Five babies at suburban Chicago daycare center diagnosed with measles - <url>,0.0,1.0,1
JGTZLZ8G,"Get your Ebola Vaccine,  Black Plague Black Death Vaccine,  HIV Vaccine,  Yersinia Pestis Vaccine. <url>",1.0,0.6666666666666666,2
1KUXLE4A,"Great article <user> ""<user> Visualizing global progress in reducing the burden of #measles <url>",1.0,1.0,2
F7E094GZ,"""<user> Don't vaccinate your kids
#WorstAdviceEver"" 👍",1.0,0.6666666666666666,2
YNMVD1G7,<user> #GOP STOP blaming #Immigrants first #Ebola now #measles Which diseases?brought their ancestors? #AINF <url>,0.0,0.6666666666666666,1
SIZ2CR2M,Very scary <user> the measles,0.0,1.0,1
T45BVJKO,"“<user> Christie breaks with Obama over measles vaccine, calls for ""balance"" <url> Further proof Christie sucks!",-1.0,0.3333333333333333,0
6EP73PSR,"""Sharks have the best immunity to diseases that are known to man and deadly diseases like cancer do not affect them at all.” #Sharks 🌊☀",0.0,1.0,1
CFIF9RPO,Measles scare at Sharp Grossmont Hospital ER <url>,0.0,1.0,1
8KE3GNRM,<user> Now if only they had a dysentery vaccine. I would make it to Oregon safely every time,0.0,1.0,1
KFHLFMXJ,Denton County Miscalculates Vaccination Exemptions: Denton County officials say they are recalculating the number… <url>,0.0,0.6666666666666666,1
MQ3I61WR,<user> you gonna tell people the truth about vaccines??,-1.0,0.6666666666666666,0
IR6MWF9V,Health officials urge vaccinations for swine flu: Health officials are urging people to be vaccinated for swine... <url>,0.0,0.6666666666666666,1
THEW2XXI,"If Your Doctor Insists That Vaccines Are Safe, Have Them Sign This Form <url>",-1.0,0.6666666666666666,0
4S2NEXMQ,"I got a booboo sticker because my inner child was brave 😺
#ouch #flushot #immunization @ California… <url>",1.0,0.6666666666666666,2
3QBK3ZJW,"#StopEbolaStrike STOP THE FLIGHTS FROM THE HOTZONES NOW! 
BTW: What recently happened to the B&amp;M GATES vaccinated children in india?",0.0,1.0,1
KZTDGOBD,"""<user> Chlamydia can lead to blindness, infertility and death among koalas. Luckily, a vaccine has been successfully tested.""awesome",1.0,1.0,2
SNGONTGG,<user> <user> Are his kids vaccinated?,0.0,0.6666666666666666,1
X3SI4B46,Free Meningitis Vaccines Offered in Wake of West Hollywood Death: WEST HOLLYWOOD (KTLA) – In response to the... <url>,1.0,0.6666666666666666,2
YEY96G9H,Why are we even worried about AntiVaxxers? Are'nt we vaccinated against the diseases they're risking contracting too? JustAWondering.,1.0,1.0,2
0S6Z7F61,Health officials warn San Francisco BART-riders of measles exposure <url>,0.0,1.0,1
OWUAEG8A,New MMR study promoting vaccines was funded by Big Pharma <url> <user> <user> #healthfreedom #hearthiswell,-1.0,0.6666666666666666,0
4S5GOZX6,A week from today we will be performing an marching at Disneyland! #MMR #RoadTrip,0.0,1.0,1
O2R4YB3O,"Frieden: ""What works for Ebola is old fashioned public health."" Says developing vaccine is difficult.",0.0,1.0,1
YXXHGHS0,"<user> one at a time to keep from overwhelming the immune system.  MMR, DPT, POLIO, HEPATITIS all at once is overwhelming.",-1.0,0.3333333333333333,0
0UWLLO20,.<user> Lyme Disease vaccine on the way? <url>,0.0,0.6666666666666666,1
PF69X2R2,"<user> vaccines also prevent infectious diseases, prove me wrong",1.0,1.0,2
52K1GGUD,"Very sweet cashier at grocery store asked about my Valentine's plans, I resisted the urge to say ""writing about measles or tenure.""",0.0,1.0,1
AR4JQDQI,...Come Music Stay For The Booze madhatterdc #mmr #top40 #edm #remix #live #like4likes #listentothis… <url>,0.0,1.0,1
D0EQ6K5P,"2nd case of measles confirmed in DC: A second case of measles has been confirmed in D.C., health officials said… <url>",0.0,1.0,1
B378FTTH,<user> I wish people who are anti vaccine would read segments like these... #truth,1.0,0.6666666666666666,2
IRMOFYRA,"Why you should, and shouldn't, worry about measles <url>",0.0,0.6666666666666666,1
MHACZZCM,You couldn't pay me enough to vaccinate my child. No way In hell. #notachance,-1.0,1.0,0
6BQJDAJJ,"<user> Evan, I don't know. I would always vaccinate any of my kids, but look into it, loads of kids aren't.",1.0,1.0,2
VC4IL0L5,<user> we 7 years in and still rolling. Partner in Grind #MMLLC #MMR,0.0,1.0,1
8NE8L9KB,"In case of public health emergency, Maryland would drop its religious exemption for vaccines: Parents in Maryland… <url>",1.0,0.6666666666666666,2
PJFRAIYE,"Ask the 400,000,000 who died from Smallpox, if they had any concerns about a possible link to Autism. #vaccineswork <url>",1.0,1.0,2
5H592282,Are You Ready??? ladyjade_mmr 12•13•14 #MMR #ManyMenRecords 🔥🔥🔥🔥 @ The Breakup Party 12•13•14 <url>,0.0,1.0,1
GJFK725V,Yay #NY for requiring children to be vaccinated before attending public school.  Wishing #vt would follow suit.,1.0,1.0,2
5E4HUHZU,"<user> you have measles, asshole.",0.0,0.6666666666666666,1
HMR1GVBQ,The CDC says they could have already developed a vaccine for Ebola if their budget hadn't been cut by 50% over the last ten years,0.0,1.0,1
DEEMGQZH,Time to shoot up! #ImmunizationTraining @ Health &amp; Sciences Building <url>,1.0,0.6666666666666666,2
SM54249N,Measles on the rise in U.S. And Tennessee. What you can do to protect your family and how the disease made it's way back <user> at 10pm,1.0,0.6666666666666666,2
UTF4OZPY,Friday night Astro #WeAreAE #b6nation #reedypowered #jconcepts @ MMR <url>,0.0,1.0,1
QB6A0S9C,Maybe if Libitards vaccinated their kids and we didn't let the scum of the earth just walk across the border..measles wouldn't be an issue..,1.0,1.0,2
TVMT8YLL,Nothing makes me more enraged than people who refuse to vaccinate their kids out of a made up fear that it causes autism. #GetFucked #Idiots,1.0,1.0,2
LW6JHJ03,“<user> Parents- When should your child be vaccinated against #HPV? Find out here! <url> #STD #prevention”,1.0,1.0,2
W2RWHSDF,"Amid measles outbreak, few rules on teacher vaccinations: While much of the attention in the ongoing measles… <url>",1.0,0.6666666666666666,2
1EX82GGW,MT <user> Vaccine for Prevention of Mild and Moderate-to-Severe Influenza in Children —NEJM <url> faint praise,1.0,0.6666666666666666,2
GKL6X69I,"""<user> Study: Whooping cough outbreak linked to vaccinated children <url> via <user> #beinformed #vaxtruth""",-1.0,1.0,0
5NVGPWM1,"I hope everyone will be getting the Flu shot! It has 4 diff vaccines, the most common this flu season, this year they're expecting deaths..",1.0,1.0,2
UZBUV7QS,So do the parents that didn't get their kids the measles vaccination  take them to the hospital when they get it?,1.0,0.6666666666666666,2
OYFR042J,11/14 #BlueDotWeds #MMR #MBDJS #TeamHartwell <user> <user> <user> <user> <user> <user> <url>,0.0,1.0,1
UOB14ELT,I cannot fathom Y U wldnt vaccinate UR kids. Shits been debunked ppl. Even if u BOUGHT IN2 it. JOIN US IN 2015 GLOBAL TRAV PUTS them @ RISK!,1.0,0.6666666666666666,2
LKMOK0NW,"Jane Seward, CDC, 450  measles deaths, 20 million cases/year! Lots of importation to US from Europe, other countries <url>",0.0,1.0,1
HA7L3ELP,<user> wonder if his kids have had vaccines,0.0,0.6666666666666666,1
V8FF7UKY,How will California's new vaccine exemption standards impact parental attitudes?: California passed a hotly… <url>,0.0,0.6666666666666666,1
S5Z72QU2,Good afternoon Tweeples! What's up!? Glad I went &amp; got my measles shot as I have zero immunity to the airborne virus. Shouldadonethisagesago,1.0,1.0,2
SZ2MCTKT,<user> Robertson pushes false theory that AIDS came from monkey-based Polio vaccine  <url> aids &amp; cocaine came from #cia,-1.0,0.3333333333333333,0
VO19FXEW,"Ethiopia immunization - Measles, Mumps, Rubella: Part ll. BAM! (at Dallas County Health & Human Services) — <url>",1.0,0.6666666666666666,2
N00LG40O,<user> They don’t care because if your kid is vaccinated she will be fine. It’s only the nut balls who have to worry about themselves.,1.0,0.6666666666666666,2
24V6P434,"“<user> Yes, Childhood Vaccines Are Safe. <url>",1.0,1.0,2
0RK2FA4F,Cinematic Immunity panelists discuss Sarah Jones and Set Safety  <url>,0.0,1.0,1
XMKKXAH3,Toni Bark: not all children respond well to vaccinations #nosb277 #noforcedvaccines Ca Legislators bought <url>,-1.0,0.6666666666666666,0
JXCD3LO5,My daughter Isolated Autism 15 mos MMR #CDCwhistleblower #BreakABillion C Peds. note &amp; link <url> <url>,-1.0,0.6666666666666666,0
0EOCM46H,<user> <user> your point is irrelevant. When we have children. They wont b vaccinated because their mom said no and I'll have a 4x4,-1.0,1.0,0
AZPUFB8P,....why do I watch news... now they are talking about the measles outbreak.... news just makes me pissed off at people,0.0,1.0,1
MDDRZ12Z,GM #Happy2behere ! #Meanboy #MMR,0.0,1.0,1
RTIP94D0,"My neck so sick got the measles, this fa my niggas trapping in the regals",0.0,1.0,1
JYIMVB6Y,"“<user> On average, people who complain live longer -- Releasing this tension increases immunity and boosts their health.” <user> 😜😁",0.0,1.0,1
614ZTSVK,"Study of more than 95,000 kids finds no link between MMR vaccine and autism <url>",0.0,0.6666666666666666,1
4KAK1RIO,"French topics 
""Have you all gotten your measles vaccines?""
no we don't actually learn French",0.0,0.6666666666666666,1
IVWHLUWR,"“<user> Arizona monitoring 1,000 people for measles linked to Disneyland - CBS News <url> #immunize #measles",0.0,1.0,1
P80FMANE,<user> oh because the measles outbreak in California wasn't bad enough? 13 yrs working for a PEDs Dr thousands of vaccines 0 issues,1.0,1.0,2
3CM9P1N2,Plano ISD barred from releasing immunization statistics despite measles threat <url>,0.0,1.0,1
W5N9HUOM,So my day did not go according to plan 😞 but at least I got my MMR shot done 👍,1.0,1.0,2
9BX8QTSP,Pissed that I have to have a blood test to see if my measles vaccine is still good. Idiot parents who don't vaccinate should be punished.,1.0,1.0,2
1SOOUZXL,"Engineer Kia Shavon,  &amp; Artist Jennifair  #MMR <url>",0.0,1.0,1
RN12GHL2,"Let's be honest Diseases are here to wipe out the weak.So let's let that happen, quit making vaccines Mother Nature is trying to help us.",-1.0,0.6666666666666666,0
42LB3LQY,Measles syndrome around Indy. These cells are not severe #inwx <url>,0.0,1.0,1
O4X9KTFL,"Had a great time at <user> on the Hill today, learned about vaccine, sonograms, and astronaut eye health from NASA scientists.",1.0,0.6666666666666666,2
RUZ2APX3,"Nice! More good parenting! ""<user> Between December and February, measles vaccinations went up 27 percent: <url>",1.0,1.0,2
E88B1XQJ,Vaccine Brain Damage Cover Up Implodes: <url> <user> on <user> discussing #CDCwhistleblower <user>,-1.0,1.0,0
T2LTP8WL,Study: MMR Vaccine Does Not Trigger Autism:  There is new information that some doctors say could end concerns… <url>,1.0,0.6666666666666666,2
JD61V25G,4 plus years and Mogul have created something new for the music world. #MMR <url>,0.0,1.0,1
WTECMV6X,Foe wtf is measles,0.0,1.0,1
NEDTS49F,You know what's missing from Baz Luhrman's #Gatsby? Lots of children dying of #measles.,0.0,1.0,1
6IWQMGQY,"A safe, decent affordable home is like a vaccine. Dr. Megan Sandel <user> <user> <user>",0.0,1.0,1
3M04F4GY,"""BREAKING: Measles confirmed in 2 children in Palatine, 3 others awaiting test results <url> <url> fam",1.0,0.6666666666666666,2
QGUZWH2S,"Should Parents Who Don't Vaccinate Their Kids Go To Jail?
<url> #MeaslesOutbreak #tcot #UniteBlue <url>",0.0,0.6666666666666666,1
N772R83F,When you're whole crew gets measles 👌,0.0,0.6666666666666666,1
BSXBMEXD,Alexia &amp; bria never had bacon sandwichwhat is life.. I thought that was a necessity when youre a child.. Immunizations and bacon sandwiches,1.0,0.6666666666666666,2
180PYIOM,"Oh my! ""<user> ""Getting measles isn't the end of the world. It makes you stronger!"" - anti-vaxxer in the waiting room with me.”",1.0,1.0,2
F0LT3RQ0,"<user> <user> #VaccineQs news media have you all fooled. Not parents, not a random outbreak but illegal children bringing in USA",0.0,1.0,1
J3U3RX3W,I'm at MMR (MN) <url>,0.0,1.0,1
NB9YMI6R,"Religion=virus, education=vaccine RT “<user> Schoolgirl shot by Taliban 4 campaigning 4 a right to education: <url>",0.0,1.0,1
OYP5IK6L,"<user> yesssss nikaa I'm good no diseases I'm vaccined babe, I'm glad yu care babee",1.0,0.6666666666666666,2
JCA3LEFI,"“<user> RT <user> My mom supports Rand Paul and now I have measles. #CantStandRand
#UniteBlue <url>",0.0,0.6666666666666666,1
VGYAMVWU,"<user> <user> <user> ""less meh when it's your kid"" - like 4 disneyland kids who were properly vaccinated that caught measles?",1.0,0.6666666666666666,2
SC48VR3V,"Spread the stoke, MMR this weekend in AZ. love the local scene!",0.0,0.6666666666666666,1
BQMTVD1W,Just got two vaccinations this morning and I sill don't have autism. Imagine that,1.0,1.0,2
EW6760R8,"#ChildAbuse, <user> RT <user> ▶ 7.1 Percent Of Marin County Families Have Refused To Give Their Children Vaccines: <url>",0.0,0.6666666666666666,1
CUCK7YIS,How do vaccines cause Autism? M <url>,-1.0,0.3333333333333333,0
1E4D5LL1,"First trip to the vet was a success. We have one healthy baby. Three vaccines, one thing that he… <url>",0.0,1.0,1
KNQQ0DZY,"#pharmaceutical Vaccine Pharmaceutical Sales Representative - InventivHealth -  Houston, TX  <url>",0.0,0.6666666666666666,1
Y2EST51F,Another Study Finds No Connection Between Vaccines And Autism: The MMR Vaccine protects against highly contagious… <url>,1.0,1.0,2
JWT86LB2,"Well the measles are in Georgia and I never had the shot, bc allergic :-)",0.0,0.6666666666666666,1
QDA0UE3F,<url> chip in for Lilly her health bills are in the thousands after suffering adverse reaction to rabies vaccine,0.0,0.6666666666666666,1
GOIUO04J,#FF Follow one of my favorite local bands <user> also their saxophonist/my coworker <user> they'll be playing MMR bbq #kcco,0.0,1.0,1
JF5MYLN9,<user> <user> <user> jajaja ya no mmr! ;),0.0,1.0,1
AJPZOFJO,<user> : then why do so many people listen to that bimbo Jenny McCarthy and not vaccine their children?,1.0,1.0,2
MKETTIUY,"Austerity is not a Vaccine to Crisis... It is a Parasite with Pandemic Potential! It Drains Life, Killing Slowly! #OccupyDallas",0.0,1.0,1
A1STE7GE,Identify all your crazy Facebook friends by asking who doesn't believe in childhood vaccinations. Then unfriend them in real life.,1.0,1.0,2
XGU91GG7,<user> Next it will be mandatory vaccinated cat children.,-1.0,0.3333333333333333,0
JYTVG54D,"Gd summary-just the facts.""<user> <user> Common questions about #Measles answered in 2min. VIDEO: <url>",0.0,1.0,1
AY9GW4N0,No immunizations? More paperwork for parents: Colorado parents who don't want their children to be immunized will… <url>,1.0,0.6666666666666666,2
OI1K55XG,"#MMR video , Wass funny a'f !! ",0.0,1.0,1
QMYIL5PH,Love is like measles: we all have to go through it.,0.0,1.0,1
0KM1HPD6,<user> <user> those are probably the same people who don't vaccinate their children,1.0,1.0,2
PODEEUIX,"If you don't believe in vaccinating your kids, you might as well cease reproducing before you pass on your stupidity. #BeSmartAmerica",1.0,1.0,2
JJC1Y3IJ,<user> <user> how about a segment on HPV instead of giggling about Michael Douglas. It's a serious disease. Oh and there's a vaccine.,1.0,1.0,2
RH5T31K5,"Me and <user> #803 #804..... Young kings getting it....., #MMR #teamfreepour #BBoyEnt… <url>",0.0,1.0,1
UX0XFJFO,MMR out to prove that modern 4-cam Ford engines with turbos can beat big block single cams with bigger… <url>,0.0,1.0,1
4Y95CYBY,Immunizations for school #fall semester (@ Intown Primary Care) <url>,1.0,1.0,2
8YXBV43X,"<user> the parents own their children, but they can be taken away by the State if parents are negligent (like not vaccinating them)",1.0,0.6666666666666666,2
8ZQ5EE5A,Meningitis Vaccine Offered After WeHo Man’s Death — Stefan Chase Reports: WEST HOLLYWOOD (KTLA) – In response to... <url>,0.0,0.6666666666666666,1
ABHUNK1M,In a store listening to a narcissist explain why she isn't vaccinating her kids even though she knows it endangers other children.,1.0,1.0,2
WJBQ441Y,CDC Whistleblower Confesses to Vaccine-Autism Fraud: 'My God I can’t believe what we did.’ <url> via <user>,0.0,0.6666666666666666,1
W17AD10P,"Ok <user> when ever u are blessed with a child, please get the rugrat vaccinated.",1.0,1.0,2
V4OJN66V,<user> u can catch it at any age but the infection is less severe as you get older unless you have lung disease or compromised immunity.,0.0,1.0,1
8LUBKMCS,I have to propose a solution to the Measles epidemic. My professor wants creativity and didn't say I had to be ethical or humane... 😏,0.0,1.0,1
5229NB7G,"<user> Or from the #measles #vaccine recently administered 2 Disneyland workers who then became infected &amp; shed the virus, right?",-1.0,0.6666666666666666,0
IBWMI1OF,Don't act surprised. --&gt;Yikes. Thousands of BART commuters may have been exposed to measles: <url>,1.0,0.6666666666666666,2
SKRSP56M,6 more California measles cases tied to Disney outbreak: California health officials confirmed that six new measles… <url>,0.0,0.6666666666666666,1
YUU4Z0WS,"""I cannot go to school today, said little Peggie Ann McKay. I have the measles and the mumps a gash a rash and purple bumps."" #poetry lmao",0.0,0.6666666666666666,1
9I04K697,Cat out of Bag! Measles Outbreak Chicago Suburb  <url>,0.0,1.0,1
OG7ZC96Y,Study: HPV vaccine not leading to risky teen sex: A new study shows that teens who have received a HPV vaccine do… <url>,0.0,0.6666666666666666,1
VR5CBQ7M,"One step closer: Ebola vaccine looks safe, in Liberian trials. <url>",1.0,1.0,2
EX6YVEV0,Unvaccinated Child Diagnosed With Measles On Martha’s Vineyard: An unvaccinated child has been diagnosed with the… <url>,0.0,1.0,1
5YUBKZVA,Checked off the list: drive over The MMR! #LiveITRoadtrip (@ The Mighty Mississippi River) <url>,0.0,1.0,1
KLE9SGZJ,"I used to be all for parents not vaccinating their kids but I am now 100% against it, it's almost cruel to not vaccinate your fucking child",1.0,1.0,2
QTHZLAG4,"At 6:45: WA allows vaccine exemptions for medical, personal, religious beliefs. Do you think ""personal"" should be removed. Lawmaker says yes",-1.0,0.3333333333333333,0
425UZ9YT,African Nations Celebrate a 55 Percent Drop in Child Mortality Rates Due to Immunization <url>,1.0,0.6666666666666666,2
KC7RXN3F,"Get Vaccinated, Health Officials Say, As Michigan Confirms First Flu Cases: DETROIT (WWJ/AP) - Health officials are… <url>",1.0,1.0,2
AK2U1Q32,<user> u r not a supporter of democracy. Censoring Gary Null on vaccine safety and efficacy. Why? Who's calling the shots for you now?,-1.0,0.6666666666666666,0
YK5YILZ9,<user> <user> <user> <user> <user> you guys realize you need like ~85% vaccinated to keep the spread from expanding,0.0,0.6666666666666666,1
YQCPP2TM,Modified measles virus destroys cancer in early clinical  - <url> can this turn measles into a new virus and cause pandemic,0.0,0.6666666666666666,1
KT8WYRMX,<user> #GOP STOP blaming #Immigrants first #Ebola now #measles Which diseases?brought their ancestors? #AINF <url>,0.0,1.0,1
DX9TVLTM,"CDC: Flu vaccine not as effective as years past: Flu season is in full force in South Texas, but something's… <url>",0.0,0.6666666666666666,1
9HXSOQA1,You Won’t Believe What Obama is Forcing Public Schools to Do With Illegal Aliens and Vaccinations <url>,0.0,0.6666666666666666,1
3DLRK6OR,Chicago-area measles cases put spotlight on day care centers <url>,0.0,1.0,1
ZPMI6D8R,"Strawberries provide vitamin C and antioxidants. Good for skin (collagen production), immunity, and heart health.",0.0,1.0,1
ZYMN4K7Z,CDC Vaccine Information Statements Update  <url>,0.0,0.6666666666666666,1
O4UB20DL,<user> Don't get Measles!,0.0,0.6666666666666666,1
K686PW1H,"Senators Feinstein, Boxer Push To Reverse California’s Vaccine Exemptions Amid Measles Outbreak <url>",0.0,0.6666666666666666,1
SG096FF1,Health fact of the day: ferrets are used in influenza studies because they respond to the flu much as people do. #vaccine,1.0,0.6666666666666666,2
GF4T58MM,#KristinCavallari do some research. Vaccines DONT cause autism. Clearly you're an unfit mother and should have your children taken from you,0.0,0.6666666666666666,1
F213HUVV,<url> <user> outbreak linked to fully vaxed kids #VaccineDebate,-1.0,1.0,0
IIEY5N69,The fact that vaccinations are mandatory for school nshit makes me not trust it.,-1.0,0.6666666666666666,0
NOSUO0PD,Possible measles exposure at Philly's touch museum: State health officials are warning of a possible measles… <url>,0.0,1.0,1
7KEN50CE,Why kids need vaccinations. Late 19th-century maps show measles mortality before vaccines: <url> <url>,1.0,1.0,2
VZLJ3ETF,Where the hell did the measles come from? That hasn't been around since the 90s.,0.0,1.0,1
D0KAPONW,"WELP. RT <user> Arizona on alert after 1,000  people may have been exposed to measles and the state prepares to host the Super Bowl.",0.0,1.0,1
3T7RCSNA,"Your ""Personal Belief"" is not only putting your child at risk, but EVERY child! <url> #1stWorldProblem #Immunize",1.0,1.0,2
EOHXVFC3,#thefive when #o give #immunity  we support them #school to grave?,0.0,0.6666666666666666,1
I0RS4UHJ,"""<user> Religious vaccination exemptions wll completely end in Aus <url> <url>
DEATH 2 ILLUMINATI",-1.0,0.3333333333333333,0
LZY9MJA4,A book promoting the benefits of...you guessed it...Measles(hilarious reviews): <url>,1.0,0.6666666666666666,2
OEHEIQE3,Measles Alert #Boston MetroWest <user> why the focus on #Framingham #TraderJoes <user>,0.0,0.6666666666666666,1
M2982Y8N,"Remember that time I went on a date with a girl who doesn't vaccinate her kids? Yeah, that was awesome.",1.0,1.0,2
KCQPEHTK,Study of 1.3 Million Kids Reveals Vaccines Aren't Associated with Autism <url> science is fun:-),1.0,1.0,2
H41IU86V,<user> we also have this one!! <url> Focused on 2 mothers both trying to vaccinate their kids.,1.0,1.0,2
AFOEZYJE,"Rain, Sleet, Hail, Snow Can't Stop  The Party <user> #videopromo #mmr #partypeople #daftpunk… <url>",0.0,1.0,1
2JL3CJAJ,Health Officials: Flu Vaccine Less Effective But Recommended <url>,1.0,1.0,2
D4BU9KI0,Kenneth's immunization records (@ Barrow Co. Health Dept.) [pic]: <url>,0.0,0.6666666666666666,1
FTG1O6PF,#RRR #MMR #SRT10MG LifeStyle we living !!! @ Charlotte Marriott City Center <url>,0.0,1.0,1
IEC2I9ZX,"“On average, people who complain live longer -- Releasing this tension increases immunity and boosts their health.” <user>",0.0,1.0,1
U81V7XUU,<user> <user> / People need to be reminded that good health can not be taken for granted. Get those vaccinations.,1.0,1.0,2
RQXRYDLO,I learned today that you cannot get autism from vaccinations.,1.0,1.0,2
QO64QS1E,“<user> #BREAKING: 6 more flu deaths reported in San Diego.  <user> GET VACCINATED!,1.0,0.6666666666666666,2
WKBNRMJC,"""They say that measles isn’t a deadly disease.
But it is.""
<url> are-being-lied-to/",0.0,1.0,1
9X0NYYA8,"Austerity is not a Vaccine to Crisis... It is a Parasite with Pandemic Potential! It Drains Life, Killing Slowly! #OccupyWallSt",0.0,0.6666666666666666,1
RFH8X8GY,<user> Yes people listen to Adam. Everyone needs good health insurance. Annual check ups and vaccines amount other things are free:-),1.0,1.0,2
FTNMH3A0,"2 confirmed cases of #Measles in past week, Massachusetts.Report all cases to #Boston Public Health Commission 617-534-5611. <user>",0.0,1.0,1
Z59GG1RV,"<user> <user> No, children under 18 months are not vaccinated, also those with autoimmune disease and cancer treatments",0.0,1.0,1
OO4SCDQR,"Adore bill banning personal belief exemption for vaccinations; B/C, sometimes, your unfounded personal belief doesn't mean anything at all.",1.0,1.0,2
HTRF1KF4,Nuttin better than getting up early to vaccinate chickens before school 😬 #farmlife,0.0,1.0,1
6ICFBSHQ,<user> <user> Goldberg I want some of that to smoke too. I still take meds.for a MMR related illness that hospitalized me in 88.#TheView,0.0,0.6666666666666666,1
E4OHD50S,That's an interesting way to get people to vaccinate their kids... <url>,0.0,0.6666666666666666,1
V1KV1RTW,The Real Issue That #Vaccine #Truthers Like #JennyMcCarthy Should Be Focusing On. #mmr #measles #autisim <url>,1.0,0.6666666666666666,2
RCS5Z8WH,Growing Number Of Families Opt Out Of Vaccines For Kids: BOSTON (CBS) – Vaccines have been proven to prevent... <url>,-1.0,0.3333333333333333,0
3UYKCXYX,"Everyone get the measles vaccine so this doesn't have to be a story anymore, mmm'kay?",1.0,1.0,2
9U7TFNO7,".<user> 1 in 5 children are w/o lifesaving vaccines, pls change this &amp; put #immunizationfirst on the <user> Summit agenda",1.0,1.0,2
24LEZM4K,<user> yep...and the immunocompromised will be free to die of these diseases because there is no herd immunity to keep them safe,1.0,0.6666666666666666,2
E8NV22JO,"""SNL hasn't been funny in as many years as I haven't vaccinated my children""",-1.0,1.0,0
Y7LWZ6KF,"<user> <user> that is totally irresponsible: if you love children and people, get them vaccinated. #savelives",1.0,1.0,2
42RI5W8N,Parents who refuse to vaccinate children to be denied childcare rebates <url> #stopavn,0.0,0.6666666666666666,1
K732BAE2,<user> wanted to make sure you've seen our latest video of children living their dreams for immunization week <url>,0.0,0.6666666666666666,1
E0VDEYR1,<user> <user> I have a friend that home schools and doesn't vaccinate but not sure they would share their story,0.0,0.6666666666666666,1
RZFJG4FF,"I've got it... The Breaking Dead. Walter White is a walker,but a super walker that can talk and stuff.And he has a vaccine to save survivors",0.0,1.0,1
YAWZDG9F,Case of measles suspected in Baltimore County child: Baltimore County child is tested for measles after visiting… <url>,0.0,1.0,1
VFF10J6B,"<url>
There is no such thing as a safe vaccine and there will never be.",-1.0,1.0,0
5EBJH69O,Mobile clinic with back-to-school immunization shots: SAN ANTONIO - Many children in our area are getting ready... <url>,1.0,0.6666666666666666,2
Y1RZDIPU,"<user> because the younger you vaccinate, the more effective it is long term. A child immune system development is key to adult sys",1.0,0.6666666666666666,2
YI09OBS7,"Marin Health Dept on 2 measles cases: ""The children had been exposed outside of Marin as part of the Disneyland outbreak..."" #mapit",0.0,1.0,1
G1UF5OXJ,You~ 'I thought measles were a thing of the past' ~Other Voices: What Texas Editors Are Saying <url>,1.0,0.6666666666666666,2
5IVT6GLB,Vaccinations for upcoming trip to #China (@ Student Health Center) <url>,1.0,0.6666666666666666,2
6E23NCDO,Health: Local Researchers Developing MERS Virus Vaccine: By Stephanie StahlPHILADELPHIA (CBS) – Researchers in... <url>,0.0,0.6666666666666666,1
G0WETEQO,“<user> #Measles <user> - What You Should Know <url> <url> that vaccination is good,1.0,1.0,2
W93AIBCM,"Another study showing no link between autism and vaccines.  #Science

<url>",1.0,1.0,2
QJE207AX,Camden County Put on Measles Alert <url> via <url>,0.0,1.0,1
NS0W4V9O,Pediatrician: Vaccinate Your Kids—Or Get Out of My Office <url> via <user> Preach!,1.0,0.6666666666666666,2
27WM95S4,"The irony is: even if vaccines gave kids autism (they dont), they'd still more better contributors to society than their dumb ass parents",1.0,1.0,2
1DRUDPI3,"“<user> On average, people who complain live longer -- Releasing this tension increases immunity and boosts their health.” hell yeah!",0.0,1.0,1
I87OO9HY,MMR on the radio...Ohhhhh I'm getting close now.  #excited,0.0,1.0,1
DJFUWDXS,This whole measles thing is ridiculous. Vaccinate your damn kids.,1.0,1.0,2
X077VOZF,"ºoº ""maybe immunization? maybe it's autism?"" ºoº",0.0,0.6666666666666666,1
51TJSLQO,SafeMinds tries to frighten pregnant women not to be vaccinated <url> #antivax #liars #healthcare,1.0,1.0,2
0KGXCECT,# mmr is the movement,1.0,0.6666666666666666,2
CCNVAB1S,<user> <user> VACCINATE YOUR FUCKING CHILDREN.... loud enough for you?,1.0,1.0,2
7AQE1AT1,<user> Government considers testing anthrax vaccine on children <url>,0.0,1.0,1
KYLGBFTX,<user> he's literally a joke to science now. He falsified the research to get famous!?!!)!!1!1 ppl should vaccinate their kids!!!(!1!,1.0,1.0,2
64JNSMFA,""" #PTI #ImranKhan <user> 
#MissionImranKhanWaziristan Peace March!!""
end to drone killings. Yes to Polio vaccination.",1.0,0.6666666666666666,2
P4W5D0YY,<user> <user> where he will promptly contract measles,0.0,1.0,1
83U4473J,Naw I don't want measles RT <url>,0.0,1.0,1
VD7D5UOH,"LastNight #RRR #MMR #SRT10MG #TurnedUp !!! @ Charleston, SC <url>",0.0,0.6666666666666666,1
TM348SJN,"I bet we could get some people to vaccinate their children if we sold doses as ""craft tinctures"" at the farmers market.",1.0,1.0,2
FC77MGTL,"This is what happens when we listen to celebs instead of educated, knowledgeable practitioners. #unwise #measles #getyourkidsvaccinated",1.0,1.0,2
Y436SC3J,Arizona Cardiologist Responds to Critics Regarding Measles and Vaccines <url> via <user> <user> <user>,0.0,1.0,1
ZXHX29G8,Wonder how many measles cases are walking around here...sure are plenty of sick candidates. (at <user> <url>,0.0,1.0,1
MHWX8Q3M,My mom told me she doesn't know if I got the measles shot 😂,0.0,1.0,1
D1RQ9LXG,I'm sorry but if you don't vaccinate your kids for fucking diseases like measles you're a fucking idiot. No the govt is not trying to kill u,1.0,0.6666666666666666,2
SN2XDDIP,"So people can be stubborn, and don't get their children vaccinated… #Creating their own zombies",1.0,1.0,2
EUT1HZPW,"vaccinate your kids, its science",1.0,1.0,2
SBAR5QUO,“<user> Two schools in BH + S Monica have immunization rates in line with countries like Chad &amp; South Sudan <url>,0.0,0.6666666666666666,1
K8AXP6N5,Parents who oppose measles vaccine hold firm to their beliefs <url> <user>,0.0,0.6666666666666666,1
0K69DYUT,.<user> Because it's the illegal immigrants that are spreading the disease. The USA had measles wiped out before the influx of illegals.,0.0,1.0,1
1TWXE28D,There is nothing scarier than reading the reasons parents give for not vaccinating their kids,1.0,0.6666666666666666,2
4GF1O6QE,5 In Ventura County Among Reported Cases Of Measles In California <url>,0.0,0.6666666666666666,1
9S7GEOYO,If I ain't the illest nigga imma his new vaccine. Really more lik poison when his New Jack Swing.,0.0,1.0,1
7YE0WW6U,"<user> News you might've missed, from <user> No. 5: 400 million children get immunized: <url> #vaccineswork",0.0,0.6666666666666666,1
5JDNEDS1,<user> #GOP STOP blaming #Immigrants first #Ebola now #measles Which diseases?brought their ancestors? #AINF <url>,0.0,1.0,1
UHZLQDPF,----&gt;RT <user> ! ==&gt; “<user> AIDS vaccine created at Oregon Health &amp; Science (cont) <url>,0.0,0.6666666666666666,1
XG46QHKM,<user> But if your son is vaccinated he should be safe right?,0.0,0.6666666666666666,1
K9BGFIM5,<user> <user> <user> MMR rocks.,0.0,1.0,1
ZWRG9GEF,<user> Go crochet or vaccinate fat kids!! #bitsy #TGIT #ScandaI #GLADIATORS,1.0,0.6666666666666666,2
K1GX6YVL,<user> you really believe vaccinations are the destruction of the USA? What about Polio? Measles? Pertussis? <url>,1.0,0.6666666666666666,2
TT8Q5SE5,"60,000 Oakland Kids to Get Free Flu Vaccines: An attorney for Bryan Stow, the gravely injured Giants fan who won a… <url>",1.0,0.6666666666666666,2
EI8ZG3XK,<user> This anti-vaccination ignorance is is showing to be an incredibly dangerous ideology for both kids and the population as a whole.,1.0,1.0,2
UCJT2YFL,Anti-vaccine conference. Guest list as qualified as cast of elementary school play. <url>,1.0,1.0,2
N3I6UY7J,Vaccines are EFFECTIVE.  Number needed to vaccinate to prevent disease = 0.24! #AAFP2014 #AAFPAssembly #vaccinate <url>,1.0,1.0,2
DE568XKT,A child needs 16 vaccinations before starting Kindergarten? Wow! <url>,1.0,1.0,2
7BET4YHP,Is it bad that I can't wait to go to work to giv badass little kids there immunizations :))),1.0,0.6666666666666666,2
HX72PYRS,MIT Scientist Shows What Can Happen To Children Who Receive Aluminum Containing Vaccines | Collective-Evolution  <url>,-1.0,0.6666666666666666,0
V0XTHC6Q,Taking our youngest child Scooter in for vaccine and a rash. (@ Bayside Veterinary Clinic) <url>,1.0,1.0,2
QVBLNE6M,"<user> <user> I am. Simple statistics and science. Vaccines aren't perfect. Much better than disease, however.",1.0,1.0,2
DHX4XRUA,"7 immunizations and vaccines at once, Nursing School ain't got nothin on me.💉😜",1.0,1.0,2
W7NMVM5A,<user> <user> <user> <user> in this study one vaccine studied. Countless on autism. <url> #sb277,-1.0,0.6666666666666666,0
XA12GNX4,Vaccinate! MT <user> Mom abandons anti-vaccine movement after all 7 of her kids get pertussis. <url>,1.0,1.0,2
579EJRHS,"Vaccinating your children should not be a choice, but required.",1.0,0.6666666666666666,2
9LHMGN1U,“<user> Measles cases surge as vaccination rates drop. <url> And Lou Gehrig died from Lou Gehrig's disease. #Obvious,0.0,0.6666666666666666,1
819SQUP0,Hahhahahaha. Measles and Marin County. <url>,0.0,0.6666666666666666,1
ESNMXZ55,"Let's get this straight, first it was ISIS, then it was Ebola, then back to ISIS, and now ... Measles? Fake ISIS threats? Yep. Fear. Fear.",0.0,1.0,1
D69X8G1F,Cool place and great beer of course.  Look forward to our beer on tap soon - Drinking a MMR at <user> - <url>,0.0,1.0,1
995YO91Z,The #HPV vaccine could prevent 80-90% of all cervical cancer cases linked to HPV - it's time to pass H.3204 and protect our children,1.0,1.0,2
81HABMCK,Didn't ever expect to be here! But followed measles and here I am. <url>,0.0,1.0,1
8JHPIGTX,Getting dressed...have laundry run this morning and doctor's #anemia follow-up this afternoon. Getting an MMR booster shot today.,0.0,0.6666666666666666,1
X5OZH165,"""Some 3rd world countries have higher vaccination rates in their children than Marin County, California"" via <user> <user>",1.0,0.6666666666666666,2
Q7QS5P3E,Gothamist: Officials Try To Contain Measles Outbreak In Upper Manhattan &amp; The Bronx. <url> so many people who are not vacci,0.0,1.0,1
ZN0E1S18,U.S. faces worst measles outbreak in 20 years <url>,0.0,1.0,1
MVIAF5UY,I've never thought I'd be glad that BART doesn't go to Marin. We have enough #measles on the trains already.,0.0,0.6666666666666666,1
8PEEJ4US,"<user>  vaccinations must be a requirement, there are many infants who can not be vaccinated. R u guys willing to risk their lifes?",1.0,1.0,2
VC4GD3NO,"<user> How Could You Put Ur Child In So Much Danger? Most Of The Diseases That They Have Vaccines 4, I Had Measels17x. Vaccinate. SavesUS",1.0,1.0,2
Q48LUFK9,"<user> <user> International Business Times
What's Causing Measles Cases To Spike In The US?
<url>",0.0,0.6666666666666666,1
I271J4WE,<user> <user> the inconvenient truth is more immigration children are vaccinated against childhood diseases than texas and brdr states,1.0,0.6666666666666666,2
63DW3AZ0,"<user> #RoommatesIn5Words
Have you ever had measles?",0.0,1.0,1
ZAS1UAX1,Taking It to Outer space Tonight madhatter #mmr #dc #dj #live #photoshop #flyer #connecticutave… <url>,0.0,1.0,1
PYEMFTOS,Making some breakfast then time to work on my MMR,0.0,1.0,1
A9GR9EQ4,Never realized the paralysis of Polio left effected the bladder- sad that Salk's vaccine wouldn't come for 30 yrs #RooseveltsPBS,0.0,0.6666666666666666,1
WFTO3JZJ,The person who visited Super Bowl village with measles &lt;&lt;&lt;&lt;&lt;&lt;&lt;&lt;,-1.0,0.3333333333333333,0
LC3ADSP6,"<user> you know, I don't actually know the answer to that. I know they space out vaccinations for babies to keep them healthy",0.0,0.6666666666666666,1
YM9P2FSE,"Three kids, three flumist  vaccines. What could possibly go wrong? 😖😖😖 (@ Davidson-Bergman Pediatric Associates) <url>",-1.0,0.3333333333333333,0
0ILU1TWD,<user> <user> hangover is like a disease. U have to build immunity. Lol,0.0,1.0,1
2GLWULVO,Can't wait til my nigga <user> arrives. It's going down once that happens! Chitown to NYC. #MMR,0.0,1.0,1
BJBARUTS,One person dies from a vaccine but you get in your car and risk much more every day of your fucking life. Get a fucking brain.,1.0,0.6666666666666666,2
SJ5XCLP5,Kids are not allowed to bring peanut butter to school but they are allowed to bring measles. Where did we lose our collective compass!?!,1.0,0.6666666666666666,2
7TGFZ50T,"<user> Spoiler alert-answer is to vaccinate! ""<user> Protecting Newborns Against Whooping Cough <url>",1.0,1.0,2
HM43XJI8,<user> what!!?!?!  I thought kids get a vaccine for that!?,0.0,0.6666666666666666,1
72SJS7IM,"Looking thru my phone contacts and saw Chicken Pox, Influenza, Measles, Small Pox. Why are these in my phone? Oh yea! Cuz I call the shots",0.0,1.0,1
IVAOILVP,"AM-News : Week Ahead: EHR in the ER, HIV News, Docs on Measles Vaccine: Week Ahead: EHR in the ER, HIV News, Docs… <url>",0.0,1.0,1
86X1T19F,"<user> you died of measles, snakebite, dysentery, typhoid, cholera, and exhaustion.",0.0,0.6666666666666666,1
V9UHTRRC,Warning: Student on train through Westchester had measles <url>,0.0,1.0,1
UB9VT29Z,#Blockwork #GMF #MMR @ MYRTLE AVE. <url>,0.0,1.0,1
81ZZHCV9,"The mumps: measles, only hilarious.",0.0,1.0,1
E3HM3UTN,I'm at Mmr  3 (Ithaca) <url>,0.0,1.0,1
HG0NNSYZ,Hurt over measles lingers in small town: Four people in one family in Kearny Arizona contracted the measles while… <url>,1.0,0.6666666666666666,2
UM0HI0VG,CDC urges measles vaccinations amid Disneyland outbreak <url> #measles #Disneyland <url>,0.0,0.6666666666666666,1
KJH4WZCK,MMR playing South of Heaven. Nice. #Slayer,0.0,1.0,1
0U1AW0VA,Tune Into Channel MMR Tonight <user> #MMRisForTheChildren #djculture #respectthedj #djlife… <url>,0.0,1.0,1
9B20IH2G,<user> <user> <user> but vaccines only prevent disease if we can get the morons to take them. #idchat sorry. I get impatient.lol,1.0,1.0,2
TU7H8XH2,I will let my kids roll in the mud. And play with animals. And climb trees. Build their immunity and their toughness.,0.0,1.0,1
9X4PPC4G,Why do you vaccinate your kids? <user> #immunizeMN,1.0,0.6666666666666666,2
M199WYHE,Omaha Jackrabbit 2014 #nebraska #gravel #mmr #teamdundee @ Schlenker Farm <url>,0.0,1.0,1
DXZSNT26,<user> <user> where's the bitch that's tellin everyone I have measles... That'll cause a Twitter fight,0.0,1.0,1
BMT68PDJ,"UC to mandate vaccines for incoming students by 2017: The University of California, citing a widespread measles… <url>",0.0,0.6666666666666666,1
I986ERYM,"<user> <user> <user> <user> Stop yelling. In my county, 35% are not immunized because of fear-mongering. Get it?",0.0,0.6666666666666666,1
5KJ6SF8X,"Back-to-school fairs offer information, immunizations: Parents are invited to attend three back-to-school fairs... <url>",0.0,1.0,1
FVZYVG78,Wow I need two TB tests and a titer for MMR and varicella for the internship.💉 whatever I'm excited!,0.0,0.6666666666666666,1
I36QF25I,“<user> warn unvaccinated people to stay away from Disneyland after measles outbreak: <url> (fixed)”#getvaccinated,0.0,0.6666666666666666,1
3C890BBD,"""<user> The Flu Pandemic, Health Benefits of Vitamin D &amp; Potential Dangers of Flu Shots <url> #flushot #vaccines #flu",-1.0,0.6666666666666666,0
EWRX81RQ,Not with my mom thinking I have the measles just because I went to Disneyland 😒😒,0.0,1.0,1
0KD1I4GU,"Maybe if <user> administered all of my vaccines and started all of my IVs, I wouldn't have a fear of needles anymore. Maybe. ;)",1.0,1.0,2
BEGU17YL,"A news story is asking ""why is there a resurfacing of measles?"" Because of those ""anti-vaccine"" idiots 😐",1.0,0.6666666666666666,2
9GADFWZ7,"If you choose to not vaccinate your children because you think it's ""healthier"" you don't ever deserve children.",1.0,0.6666666666666666,2
LK5LUZ0A,Shame on <user> for their billboard on the NJ Turnpike implying childhood vaccines are dangerous. You're a danger to public health.,1.0,0.6666666666666666,2
AGHX7BU7,"<user> sorry you are buying into the hype, but the flu vaccines are actually BAD for your health. Carcinogens galore in them",-1.0,1.0,0
Q6KF1EF7,Vaccines give you autism as much as pancakes make you gay. #jimmykimmel,1.0,1.0,2
DMKMF5ZQ,I got the vaccination 💉😂 RT“<user> Scared to catch feelings ..”,1.0,1.0,2
DEONNI87,I guess health services will have a line out the door for all of the chicken pox immunizations that ARENT NEEDED,-1.0,0.6666666666666666,0
I5IN61JX,Another study proves no link between autism and vaccines: Having a child diagnosed with autism can be devastating... <url>,1.0,1.0,2
A56FLQ35,Kid immunity enhancing facility. <url>,0.0,1.0,1
MKJL53RY,Six Confirmed Measles Cases in Cook County <url>,0.0,0.6666666666666666,1
7PTIDMLM,The worst thing about your weasel dying of the measles is how do you tell your friends without laughing? #FunnyPetDeaths,0.0,1.0,1
AL0W32WP,"Anti Vaccine Parents be like, ""Scurvy shots?  No way, I don't want my kid being acoustic,  I mean… <url>",1.0,1.0,2
QJUU9SHN,"""<user> It's NOT Only a Coincidence! Click LIKE if  agree. #vaccines <url> advocate <url>",-1.0,0.3333333333333333,0
8I4NUWD8,Mashable: Roald Dahl's heartbreaking 1988 letter resurfaces amid current measles outbreak. <url> <user> <user>,0.0,1.0,1
46K4OLJL,HB2279 [Engross] Public health and safety; providing immunity from prosecution for drug-related offenses under ce... <url>,0.0,1.0,1
METZHZ53,"<url>
Father asks California school district to ban kids who haven't been immunized.",1.0,0.6666666666666666,2
QJNKJD3I,<url> remember those smart assed modernized women who saw no reason to immunize their children because yours were. Well,1.0,1.0,2
61MCHC63,<user>  Yes no vaccination no school,1.0,1.0,2
ZOZX0VYU,#PlanForWorldDomination create zombie disease then create vaccine. Use vaccine on myself and destroy all documents of both. Release disease.,0.0,1.0,1
LA1C2V6X,Measles outbreak:AZ officials tracking1000  <url> bet it started w/NOCAL crunchies #vaccinateyourkidsalready #vaccineswork,0.0,0.6666666666666666,1
HWO714QF,"“<user> When my disciples don't know how vaccines cause autism, I give them this link: <url> <user>",-1.0,0.6666666666666666,0
SECZX8WE,SB121 [Passed] Meningococcal disease-pupils to be immunized against at recommended age <url>,0.0,0.6666666666666666,1
FLG7P2LD,Josh Sharfstein: Vaccine policy should be made by states. Federal government serves as safety net for public health #Measles2015  <user>,1.0,0.6666666666666666,2
ES26S1E3,“<user> Traveler with measles passed through Sea-Tac Airport Jan. 18 - people may have been exposed: <url> awesome,0.0,0.6666666666666666,1
M28Y0OJ7,<user> there is absolutely NO science to support vaccines &amp; autism. It is a notion that makes folks feel better than other causes,1.0,1.0,2
AZM9EKG5,<user> <user> I just hope <user> doesn't miss games when his kid gets the measles,0.0,0.6666666666666666,1
6HX5K3RE,Measles Outbreak: To Vaccinate Or Not Vaccinate <url>,0.0,1.0,1
H0ZQ952P,<user> <user> Sadly: Some vaccinated are at risk from the unvaccinated <url> <url>,1.0,1.0,2
NSRHQBCV,"<user> Seriuosly! ""Teen's death shows..."" Click-Bait Article states flu vaccine may not have saved her(!?). No autopsy yet. Amateur work.",-1.0,0.3333333333333333,0
2ISR8LJT,Pakistan is arresting parents who don't vaccinate their kids against polio,0.0,0.6666666666666666,1
39L91MUE,measles broke out at palisades not going there no time soon,0.0,1.0,1
QIISPPMU,My dad thinks I have the measles ok,0.0,0.6666666666666666,1
CPWFJ6DY,People Vaccinate your kids!!!!!!!!!! 😒😒😡😡😡😡,1.0,1.0,2
7D5JA9H8,2014 has seen the highest incidence of measles in 20 years. Dr. Green #natco1,0.0,1.0,1
3M0CCAXD,"<user> <user> Recent CDC memo states that TB testing &amp; immunizations are being done at holding stations, but could be a lie.",0.0,1.0,1
KA5CIG1W,<user> why the bogus vaccine injury compensation program if vaccines don't injure?  <url>,-1.0,1.0,0
K4FUD2UP,S|O too #MMR !(:,0.0,0.6666666666666666,1
CLCYSB3E,"RT<user> “<user> What can parents, doctors, and politici do to stop 
measles and whooping cough outbreaks?
<url>",1.0,0.6666666666666666,2
3GDBNATS,RT <user> RT <user> An extra special F**k you to all the anti-vaxxers out there today... my 1yr old nephew has measles #stopAVN,1.0,1.0,2
ESTRZELC,"The research is hard to ignore, vaccines can trigger autoimmunity with a laundry list of diseases to... - <url>",-1.0,1.0,0
FP4CYLNC,<user> darn colds! One of my coworkers got Guillian Barre from the flu vaccine she thinks. Incredibly weak and near death!,-1.0,0.6666666666666666,0
7MDSTQWS,"My kids are gonna be so freaking vaccinated, it's not even funny.",1.0,1.0,2
X2IO8IU7,By next school year all students in Illinois have to have a whopping cough shot vaccine that didn't even exist a year ago?! I hate shots. :(,-1.0,0.3333333333333333,0
13WK49EA,MMR jab warning as measles cases soar 25% over Easter <url>,0.0,0.6666666666666666,1
TWUXJDXV,“<user> Meningitis vaccine to be offered to children aged 14 - 18 <url> Alreadh got it over here England #GetTheVax,1.0,1.0,2
6BWI89ZZ,“<user> .<user> Demands Friends Get Whooping Cough Vaccination Before Holding Her Baby Good for you!!,1.0,1.0,2
SURTANBM,These high-tech immunizations fight disease without needles: <url>,1.0,1.0,2
LY8C21MD,"“<user> #Measles outbreak climbs to 156 patients, Immunizations were developed for a reason ,because it saves lives",1.0,0.6666666666666666,2
0ZGTPSDL,“<user> NOVA: The Autism-Vaccine Myth <url> #vaccines #measles #virus #anti-vaxx <url>,1.0,0.6666666666666666,2
NCE5940C,I bet our culture and society do more to induce autism than what some people claim vaccines do.,1.0,0.6666666666666666,2
7TVRBWCP,“<user> TV’s Relationship to Autism:  <url> not caused by vaccines? Weird! cc: <user> and Brian emmer,1.0,0.6666666666666666,2
UGGTSDZT,"Measles at CSULB? Okay, great.",0.0,1.0,1
O2S7EB6Y,"<user> I had measles, mumps, chicken pox but I didn't get whooping cough which was the scary one.",0.0,1.0,1
KYQM9TJY,<user> should the measles vaccine be mandatory 😭 I got all the stuff I just don't wanna write it,0.0,0.6666666666666666,1
XSKQ8ITO,"“<user> ""Every child is different,"" says Jenny McCarthy, who slams her vaccination critics in a new column: <url>",-1.0,0.6666666666666666,0
AV80NXNQ,"“<user> Scientists Implicate More Than 100 Genes in Causing Autism <url> GENES, Not vaccines.",1.0,1.0,2
JYO7DXOD,"<user> Boehner's built up an immunity to his own poisons, but not Obama's.",0.0,1.0,1
OSH9REQ1,I have my vintage '82 MMR t shirt on today while Mr.<user> &amp; Rabbi are both wearing the #MMR<user> shirts! #MMR46 <url>,0.0,0.6666666666666666,1
XTR1EXUG,<user> Let the Science Speak: The Evidence Supporting the Immediate Removal of #Mercury from #Vaccines <url>,-1.0,0.6666666666666666,0
5IHX20TB,<user> he thinks vaccines cause autism.,0.0,0.6666666666666666,1
3OMN5PG3,"<user> #theview it's not funny! It's serious, they actually said they don't know, (cdc) but measles will kill, autism doesn't",1.0,1.0,2
XWKS9L5P,"I don't understand how some parents won't vaccinate their kids, it should be illegal",1.0,1.0,2
4UT33AKW,Families reminded of back-to-school immunizations: With a month before Clark County School District starts the... <url>,0.0,0.6666666666666666,1
44I3PINC,Excellent talking points on the incredible value of vaccinations to society from the Center of Disease Control. <url>,1.0,1.0,2
RR5GCEY7,I wanna go to Disneyland but I don't wanna get measles 😭,0.0,0.6666666666666666,1
11FIFOVH,Dr.Paul Offit falsely accuses unvaccinated ppl 4 causing recent #measles outbreak when no evidence exists &amp; #CDPH doesn't know how it began,0.0,0.6666666666666666,1
54MM7AJE,At the Nassau County Hispanic Health Fair with our community vaccination team.  #fmrevolution #nslijlife <url>,0.0,0.6666666666666666,1
6DOA90F4,<user> he been had a fever since Monday..den it went away &amp; came bck today..poor baby got measles..,0.0,1.0,1
604HIJ1U,#InitialsOfSomeoneSpecial MMR. JDR. EFR. SRN. BSS. VRN. SJR. NAE.,0.0,1.0,1
IMDP3XDT,This is why you shouldn't vaccinate your kids <url>,-1.0,0.6666666666666666,0
NCXIHJ8G,parents that don't vaccinate their children got me feeling a way,1.0,1.0,2
AFSI0R47,<user> does the HPV vaccine help provide protection from transmission of disease in uncircumcised males?,0.0,1.0,1
U2XK87HP,"Roald Dahl, Who Lost His Daughter to Measles, Writes a Heartbreaking Letter about Vaccinations <url>",1.0,0.6666666666666666,2
J5IL5OEK,Giving children vaccines is giving them their rights - Dr. Mkopi. <user> <user>,1.0,1.0,2
15W1SV3W,We have to remember how effective vaccines are. They save lives. Risks are real but extremely rare. #vaccinesworj,1.0,0.6666666666666666,2
IG4AMRG3,Refrigeration seal issues in a unit for children vaccines at the State office here I go:) <url>,0.0,1.0,1
KCFZ4YVU,“<user> The measles may have hit Wisconsin. <url> <url> dammit,1.0,1.0,2
R5M5G42W,Change in policy likely to lower number of exemptions to Michigan's vaccine requirements: Associated Press - Health… <url>,0.0,1.0,1
DPD2IT7Z,It should be illegal to not vaccinate your children because you don't 'believe' in it.,1.0,1.0,2
HF50T7GC,"""<user> Disneyland officials say employees have been diagnosed with measles  <url> <url> <user>",0.0,1.0,1
7T7CPM7J,Why are all of these unintelligent people I went to high school with posting about not vaccinating their kids?!? GROW UP U HAVE A CHILD NOW!,1.0,1.0,2
0VX20OLY,THIS is why childhood vaccinations are important! RT <user> Today #India celebrates a year (cont) <url>,1.0,1.0,2
EQ2KVO4J,I just became the mayor of MMR Station 22 on <user> <url>,0.0,1.0,1
GDKZX8MB,BART Riders Exposed to Measles After Infected Passenger Rides Train: Health officials are warning that BART riders… <url>,0.0,1.0,1
YHC922GA,"""<user> Epidemiologist #CDCwhistleblower confirms new review showing vaccine autism link <url> <user>",-1.0,0.6666666666666666,0
VS08V7OJ,"Cometh the hour RT <user> Dr. Ben Carson backs vaccinations as ""safe"" <url> <url>",1.0,1.0,2
HVUL7TB4,"It is important to vaccinate and care for baby pigs, when they are… <url>",1.0,0.6666666666666666,2
TQ9TT1TN,Vaccinations have a correlation to autism and other diseases too.,-1.0,1.0,0
CYT0VDFS,San Diego Unified Urges Parents To Vaccinate Kids: California's controversial vaccine requirement law doesn't go… <url>,0.0,0.6666666666666666,1
WX159ZLN,I see faces. Or moon craters. Or...measles? (@ Chuy's w/ 3 others) <url> <url>,0.0,1.0,1
M4HQBD8G,I been around some real niggas all week #RRR #MMR #SRT10MG,0.0,1.0,1
BC8Z7M67,“<user> 60 Lab Studies Now Confirm #Cancer Link to a #Vaccine You Probably Had as a Child: <url>,-1.0,1.0,0
3UP17TN1,<user> <user> Listened to your book on tape on trip. beautifully written. Do red dots indicate a certain # of cases of measles?,0.0,1.0,1
MPXCBVX2,"New Choices For Seasonal Flu Vaccines: WebMD Health NewsBy Brenda Goodman, MAReviewed by Michael W. Smith,... <url>",0.0,1.0,1
L860ZX1L,This week I'm writing about the wonders of virtual reality and reading about a measles vaccine curing cancer. So many wonders.,1.0,1.0,2
HTSJ74WA,Will this wind spread the measles .....,0.0,1.0,1
MRGLI71V,"Mo Brooks, Ben Carson Share False Narrative On Measles Outbreak <url> via <user>",0.0,0.6666666666666666,1
GP9BYMUB,<user> how can we ensure the health of Americans if they want or not want the flu vaccine?,0.0,0.6666666666666666,1
71QYA6YO,If you don't vaccinate your kids you're a fuckin retard.,1.0,1.0,2
WZZ5DOPD,".<user> .<user> .<user> Thousands of people have been compensated for vaccine injury including death &amp; yes, autism. Too many.",-1.0,1.0,0
BSLWSC47,<user> I thought they couldn't get measles.,0.0,1.0,1
6KO2SATY,<user> my son pre/postMMR  unreasonable to assume all kids will tolerate all vaccines #CDCwhisleblower <url>,-1.0,1.0,0
N5P6DHE3,FDA approves the first vaccine to prevent meningococcal disease in infants and toddlers <url>,1.0,0.6666666666666666,2
39CT5UPM,"Health Specialist (Measles and Emergencies), New York, (P-4) UNICEF <user> #jobs <url>",0.0,1.0,1
8TILY3FQ,“<user> <user> Hitler had measles when he was six. #funfact #pez”,0.0,1.0,1
WN9TL6M3,“<user> People who complain live longer. Releasing tension increases immunity and improves overall health.” stuck here foreva😂,0.0,1.0,1
886QAC8F,AZ confirms 8 additional cases of measles. Additional community exposures identified. <url>,0.0,1.0,1
64LJ7WNW,<user> #Measles is not fatal and is very treatable.,-1.0,0.3333333333333333,0
LAIML62C,Shocked when I walked into <user> practice &amp; asked if I had been to #WestAfrica. They are worried about #Ebola &amp; not #measles.,0.0,0.6666666666666666,1
C98L363J,President Eva Davis talks to our members about the Measles Initiative! It only costs $1 to vaccinate a child! 💉 <url>,1.0,1.0,2
C9QSY5LE,Really?  MMR Shots?,-1.0,1.0,0
QZLC5HGH,"Things to get done this weekend: calculus homework, paper on measles vaccine, study for clinical psych midterm, and O. Chem. homework.",0.0,1.0,1
ON12X188,<user> come on robin open your eyes watch videos YouTube johnnychez420 epidemic spreading not measles,0.0,1.0,1
LDAK1RO0,"AP:  Some Montana schools missing vaccine benchmark, data shows <url> #bdcnews",0.0,1.0,1
E5RRNUBQ,"“<user> Newborn's death a cautionary tale as Calif. sees worst whooping cough outbreak in 70 years"" vaccinate your kids.... How bout that?",1.0,1.0,2
A87PO3KS,<user> just had the best Dog the bounty hunter  description.  Half Billy Ray Cyrus half Richard Simmons #MMR <user>,0.0,1.0,1
DJ84Q5IO,"""<user> People who complain live longer. Releasing tension increases immunity and improves overall health.."" My Mom",0.0,1.0,1
K33FHTTN,A 26 year old U.S. woman kidnapped by ISIS was confirmed dead yesterday and we are debating in government about an outbreak of measles...,0.0,0.6666666666666666,1
TFKDOGR2,Just got mmr shot. Ths one hurts like nothing b4!!!!!! F****,0.0,0.6666666666666666,1
H9D7ZO37,I was given a flu #vaccine and was experiencing complete muscle #fAilure. #storytelling #autism #life #overcoming #AgainstAllOdds,-1.0,1.0,0
B2U4KTZ2,Kinda loving (in a weird way) this measles outbreak because I just really don't like Disneyland,0.0,1.0,1
0IKFVGCN,Amazing how all these diseases are gone because of vaccines.... Oh wait! #vaccineswork #BeSmart <url>,1.0,1.0,2
HIF9O7Z2,Just posted a photo @ MMR <url>,0.0,1.0,1
KBA9722B,<user> <user> <user> <user> <user> This is the measles R0 for general population <url>,0.0,1.0,1
8EICM6JG,#measles is contagious. We have a vaccine. The anti vaccine crowd doesn't seem to remember how kids suffered &amp; died. Remember polio?,1.0,1.0,2
SX6JAXFK,State asks justices for immunity in crossover deaths: Attorneys for ADOT tried to convince skeptical Supreme Court… <url>,0.0,1.0,1
OJB17IPW,<user> <user> Good luck. I'm sure you'll be one of those parents who refuse childhood vaccinations too,1.0,0.6666666666666666,2
A7FPN7LC,Great graphic! View state-level data of infectious diseases before and after vaccines were introduced:  <url>,-1.0,0.6666666666666666,0
6PGO92Q3,CDC offices empty due to gov shut down. Do u think ecoli or the measles or the flu are having a party saying 'this is our chance!',0.0,0.6666666666666666,1
QR7XV508,Lol soooo I wanted to go to Disneyland but now I'm like ehhh idk if I want measles 😑,0.0,1.0,1
SAUVXA5B,"Study of more than 95,000 kids finds no link between MMR vaccine and autism <url>",1.0,0.6666666666666666,2
2FWXIYXY,"Come to think, ObamaCare also benefits from 50,000 illegal students in Ur schools, they need vaccines, medical examinations, etc",0.0,0.6666666666666666,1
G1KENWMH,How Vaccine Fears Fueled The Resurgence Of Preventable Diseases <url>,1.0,1.0,2
X1HSXDVN,"US on track for most measles in decade: cases in 4 states, most linked to Africa, Europe, Asia <url>",0.0,1.0,1
4X3VQ53B,If you are against vaccinations I hope you get measles,1.0,1.0,2
ELJKN7K5,<user> you're really gonna let them inject you with the virus so that you don't contract the virus? 😂 vaccines are not safe!,-1.0,1.0,0
5W4GZTQV,"""Hey kids and/or 3rd world families, come get vaccinated, they're great and look like this""",1.0,0.6666666666666666,2
JUT2OG9V,We have 26 confirmed flu fatalities. We need to get vaccines too everyone through the health dept or pharmacies should offer it @ reduced $,1.0,1.0,2
LU29VW7G,"""<user> Oregon has highrate of #unvaccinated students in US. #vaccination rates at your school: <url> #iam #DMBW",0.0,0.6666666666666666,1
NG0C3S5F,Dem Million Dollar convos..... <user> <user> #MMR #BBoyEnt #teamfreepour #humblebeginnings… <url>,0.0,1.0,1
WRV2N3R9,I still can't believe that people think vaccination causes autism. Like what? What are u doing? Shut ur mouth,1.0,1.0,2
1AGKC42T,<user> idk you could get INTO school w/o vaccines! Used to be required!,0.0,0.6666666666666666,1
E2Z2MB9J,"<user> <user> You said it dudes!  Vaccines were created to prevent diseases, not cause them. I get a flu shot every year",1.0,1.0,2
HRZ65DDD,"Measles vaccine doesn’t increase risk for autism, according to study: The vaccine for measles, mumps and rubella… <url>",1.0,1.0,2
U1I56THS,BART measles alert: riders may have been exposed: BART officials warned riders Wednesday that they may have been… <url>,0.0,1.0,1
58915FB0,“<user> A review of 166 independent studies confirms vaccines are safe and effective <url> Please vaccinate!!,1.0,1.0,2
G59ZGAUR,"New bill would remove 1 of 3 exemptions for vaccinations in WA state. I'll explain at 5. Tell me if you agree w/lawmaker.
#WakeUpWithUs",0.0,1.0,1
Y5RSKQX9,<user> <user>  both of my kids are fully vaccinated and both fully functional honor roll students ages 12 &amp; 9. JS,1.0,1.0,2
9R4GEJRD,"""<user> #breakingnews Four new flu deaths in North Carolina <url> GET VACCINATED. MY LO did at 6 mos, you can too.",1.0,1.0,2
4TB3WUB5,"If you are a baby boomer and have had chicken pox, get vaccinated. Shingles are no joke!  Cards quick start over?  #Zostivax <user>",1.0,1.0,2
YHFGBYY6,Sea-Tac traveler may have exposed others to measles: A contagious traveler with measles could have exposed those... <url>,0.0,1.0,1
749TQX3H,"SB550 [Update] In child protective services, further providing for definitions, for immunity from liability, for ... <url>",0.0,1.0,1
DRARB89G,Federal judge has denied injunction against California vaccination law for schoolchildren <url>,0.0,0.6666666666666666,1
8FGAPDL4,Hundreds Endure Heat For Children’s Last Minute Vaccinations: DALLAS (<url> – Hundreds of... <url>,1.0,1.0,2
30E803AY,.<user> I'll say it once more: some American parents don't vaccinate + illegals bringing disease = outbreak. That's why I blame them,1.0,1.0,2
BQIN9ZMI,Sometimes a cartoon says it best ... Refusing to vaccinate our kids!?  <user> <url>,1.0,1.0,2
YY1TU54P,"<user> mmr for next season. No new rewards, just like last season",0.0,0.6666666666666666,1
F9185YMK,"In relation to my other tweet, I definitely believe you should vaccinate your kids",1.0,1.0,2
OHOD4QM2,"2014 Vax Injuries Include CA SB277 Vaccines: MMR, Hepatitis B, DTaP, DPT and HIB All Make the List  <url> <user>",-1.0,1.0,0
1FR4C9LC,CDC: Flu vaccine less effective: Health officials are telling doctors that the flu vaccine may not be very… <url>,0.0,0.6666666666666666,1
8RS4JUXO,US to begin safety testing Ebola vaccine next week: Federal researchers next week will start testing humans with... <url>,0.0,0.6666666666666666,1
JWFA8HDV,#CNN just reported that <user> is anti-vaccines. I see nothing has changed. Another news channel with an agenda. #Autism,-1.0,0.6666666666666666,0
WM0DQOGU,"In other news, vaccines still don't cause autism.",1.0,1.0,2
CKNGKZED,<user> just pretend you have the measles dude,0.0,1.0,1
SI61ZDKP,A Look at the Most Important Immunizations for Children <url>,1.0,0.6666666666666666,2
1UNPH66S,Children's vaccines to be restricted at county health district <url> via <url>,-1.0,0.6666666666666666,0
NJKJUB3Z,I'm all for vaccinations.but making it a law to tell people what they HAVE to put into their children's bodies? that's unethical. #nofreedom,1.0,0.6666666666666666,2
QBKL6RZM,Why do they ask at the hospital if u have gone to Africa? They should ask if you have gone to Disneyland. #measles,0.0,1.0,1
IQMDA3L6,"""<user> Screw Ebola, just another fear tactic to scare people into vaccinations. I'll pass"" ain't that the truth!",-1.0,0.6666666666666666,0
DKSVY0WJ,DC Region Scrambles for Flu Shots: CDC is reporting that this year's vaccine is 62 percent effective against the... <url>,1.0,0.6666666666666666,2
SG29HSKG,"Running late. Had to make kids look good for pics. Too bad I have 2 audits in office today, lab and vaccine",0.0,1.0,1
2ZKY40IS,Getting vaccinations for my upcoming trip to Africa. Yellow fever and Malaria here I come! (@ Passport Health) <url>,1.0,1.0,2
3H3FPQ3U,They gotta start fining these clown ass no vaccination parents. You're not allowed to put others at risk with your dumb ass fake science,1.0,1.0,2
539A9KZW,<user> My sis went to find out about the follow up measles shot....$86,0.0,0.6666666666666666,1
T0FNCXRR,Plano ISD elementary student tests positive for measles <url>,0.0,1.0,1
IX6M4EMA,Vaccinate your kids!!..0please people.,1.0,1.0,2
JHJZ1DIZ,Vaccines do not cause autism 😡😡😡,1.0,1.0,2
4QHOA0XM,<user> I figured out 3yrs ago bad epidemic is spreading I know I'm right it's not the measles <url>,0.0,1.0,1
OXXXTUII,"House just casually told this woman that if she didn't vaccinate, she could probably buy a fire engine red baby coffin. 😳",1.0,1.0,2
JVLPGJUW,CDC Whistleblower Exposes Ebola Vaccinations Containing RFID Chips <url>,-1.0,0.6666666666666666,0
RTCA8PJS,<user> <user> <user> what a question! Of course they do! Booster vaccines never hurt. #nostupidity #measles is the new #Ebola,1.0,1.0,2
R77IPOW2,<user> that's because there's no link between vaccines and autism!,1.0,1.0,2
GUMFN8EE,I-Team: Can Flu Shots Be Risky?:  Flu shots save lives. But the I-Team discovered that the vaccine also comes with… <url>,0.0,1.0,1
051I0ABA,Connecticut Sen. Murphy Wants Parents Warned Of Vaccine Refusal Risks: Connecticut Sen. Chris Murphy is proposing… <url>,1.0,0.6666666666666666,2
50E5I79A,"Blizzards, snow days and measles, oh my! This sunset makes everything else a non-factor! #beautiful… <url>",0.0,1.0,1
4IL5BB74,4yo MMR/chickenpox booster: achievement unlocked. @ Noe Valley Pediatrics <url>,0.0,0.6666666666666666,1
7WJPF2ZW,👏 RT <user> Australians who don't vaccinate their kids won't get childcare assistance <url> <url>,1.0,0.6666666666666666,2
N75LDESY,"More measles cases tied to Disneyland, Illinois day care: Health officials say the number of U.S. measles cases… <url>",0.0,1.0,1
Y0XVF4QO,"""<user> The Anti-Vaccine movement has led to a public health crisis, author says. <url> via <user>",1.0,1.0,2
KS0JH2WZ,<user> I'm usually immune to it but stress is killing that immunity lol.,0.0,1.0,1
P7KKTHJD,"If the whole Panthers team doesnt get the measles then Bombay and the Mighty Ducks never make the playoffs, or D2 or D3

#conspiracy",0.0,0.6666666666666666,1
OQQLFWL0,"Flu now ‘widespread,’ County Health says time to get vaccinated: Hey, procrastinator (I said to myself) — It’s... <url>",1.0,0.6666666666666666,2
3K9D06VA,"When they won't let me go to school because ""I'm not full vaccinated"" <url>",0.0,0.6666666666666666,1
CZG4UOK0,Your voice can give a child a <user> 1 comment or 1 share = 1 vaccine for a child in need: <url>,1.0,1.0,2
R4THWP3F,Austin Regional Clinic to refuse unvaccinated children as new patients: Responding to a recent measles outbreak in… <url>,0.0,0.6666666666666666,1
PKY3MK70,<user> I want a mmr pants,0.0,1.0,1
211BIYYA,Vaccinate the dogs but not the children huh ok ok I'm done,1.0,1.0,2
URRYTEDQ,"""Oh my God, I have the chicken measles,"" Ryleigh exclaimed.",0.0,0.6666666666666666,1
5UHKNT8V,Vaccines are the craziest thing how do you ever think of making a person not get sick by injecting the disease into them lmao,-1.0,0.6666666666666666,0
6D2L6C2G,Nah everybody there got measles “<user> Who Tryna go to Disneyland spring break? 🏰”,0.0,0.6666666666666666,1
PS29BBDW,Another Study Finds No Link Between MMR Vaccine and Autism <url>,1.0,0.6666666666666666,2
5Z9RLTYV,We can talk about #MMR reactions.  Significant reactions &lt;1 per million. Driving 2 the MD's office is more dangerous. <user> <user>,1.0,1.0,2
YGY4IDR4,#CDCwhistleblower vaccine-autism link is Tuskegee revisited. “REAL STORY OF REAL FRAUD” <url>,-1.0,1.0,0
FX38JP2I,"BNV - Bitch Nigga Virus, BEWARE! Outbreak in Southern Cali may spread quickly, no vaccinations STAY SAFE!  ",0.0,0.6666666666666666,1
SSMRLX82,U.S. on track for most measles cases in a decade - USAToday <url>,0.0,1.0,1
GCW9NROM,<user> <user> If someone got the measles from the vaccine is there any chance of it recurring?  Poor kid got ear infection too,-1.0,0.3333333333333333,0
E4FWRTKN,"Several whooping cough cases locally and measles r coming back,Not vaccinating ur kids? Keep them away from mine.
<user> 
#GMA",1.0,1.0,2
KH7DBUJY,<user> #GOP STOP blaming #Immigrants first #Ebola now #measles Which diseases?brought their ancestors? #AINF <url>,0.0,1.0,1
711J5EXK,Very concerning: <user> on <user> <user> talking about #measles outbreak in the U.S. imported from traveling.,0.0,1.0,1
CHO1BNH0,Mumps &amp; measles. In idaho. In 2015.,0.0,1.0,1
NH36I2LY,"Okay episode over. Remember, vaccinate your kids. Don't be dumb. It'll save you a lot of possible true down the road.",1.0,1.0,2
R5L6LA5I,Shooing Cough outbreak in PDX elementary school...dumbass Liberal parents who didn't vaccinate their kids!,1.0,1.0,2
0ZJTA1BF,Vaccine injury is real #B1less - stop #BigPharma drug pushers &amp; demand congressional hearings #Justice2015 #CDCwhistleblower,-1.0,0.6666666666666666,0
071DYIT4,"“<user> ""The benefits of having measles"" RT <user> How is this real? <url> <url> oh, no.",-1.0,0.3333333333333333,0
UF51A1T7,Don't be fooled into thinking that <user> cares about your health by giving flu shots! It's all about the $$. <user>,0.0,0.6666666666666666,1
VDE6O08F,<user> <user> ppl do ur job Most Muslims don't vaccinate their kids and they travel abroad <url>,0.0,0.6666666666666666,1
OWK29N7E,Are you vaccinated <user> ??? “<user> Passenger exposed riders to measles in San Francisco - <url>,1.0,1.0,2
C4VIJK21,"<user> Your ""free speech"" is like yelling fire in a theater; instead trampling, babies are dying of measles. It's criminal.",1.0,1.0,2
LEJ070TO,"Orgasms increase levels of the youth hormone DHEA, improving brain function, boosting immunity &amp; promoting skin #health",0.0,0.6666666666666666,1
CT28MA7K,"“<user> “<user> Sen. Rand Paul supports ""voluntary"" vaccinations: <url> <url> Measles, much?",-1.0,0.6666666666666666,0
UX2R818M,<user> cuts down on herd immunity and exposes children too young to be vaccinated,0.0,0.6666666666666666,1
H0E3UPSL,"The science of vaccination is still in a primitive stage, it's wrong for gov 2 force injection of a possibly harmful drug #CDCwhistleblower",-1.0,1.0,0
XGI2WTBN,<user> it's scary to think about what other disease will make a comeback #vaccineswork,1.0,0.6666666666666666,2
UQ3BB9RS,I'm NOT a #AntiVaccine #1in88Dad OR Think my child's a #VaccineAccident.BUT I DO Believe that Natural/Synthesized Toxins MAY B part of #ASD,-1.0,0.3333333333333333,0
Q64WOZAO,Turesday PSA: CDC says soap & water&gt; running water&gt; hand sanitizer for preventing spread of disease. Wash yo handz and get yo vaccines!,1.0,0.6666666666666666,2
25X23TT5,Arizona monitoring hundreds for measles linked to Disneyland via <user>,0.0,1.0,1
YU3W6TOU,The fact that I gotta go to school tomorrow 😩 only because I lost my immunization paper .,1.0,0.6666666666666666,2
HUQG4R4M,ALSO EVEN OF VACCINES CAUSED AUTISM (which they don't) WOULD YOU RATHER A CHILD WITH AUTISM OR A DEAD CHILD? you guys act like autism is …,1.0,1.0,2
2R5OGXRX,"#Repost shesurs with repostapp.
・・・
#Mmr <user>  luv it ""Come Over"" #ComeOver #ManyMenRecords… <url>",0.0,1.0,1
IWJ58EJR,Parents not vaccinating their children infuriates me to no end,1.0,0.6666666666666666,2
VRYIZF86,"<user> free to endanger w/ measles, whooping cough, meningitis, several types of cancer, etc.? Freedom to neglect ur child? #txlege",1.0,0.6666666666666666,2
QBPT1964,Tarrant County Student Immunization Information: FORT WORTH (CBSDFW&gt;COM) – School districts across North Texas... <url>,0.0,1.0,1
SNIO7ISU,"Please vaccinate your children.  The ""research"" that said it causes Autism was pulled from medical journals.",1.0,1.0,2
ORYRKGDR,<user> <user> <user> <user> If they die go blind or infect BABIES that can't be vaccinated yet shame on them idiots,1.0,1.0,2
3331KKTK,Floridians urged to get measles vaccine: The Florida Department of Health says it is working with other state and… <url>,1.0,0.6666666666666666,2
LDJCZZ05,"Think about the hysterical mess we got into over measles, Ebola in the US &amp; the fake ""war on christianity"" and tell me that's not #wagthedog",0.0,1.0,1
VNDJNWOY,Possible exposure to measles on the Fourth at Sea-Tac airport: An adoptee child who arrived from Beijing on the... <url>,0.0,1.0,1
OXN90EG9,"“<user> On average, people who complain live longer Releasing this tension increases immunity and boosts their health.” <user>",0.0,1.0,1
RD5ZQD87,<user> health center? Mumps vaccine? Did that yesterday,1.0,1.0,2
03GFBR4L,"""<user> The Untold Story Of #Vaccines: <url> this <user>",-1.0,0.6666666666666666,0
PQDGNG94,“<user> Help me make <user> spend their money to vaccinate kids around the world for #Blogust - RT this!”,1.0,1.0,2
IW9HM6JN,I still can't believe its 2015 and there's a fucking measles out break jesus christ,0.0,0.6666666666666666,1
21EH7CK4,"“<user> What’s behind the cases of #measles at #DisneyLand? <user> is up next on #AC360"" Spoiler: it's idiots that don't vaccinate",1.0,0.6666666666666666,2
W47JBMFJ,"<user> Why are all your arguments name calling and accusations. My kids got their vaccines and do not smoke pot, thankfully.",1.0,1.0,2
40NPN41T,How do politicians advocating for vaccination choice(a community health issue) protest a woman's personal right to choose? #HelpMeUnderstand,-1.0,0.3333333333333333,0
2G56ZWY1,AIDS N : HIV/AIDS cure news: HIV vaccine gets clinical trial in Oregon: Oregon Health &amp; Science University (OHSU)… <url>,0.0,0.6666666666666666,1
34UHCKFI,Swag so sick a nigga got the measles,0.0,1.0,1
AUQEQSCL,Deuces... #mmr #dc #dj #live #dupontcircle #midtown #downtowndc #latenight #work #madhatterdc #twerk… <url>,0.0,1.0,1
UWFKLWEU,There's little doubt where the measles outbreak came from.... <url>,1.0,0.6666666666666666,2
OFIPG57G,"If they are having measles parties maybe they will start having mumps, smallpox,chickenpox and polio parties.",0.0,0.6666666666666666,1
M67Z5Q0A,Docs to parents: Get kids vaccinated for measles: Pediatricians from 10 Baltimore-area hospitals and the city's… <url>,1.0,1.0,2
YH60HFX7,Why the fuck aren't mothers getting their kids vaccinated is my question why do you feel your kid is more powerful than everyone else,1.0,1.0,2
K4SBJW2W,Crazy diseases happen cause a Mfk that owns medical vaccine companies make hella money from insurance and people ain't Tryna doe $$$$ hustle,-1.0,0.3333333333333333,0
S4VY058S,Another Study Finds No Link Between MMR Vaccine and Autism <url>,1.0,1.0,2
SBAZW6A3,"The Real Reason Kids Aren't Getting Vaccines <url> No, it isn't because their parents are anti-vaccines.",0.0,1.0,1
RVR70XQW,I was interviewed by <user> yesterday on my thoughts about the MMR vaccine. The benefits outweigh the risks. #VaccinateYourKids,1.0,1.0,2
ACKJ9GO7,TBT 2/5/02-3 1/2 yr old daughter's colon pathology report <user> #CDCwhistleblower #MMR #BreakABillion #truth <url>,-1.0,0.6666666666666666,0
87TY1H06,"Since there is an outbreak of measles in the country,  it is always good to remember these signs and symptoms. <url>",0.0,1.0,1
2ATEULFO,"En mi TL solo leo mmg, mmr, mmñ, mmgvs entre otras cosas.",0.0,1.0,1
BP8CALWG,#Vaccination: The Hidden Truth (Drs. &amp;  Patients Testimonials)<url> via <user>,-1.0,0.3333333333333333,0
6W9NYYGX,I hope the MVP say he going to Disneyworld and not Disneyland lol fuck around and catch measles out there haha 😮😕,0.0,1.0,1
EGQENNI5,"State working to contain measles, 1 person at a time: Arizona public health officials are working to contain… <url>",0.0,1.0,1
3485QC7A,"<user> whats your opinion about vaccinations?  My girlfriend swears her nephew ""became"" autistic after being vaccinated. Pray for cure.",-1.0,0.3333333333333333,0
BDK72D6H,"“<user> On average, people who complain live longer -Releasing this tension increases immunity and boosts their health.” <user>",0.0,1.0,1
CXITWF17,Measles outbreak on both coasts thanks to science deniers refusing to vaccinate their children. States need to stop stupid ppl from this.,1.0,0.6666666666666666,2
UHYETGTV,Was just listening to The Vaccines and then went straight to JT so now you know what it's like inside my crazy brain. #realtalk,0.0,0.6666666666666666,1
VOLIE7J1,Go listen to my new song #MyBaby on soundcloud.... #MMR ❤️ @ New Music <url>,0.0,1.0,1
5OCE6HE5,Santa Cruz County to Hold Free Whooping Cough Vaccinations for Middle and High Schoolers <url> via <url>,0.0,0.6666666666666666,1
X205O8F3,"Even if, IF, vaccines contributed to autism,would you rather your child have trouble processing inputs, or be dead of preventable disease?",1.0,0.6666666666666666,2
BLMN7NSW,Immunization Basics: Why Does Your Child Need to Be Immunized? <url>,1.0,1.0,2
MP8DJQMW,RT <user> The frightening consequences of the #GOP's proposed cuts to the CDC's immunization funding <url>,1.0,1.0,2
WGFDBSHZ,"<user> Thanks.  Not completely,  but better than yesterday.  Every person thinks they have measles when very few do. Crazy humans",0.0,1.0,1
XLX3D9RE,<user> What's wrong with getting measles?  I had it as a child! That baby is fine! #rights #choice  #vaccineexemption must stay!,-1.0,1.0,0
VIPU73OJ,"<user> to be honest my children were vaccinated, but that was because Utah wouldn't let them go to school. You have parental rights",-1.0,0.6666666666666666,0
CGP3ZSSR,CDC's Vaccine Safety Research is Exposed as Flawed and Falsified in Peer-Reviewed Scientific Journal <url>,0.0,0.6666666666666666,1
KB77IJ9C,"It isn't about politics, empowering or conforming, it's about the health and safety of your children #vaccineswork",1.0,1.0,2
5QCWOL54,Seth Berkley points out a shocking statistic tonight: only 5% of children receive all WHO recommended vaccines.,1.0,0.6666666666666666,2
B5YRCXCJ,<user> free vaccines for kids 2-18 low income homes check health dist to find one near you,1.0,1.0,2
9YYZNXVV,"""On average, people who complain live longer. Releasing this tension increases immunity and boosts their health."" Guess who's living forever",0.0,1.0,1
2111FMRJ,@ Got Damn It - Jennifair (Produced by Drum Mage!) #SINS: <url> via <user> #MMR <url>,0.0,1.0,1
JR6928SG,LRT: Not vaccinating your children should be equatable to child endangerment.,1.0,1.0,2
GY42GGYU,<user> my mmr shows that because I've only duo'd with my G5 friend for like two weeks. And alright I'll believe it when I see it lmao,0.0,0.6666666666666666,1
5GLNLXNT,#jennifair behind the scene footage #mmr #mixtape #Brooklyn #Chicago <url>,0.0,1.0,1
ALL5OPML,"Toddler dies of measles in Berlin, 1st death in outbreak: An 18-month-old boy has died of measles amid an outbreak… <url>",1.0,0.6666666666666666,2
O9OJ37Q3,<user> <user> I can see y'all's insta posts abt a white lady giving you measles and being connected to kings of Leon lmao,0.0,1.0,1
DUANP3BG,"<user>
No1is paying those pledges
OBAMA sends
troops2contract
Ebola&amp;
steal their health jobs&amp;eat
their food
Russia makes a VACCINE!",0.0,1.0,1
LBAUBOU1,"""Im not worried about #Ebola spreading here. I'm worried about kids who will get polio or measles because their parents are anti-vax idiots""",1.0,1.0,2
YI5QW237,"“<user> Why We Didn’t Vaccinate Our Child

<url> so much truth",-1.0,1.0,0
DFCVSR78,"Today in the store we have Mossberg reps in the store doin product demos. We have the MMR AR platform,… <url>",0.0,1.0,1
F6HOOJVX,"Glad I am in the hipster free zone of #Brooklyn, I don't want the measles!",0.0,1.0,1
I8A3IZ9M,<user> they're sold out in Sayreville I guess they just announced they're playing at mmr-b-q,0.0,1.0,1
XQPT0LJ9,Attend Health&amp;Safety mtg discussion on HPV vaccination w/reps from Academy of Pediatrics &amp; MA Dept Health gr8 info! <user> <user>,1.0,0.6666666666666666,2
PWXZ17J4,Mercury makes up about 50-60% of all silver feelings on teeth. its also present in many vaccinations. Such as Flu &amp; Hepatitus vaccinations.,0.0,0.6666666666666666,1
IG47OTTR,"At this daycare, the kids rock out to Korn. #progressive #vaccinated <url>",1.0,0.6666666666666666,2
L4MLVMKH,Worse comeback: Measles or the McRib?,0.0,1.0,1
9WGNHXZK,"Ew “<user> #BART says anyone who rode BART in the East Bay last week should see Dr. if any symptoms of #measles: rash, fever, cough”",0.0,1.0,1
K35FQO7T,"<user> ""Nearly all of the 233 measles cases in Ohio have been in members of the Amish community"" <url> nice piece",0.0,1.0,1
KVHCQMUU,"""<user> THIS LADY TOLD U DONT VACCINATE UR KIDS <url> Never Forget  #StayWoke",1.0,0.6666666666666666,2
6WOTWCIX,I credit my strong immunity system to sampling the communal lipsticks at the Lancôme counter in high school.,0.0,1.0,1
6KDGLJ5B,"People that are 'anti vaccine' make my blood boil. Get your kid vaccinated, you stupid twat.",1.0,1.0,2
IE35YG6R,They're making measles seem like its a big deal.,0.0,1.0,1
TKYMO8W1,Experimental Ebola Vaccine Due In 2015: Why The Wait?: The World Health Organization announced on Saturday a... <url>,0.0,0.6666666666666666,1
H6A9WYZQ,Jacob thinks he has the measles lol he's so mad at the world 😂,0.0,1.0,1
G3RBKHYN,"You don't fuckin say ???""<user> Health charity: Extending HPV vaccine for boys and gay men can prevent cancer <url>",1.0,1.0,2
YKEGLXJY,"#Measles Rears Its Ugly Head In the US Again...About the Same Time #Obama Let all those So, Amer. Children into US...What's next?
#FoxNews",0.0,1.0,1
YY9CTN3P,"“<user> On average, people who complain live longer -- Releasing this tension increases immunity and boosts their health.” I'm immortal",0.0,1.0,1
U9OBYT2L,Had the pleasure of meeting <user> at 105.3 #RadioOne #MMR #BBoyEnt#indie… <url>,0.0,1.0,1
PY2VU6K3,"Let's make the measles outbreak a partisan issue, because that's the American way.",0.0,1.0,1
EK3CX4V9,"<user> New discovery found that inject measles into cancerous tumors kills the Cancer, &amp; cures person! Natural immunity correlation?",-1.0,0.3333333333333333,0
069IDJ9D,<user> this is my son pre vaccine injury. #CDCwhisleblower #potentiallost <url>,-1.0,0.6666666666666666,0
9NS7LUZR,".<user> Another lame, scare-tactic blog on Ebola, yawn. Write about heart diseases, moms who won't vaccinate or mental health.",0.0,0.6666666666666666,1
9703RXCY,If a poison Ivy vaccine was developed the line at the clinic would be filled with DiscGolfers #Discgolf#itchy,0.0,1.0,1
HSIZBDS3,KFIAM640: Gov. Brown signs California bill imposing one of strictest school vaccine laws in nation. <url>,0.0,0.6666666666666666,1
3SRKUILW,"<url>
Autism Speaks urges parents to vaccinate children amid measles outbreak.",1.0,0.6666666666666666,2
CZ53OTW2,"Combatant immunity excuses killing by military mbrs IAW law of war, including collateral deaths. CIA is civilian, lacks combatant immunity.",0.0,1.0,1
IRJ2VTX8,"Love is like the measles, you only get it once",0.0,1.0,1
JJHJUQYF,"On average, people who complain live longer -- Releasing this tension increases immunity and boosts their health.",0.0,1.0,1
G3F0D3O7,State health officials push flu vaccinations: The flu has arrived in Maryland and while cases aren't widespread... <url>,0.0,0.6666666666666666,1
NVTQ3F0K,"CDC: Flu vaccine not that effective: This season’s flu vaccine is less effective than previously reported, says... <url>",0.0,1.0,1
PG3MFOH7,Free or Low-Cost Whooping Cough Vaccines Offered By Health Department: Add one more thing to your to-do list for... <url>,1.0,0.6666666666666666,2
1WWST9AV,"Why is it hip to not vaccinate? This isn't gluten intolerance, people! measles and polio are real!",1.0,1.0,2
8XUBKOK8,"Geof leading the cheers circa 1988 UCLA @ USuCk, Troy  Aikman vs Rodney Peete #measles. Thank you Geof… <url>",0.0,1.0,1
Z5MMB2QK,<user> no! Lol &amp; dont be scared ill give you the immortality vaccine so you will never die! ☺️,0.0,1.0,1
D12OS7CH,Can I vaccinate my kids from <user> ??,0.0,0.6666666666666666,1
V30L2U1V,Immunization investigation: Michigan's dangerously low vaccination rates: Health experts have issued a warning… <url>,1.0,0.6666666666666666,2
HGW37XQV,"Both boys after Laporte 5k. ""Obesity is a disease"" getting off your ass is the vaccine. #effort <url>",0.0,1.0,1
F25L95CY,<user> i think it mean doctor tricked girl into having sex by making her believe that the vaccine of her fatal disease was his penis,0.0,1.0,1
XYSX54GO,We live in a world where people just don't vaccinate their kids &amp; we seriously debate if that's ok. Just take that in,1.0,1.0,2
6PZFSL80,“<user> Study: HPV vaccine safe but linked to fainting and skin infections <url> <user> <user>,0.0,0.6666666666666666,1
YQ0TCNTD,Bones #mmr #dc #dj #barcrawl #livemixing #serato #skulls #madhatterdc #dupontcircle #mixmasterrod… <url>,0.0,1.0,1
2GJSL8KN,"“<user> On average, people who complain live longer  Releasing this tension increases immunity and boosts their health.” <user>",0.0,1.0,1
CJHBFJ19,<user> um. There's been quite a bit of foreshadowing. Daryl shook hands w/ the sick kid! Maybe..... Hoping... Daryl has an immunity.,0.0,1.0,1
XMX51M88,"CDC: Measles tally doubled in the past month: NEW YORK (AP) — Measles outbreaks seem to be accelerating, and in... <url>",0.0,0.6666666666666666,1
HX1J5HLC,<user> Wow.  We agree on something.  I'm a firm believer in vaccines.  Both of my children are up to date and on time.,1.0,1.0,2
415ZU245,"“<user> Protect against the mumps. MMR vaccine $85, call (614) 278-3130.” Or go to a college that isn't Ohio State.",1.0,1.0,2
XKKHAQ8K,“<user> Many many people <user> & vaccinations. Something must be done immediately.” let's roll up our sleeves & do it! Im in,-1.0,0.6666666666666666,0
ECG25NCG,To the assholes that refuse to vaccinate their children:  you do NOT have the right to put other people's children @ risk for your stupidity,1.0,1.0,2
F88U8O82,California bound this time tomorrow! I am really excited! #MMR #GoldDiggers #Disneyland #UTEP,0.0,1.0,1
CHA70U37,"""Don't vaccinate your kids. Little coffins are cheaper than big ones""",1.0,0.6666666666666666,2
HCBVO71B,"Healthcare workers with measles continued to work, no sick days, PTO #idweek2014",0.0,1.0,1
44YOQ7AG,"SB550 [Update] In child protective services, further providing for definitions, for immunity from liability, for ... <url>",0.0,1.0,1
0W5FT3J3,You say your pockets got the mumps...it's more like the measles lmao,0.0,1.0,1
ZMZT2ZHM,Babies are fully vaccinated! (@ Grantline Veterinary) <url>,1.0,1.0,2
Z1DSIVKL,Health Department Rules Out Measles In Montgomery County Teen: A 15-year-old boy from Montgomery County who was… <url>,0.0,1.0,1
Y57DZH1R,"""<user> Nationalism is an infantile disease. It is the measles of mankind.""",0.0,1.0,1
RE93M6WV,<user> <user> we musnt forget that Congressional hearings abt MMR and autism gave this theory legs.,1.0,0.6666666666666666,2
8IMGHPXT,Kids are not so sold on Belize at the moment. @ Travel &amp; Immunization Clinic Of Portland <url>,0.0,0.6666666666666666,1
QKJGNCXQ,How did Clark Kent get through public school without his immunizations?,0.0,0.6666666666666666,1
8EIN091C,Immunization Clinic 4-6PM.  Come joins and get your immunizations up to date. (@ West Ridge Middle School) <url>,1.0,1.0,2
62ZFDP1H,"#CDCwhistleblower helps researcher with real data, showing 3fold higher risk of autism in African-American boys w/MMR <url>",-1.0,0.6666666666666666,0
LCBRW5ZN,Don't blame Jenny McCarthy for the measles outbreak.  She certainly is not helping. But it's not just her.,1.0,0.6666666666666666,2
C2KBQ2SE,Have you ever noticed it's always uneducated people who don't vaccinate their children? You never hear a mom at a university say that shit.,1.0,1.0,2
NJQMCR4H,"You can't imagine d number of poor kids we lose daily to malaria, measles, malnutrition, etc. A Stronger primary health care will #SaveAll",1.0,1.0,2
8EGH3HP2,Nigga said I aint down with nobody sooo...hope off my team dick oh nah its people like you that make us so lovely lol #MMR <user>,0.0,1.0,1
6WOUV3GH,Iowa State fans don't vaccinate their children. #BoomRoasted  Rock Chalk! #topicalbanter #kubball #BigMonday,0.0,1.0,1
YPYVJ0OA,"AM-News : HIV vaccine a reality by 2030, Bill Gates: Over a million people have died of this disease and Bill Gates… <url>",1.0,0.6666666666666666,2
R82Z7JC3,ICYMI Ohio has one of the lowest measles vaccination rates in the country. Yippee. Let's party like it's 1915!,1.0,0.6666666666666666,2
LIERPRSD,"Beware The Statists are winning....Broward mom, accused of kidnapping girl to avoid vaccination, caught and jailed <url>",0.0,0.6666666666666666,1
GRGJ1CIS,Don't know why all this schools need d vaccine sef,-1.0,0.6666666666666666,0
KEET1SXH,<user> how about this then. Society can't make you get your kids vaccinated. But...you can be held liable for any outcomes.,-1.0,0.6666666666666666,0
PHTM5VUO,I missed my grandpa's funeral because I had the measles in 1990. I was 11.,0.0,0.6666666666666666,1
85W9UYNS,She call me her medicine but baby girl need a vaccine,0.0,0.6666666666666666,1
TWM5DY65,"&lt;b&gt;1954&lt;/b&gt; The first mass inoculation of children against polio with the Salk vaccine begins in Pittsburgh. 
#KingDon&gt;&gt;®™",0.0,0.6666666666666666,1
PW2OF1BP,Immunizations required before school starts <url> via <url>,1.0,0.6666666666666666,2
5BZYEXAB,"Apparently, a student from Moorpark College has been dx with the Measles. A professor walked in worried that she might have been exposed.",0.0,1.0,1
SZ3KZ5JQ,BU-Led Study: Flu Vaccine Is Safe During Pregnancy: BOSTON (CBS) — A new study has found “reassuring” evidence... <url>,1.0,0.6666666666666666,2
E3974FJ3,"AM-News : BCG-TB Vaccination May Be Delayed for HIV-Exposed Infants: ""The immunogenicity of BCG vaccination in... <url>",0.0,1.0,1
U26TLBR2,"Vaccines in children have increased 25% in the past 3 years...

Autism has increased 32% in the past 3 years...

Coincidence? Doubt it.",-1.0,1.0,0
E2O0911G,Jesus thinks I have measles 😂,0.0,1.0,1
UM06PF5S,"Fuck who you with, I'm w/ therealsqueeze &amp; srt10mghass #RRR #MMR #SRT10MG #TurnedUp @ EpiCentre <url>",0.0,1.0,1
09GPK821,#Vaccinations are important RT <user> Measles cases in California outbreak keep rising — now at almost 80. <url>,1.0,0.6666666666666666,2
4Y2XPEHH,<user> thank u for this post... so many still believe autism is caused by vaccines  :-),1.0,1.0,2
FW2WNO71,Dept of Health animal health fair. Free vaccinations til 11:30 today 5/5. (@ Walter C. Pierce Community Park) <url>,1.0,1.0,2
58VIK8YD,Day Around The Bay: Another Measles Exposure On BART: Buster Posey is the face of Major League Baseball (of… <url>,0.0,1.0,1
I70F4113,"BART Riders Exposed To Measles From Infected Passenger During Morning, Evening Commutes: Bay Area BART riders may… <url>",0.0,1.0,1
ALOW0NXT,“<user> Mercury levels rising in Hawaiian tuna... <url> Tuna causes autism!!! #VaccinateYourKids,1.0,0.6666666666666666,2
3CLGX8ME,I wonder how many of these adults so against the truth of vaccine safety are fully vaxed? Hmmm. #CDCwhistleblower,1.0,0.6666666666666666,2
OPM0P65M,"My poor baby is such a trooper. She had such a hard time with her vaccines. On the plus side, she weighs 12 lbs 10 oz and is 25 in. long. :)",1.0,0.6666666666666666,2
6YJYR0GQ,"Celebrities that don't vaccinate their newborns, and preach the ""conservative"" lifestyle, need to be bitch-slapped. #badrolemodels",1.0,0.6666666666666666,2
OM1NZI9W,"""<user> Disneyland #Measles Declared Over <url> <url> We can endure ""It's a Small World"" ride again. Fab.",0.0,1.0,1
ICLPB2XA,"Measles Outbreak

Health officials are moving to contain the outbreak that began at Disneyland and is spreading across California  &amp; beyond.",0.0,1.0,1
QMJI33SP,"One couple spreads the measles during NFL weekend. I'm glad I didn't go down there, but now I have to play a hermit. Oh wait... #NoLife",0.0,1.0,1
0Q85UUM0,What a fuckin Sunday #AllWellThatEndsWell #SquadUp #MMR @ The Palace <url>,0.0,1.0,1
8XXUSZ13,"Bachmann criticizes Perry on child vaccinations, accuses him of embracing 'crony capitalism <url> via <url>",0.0,1.0,1
TGIJ0OQ1,<user> Amazing -we have anti #cancer technology. Heartbreaking-people are scared away by misinformation #HPVvaccine #vaccinesNOVA,1.0,1.0,2
NZSF7LNB,"How can Coke profit if it is ""FREE"" to Mickey Measles Land?
<user> <user> <user>",0.0,1.0,1
FF2362SB,"((ELB)) The next face of measles?: ""I am a healthy bouncing baby boy and I could be the next face of measles. I am to young to be vac...",1.0,0.6666666666666666,2
SU8EPYEY,<url> High Ranking CDC Whistle Blower scientist exposes #Vaccines do cause #Autism &amp; the #CDC Cover up. <user>,-1.0,1.0,0
JUPKP8XN,White House: Science indicates parents should vaccinate kids <url>,1.0,1.0,2
DKAVTRDL,CDC says flu shot less effective while health officials push Hoosiers to get vaccinated: There have been 85… <url>,0.0,1.0,1
S4VYY2B0,"This lady that lives around me is slow , but everytime she sees measles me were  my baby is , cause she always sees me when I'm with her",0.0,0.6666666666666666,1
FWDVHJNF,<user> But the amnt of exposure she had to other causes for Autism at the same time are vast. No scientific evidence for vaccine cause,1.0,1.0,2
XS28EO7L,"Important for hesitant parents ""<user> JAMA Pediatrics | Delaying Vaccination Is Not a Safer Choice <url>",1.0,1.0,2
HZASJ2JG,“<user> Wondering how you caught the flu? CDC says this year's flu vaccine is only 23 percent effective: <url>,0.0,1.0,1
BT4QFLPI,Please vaccine your kids please,1.0,1.0,2
URDZTLQ9,#Historical footage &amp; archival pictures shows the disfiguring efx of #measles (I had some idea!) #polio #chickenpox etc. #vaccinations,0.0,0.6666666666666666,1
FQO4H07U,"Study of more than 95,000 kids finds no link between MMR vaccine and autism <url>",0.0,1.0,1
TD0BWCG3,But AUTISM amirite? RT <user> Vaccines work. These 8 charts prove it: <url>  <url>,-1.0,0.3333333333333333,0
OQQI4AD1,"Fact: blankets keep you safe at night. We dont know what from, but they are definitely an immunity against something.",0.0,1.0,1
PEEO84EU,Getting wooping cough vaccination and some drugs to help kill it. I am dying! (at <user> <url>,1.0,0.6666666666666666,2
3D4VIQZW,Wrote 2015 as part of the date only to open then Internet &amp; discover we are back in the 60s with a new Harper Lee book &amp; a measles outbreak,0.0,0.6666666666666666,1
RIMS92KU,Many younger #parents &amp; their gen have not experienced the devastating efx of these diseases: #smallpox #measles. #vaccinations #npr,1.0,1.0,2
R0OBXCUJ,I can't believe there are people my age against vaccinating their kids? Like what?!,1.0,1.0,2
4EX5G8Q0,<user> just listened to the podcast about immunizations for kids. Where do you stand now? How early would you vacc kids?,1.0,0.6666666666666666,2
FLNQSYNY,"The whole country lost its shit over Ebola, but when there's actually a Measles outbreak caused by Anti-vaccers nobody cares.",1.0,0.6666666666666666,2
CUY27WHZ,"<user> some of us are hella crunchy,  but we still understand the basic science of vaccinations/disease prevention. Hippie Smartypants",1.0,0.6666666666666666,2
RW6ZG1JK,"Is there a link between the measles outbreak and illegal immigration? <url> No, but it doesn't stop right wing politicians",-1.0,0.3333333333333333,0
A2JBK2XV,Vaccinate your kids!!!  “<user> Measles At A Rock Concert Goes Viral In A Bad Way <url>,1.0,1.0,2
S563YST0,"Strawberries provide vitamin C and antioxidants. Good for skin (collagen production), immunity, and heart health.",0.0,1.0,1
7BNGGSZT,<user> <user> ended up dead within 24 hours of being vaccinated regardless of any 'study',-1.0,1.0,0
QHAQXRI9,Thoughts on World #Autism Awareness Day from a father and scientist <url> via <user> #vaccines,0.0,1.0,1
1030NC3R,"#TCMParty It might have been interesting, with Vince dead on the altar, if the girl had saved them all by consuming his immunity. Yikes.",0.0,1.0,1
56UHVHUA,Can you mf'ers just get the measles vaccine for Christ sake?,1.0,1.0,2
YRMC6KSW,380 kids die every day from measles. The vaccine costs $1. <user> raising $50K tonight <user> to save 50K kids.,1.0,1.0,2
VDWW0YAA,Get your dumb ass kid vaccinated,1.0,0.6666666666666666,2
D496VCY0,"<user> Very impressive career, qualifications. Wonder why no statement abt measles outbreak.<user>",0.0,1.0,1
EBB9EESH,<user> じゃあMMRってもしかして…,0.0,1.0,1
Q3SOF7AJ,Nothing like killing ourselves w/ our own fear MT<user> Vaccine fears have fueled the resurgence of preventable diseases.,1.0,0.6666666666666666,2
070ZFKVU,"All cases were import-associated, meaning the cases were most likely exposed while traveling to a country where measles is endemic. <user>",0.0,1.0,1
I4A7ATB4,"More measles cases tied to Disneyland, Illinois day care: Health officials say the number of U.S. measles cases… <url>",0.0,1.0,1
NNC2OVM3,"At the pharmacy getting vaccinated for flu and pneumonia. (at <user> in Falls Church, VA) <url>",1.0,1.0,2
2FVH9MQX,“<user> Wondering how you caught the flu? CDC says this year's #flu vaccine is only 23 percent effective: <url>,0.0,0.6666666666666666,1
C161WWG6,i respect ur religious beliefs until they jeopardize my safety and herd immunity so... stop,1.0,0.6666666666666666,2
1VR20SK2,WA friends take note.. <url> #measles #KingsOfLeon,0.0,1.0,1
3XWG015T,This 'headline' is misleading and wrong. MT <user> CDC admits to flu #vaccine's ineffectiveness Read: <url>,-1.0,0.6666666666666666,0
AEYPVALV,Wealthy LA school's vaccination rates are as low as in South Sudan.  <url>,0.0,1.0,1
UW7WBTCF,"#kot, vaccine is the greatest public health innovation in the history #kenya, #nairobi, #publichealth, #publichealth",1.0,1.0,2
JES1VHHH,“<user> Rockland County residents being warned of possible measles exposure at Palisades Center Mall <url> <user> 😳,0.0,1.0,1
7CZGRR15,"H1N1 vaccine has caused serious reactions, yet is included in all flu vaccines. Baby Owen's story: ""Bad luck, mom."" <url>",-1.0,1.0,0
UT1MIDGT,Why do #Republicans like choice on #measles vaccinations but no choice on unplanned pregnancies?,1.0,0.6666666666666666,2
B9XUAX0F,Time for shots. Lyme Disease vaccination too - there will be a boom of ticks this year. :-/ <url>,1.0,1.0,2
HAXNYNJS,"Hey, whackos, vaccinate your kids. #PSA",1.0,1.0,2
6VW3CTTL,<user> <user> ... I'm surprised the <user> doesn't have mandatory immunization policy. #mumps ?! Are you kidding me? #getyourMMR,1.0,1.0,2
ZLVY7M0V,"Still no Measles cases in IA, state health director reports; asks for continued vigilance from providers. 🏥 <url>",1.0,0.6666666666666666,2
49H88U2J,"I am now vaccinated for HPV, Hep A &amp; B, and the flu. Yay my health. Boo my arms. 💉",1.0,1.0,2
SLLZP3GF,"<user> <user> she has this rare disease, so they kicked her out of school and made her go to the doctor to get a vaccine.",0.0,1.0,1
SCTLGGH9,I hope they find a vaccine for this disease since Hypopituitarism is becoming an epidemic diseases these days💔💔 <url>,1.0,0.6666666666666666,2
QS29800C,<user> <user> lies. ✋ lol when Dallas quit only jay and I were supposed to get immunity but drew paired you with us.,0.0,1.0,1
PNX57E59,"<user> let's use Ebola as a step to say #vaccineswork #flu is just as, if not more dangerous. It kills thousands. Also #MMR #polio",1.0,0.6666666666666666,2
527SGBZ8,A09403 [NEW] Relates to school grade or age requirements for certain immunizations. <url>,0.0,1.0,1
AYWEIVHD,"Time to get fully vaccinated ...
#chickenpox #Tetanus #MMR <url>",1.0,1.0,2
SB6QM5XV,First year working at jfbb and already feel like no mmr day will get better than that.,0.0,1.0,1
SC28YIQ8,"<user> “<user> On average, people who complain live longer -- Releasing this tension increases immunity and boosts their health.”",0.0,1.0,1
VVTIXKKG,Hey get your kids vaccinated so those who don't have strong immune systems because of medications don't have to suffer! Thanks!,1.0,1.0,2
N3VAF9MF,Marin County Swine Flu Cases Prompt Push For Vaccinations: MARIN COUNTY (KCBS) — Health officials in Marin County... <url>,0.0,0.6666666666666666,1
SZWVXGXM,“<user> Disneyland measles outbreak linked to places with low vaccination rates <url> Really now...,1.0,1.0,2
X1XMNAZ4,<user> yoga teachers don't make enough money to not believe in vaccinating kids. Wife's a yoga teacher and kid is fully vaxed.,1.0,0.6666666666666666,2
BIJW6Q5D,<user> <user> so don't medicate or vaccinate children... Lol got it,1.0,0.6666666666666666,2
706BR5G5,"Anti-Vaccine Doctor: I Don't Care If My Kids Make Others Gravely Sick (VIDEO): <url> talk about a selfish, ignorant jerk",1.0,1.0,2
Z943BF4Z,<user> and <user> on sale <user> #Princeton today 😍😍 #probiotics #immunity #health,0.0,1.0,1
3X4HVYVF,Rotavirus vaccine greatly reduced gastroenteritis hospitalizations in children <url>,1.0,0.6666666666666666,2
NNWZ59NM,"As measles cases near 60, California health officials urge vaccination <url>",1.0,0.6666666666666666,2
813WF1GB,Think those vaccines are causing autism...? Maybe you should vaccinate yourself with straight Jet Fuel and see if that also causes Austim...,1.0,1.0,2
YVWT48IG,"If the vaccinated children are in fact ""immune"", then why are they afraid of the unvaccinated?",-1.0,0.6666666666666666,0
7ONGDP51,New virus? Bird flu? 6 dead? NO VACCINE!? #ResidentEvilRealLifeShitTho,1.0,0.6666666666666666,2
0WVXYAX9,"Kearny mom speaks out about measles: One family in Kearny has dealt with ultimately exposing about 1,000 people to… <url>",0.0,0.6666666666666666,1
AII7BDWR,Smh my babies Won't have the hepatitis b vaccine without my consent,-1.0,0.6666666666666666,0
VK0D82XG,"I will be bringing my niece &amp; nephew to #sdcc2015. If you or your kids are not fully immunized, please don't come. #antivaxers",1.0,1.0,2
R9L37XVI,Parents refusing vaccines for kids need doctor's signature: Parents in Illinois citing religious objections in… <url>,0.0,0.6666666666666666,1
8HDNMP9B,Should you vaccinate your kids? A flowchart: <url>,1.0,1.0,2
3ZIBRY08,"""That's cool don't catch the measles"" ""you can catch these hands""",0.0,1.0,1
E9L2A51V,"On average, people who complain live longer -- Releasing this tension increases immunity and boosts their health.",0.0,0.6666666666666666,1
GGTCNWKH,Indiana's online immunization registry passes milestone: An Indiana State Department of Health website that... <url>,0.0,0.6666666666666666,1
E2NNCP9J,"Like who the fuck says ""pumped full of mercury and other toxic substances""? it's just a small vaccine, tf",1.0,1.0,2
JWMG6XSS,"<user> <user> Also the CDC doesn't sell drugs, big pharma does. CDC tests diseases. The FDA tests vaccines.",0.0,1.0,1
IKDN50M5,Why you should vaccinate your kids.<url> via <user>,1.0,1.0,2
3EI0QA4D,Mom: Family that refused vaccination put my baby in quarantine <url>,1.0,0.6666666666666666,2
05C3Q22Y,Another win for #vaccines &amp; public health! <url> #vaccineswork,1.0,1.0,2
JCPP1MAA,US Measles Count Rises to 121; Most Linked to Disneyland: - Health officials say the number of measles cases in the… <url>,0.0,0.6666666666666666,1
URGIK16V,Baby vaccination day. She's getting the measles one early as there are fuckwits here in Chicago who don't vaccinate ensuring it's a problem!,1.0,1.0,2
NNAJU2UN,Btw half of those affected in the measles outbreak are too young to be vaccinated. That is why we vaccinate. To protect those who can't be.,1.0,1.0,2
60IPMTIH,"Rare rabies death from organ transplant has NC tie: RALEIGH, N.C. Health officials are recommending vaccine fo... <url>",0.0,0.6666666666666666,1
7HALCG0P,"RE FUCKING TWEET <user> If you think vaccines give your child autism, you probably have autism yourself",1.0,1.0,2
A5DKRA0G,Well FUCK YOU Measles and deflated footballs!,0.0,0.6666666666666666,1
5MS1BTJI,<user> what about vaccine truthers?,0.0,0.6666666666666666,1
ALCNKTTI,"""<user> On average, people who complain live longer -- Releasing this tension increases immunity and boosts their health."" Thank God.",0.0,1.0,1
8BIPM5CE,We officially have more measles cases then we do basketball wins,0.0,1.0,1
RHX97NQ7,Finally I heard Jenny McCarthy's son does not have autism? She should apologize to all the dead kids that didn't get vaccines,1.0,0.6666666666666666,2
EZK9BTUZ,"Vaccines contain formaldehyde, ethylene glycol (antifreeze), phenol (disinfectant / pesticide), and aluminum. #facts",0.0,0.6666666666666666,1
W20EYT0V,"#Measles vaccines are safe, I agree. But why #government should never be given God-like powers to wield a #syringe : <url>",1.0,0.6666666666666666,2
Y9HIZWW1,Dept. Health Services: Fewer parents vaccinating children: The Department of Health Services said the number of... <url>,0.0,1.0,1
NBBY86FX,In other news I've gone up like 1000 mmr,0.0,1.0,1
KWE2JHH4,"mmm hmm
""<user> Top U.S. infectious disease official hopeful that vaccine to prevent Ebola will ready by summer 2015: <url>",1.0,1.0,2
SGJ2P8AC,"Diane Griffin: measles kills, usually due to infection by other organisms: pneumonia, otitis media #Measles2015  <user>",0.0,1.0,1
20YROPBZ,<user> <user>  #Measles is too serious to take risks. Good info in this story on how to get vaccinated in your NY area. Bravo!,1.0,0.6666666666666666,2
X5OC35FR,#hearthiswell MY DAUGHTER IS VACCINE INJURED.. VACCINES ARE NOT SAFE,-1.0,0.6666666666666666,0
1JKXZ0V5,"🍍🍊🌽🍈&lt;  these yellow and oranges contain beta carotene , which helps promotes healthy vision,immunity&amp; reduce risks of cancers",0.0,1.0,1
6Q91OG6Z,This measles outbreak is scary. I don't wanna take my son nowhere,0.0,1.0,1
EU7VG481,"New <user> X <user> ""Come Over"" #ManyMenRecords #MMR #NothingButHits 🔥🔥🔥🔥 Link in… <url>",0.0,1.0,1
C9W19T6D,With all them bumps under her chin like she been sucking dick that had the measles,0.0,1.0,1
VQFNJPTT,"""Celebrities have a big impact on public health... we need to look at these things"" - Dr. Purvi Parikh #vaccineswork #YPHealthSummit",1.0,0.6666666666666666,2
4610BA2G,<user> no I have minerpalooza to play at with the MMR,0.0,1.0,1
QBIFGBC9,"Vaccines are safe, but there are rare, unexpected risks: There's no doubt that childhood vaccines are generally… <url>",0.0,0.6666666666666666,1
DKZ24EER,My first case of actually seeing measles. Saw so many diseases I studied but rarely see in the states. <url>,0.0,1.0,1
ZLIJCE73,No link between MMR vaccine and Autism even in children with autistic siblings <url> <user> #autism #vaccines,1.0,0.6666666666666666,2
SQCLJZ43,"15mos check up and MMR/chickenpox vaccines. (@ Reading Pediatrics in Wyomissing, PA) <url>",1.0,0.6666666666666666,2
B969IY8R,People who aren't getting vaccinated at the UO confuse me... Like why would you risk dying from something preventable?,1.0,1.0,2
Z0THG8P3,<user> Mississippi has nearly 100% #vaccination rate but ALSO the  highest infant mortality rate in the USA,-1.0,0.3333333333333333,0
X3UPXWR7,US measles count rises to 121; most linked to Disneyland: Health officials say the number of measles cases in the… <url>,0.0,1.0,1
GZX4XXG2,"""Typically you want to get girls vaccinated before their first sexual activity"" 
""So in elementary school"" 
-Dr. Skeelz",1.0,1.0,2
QBSTUV30,Unvaccinated People Cause Measles to Roar Back in 2013 <url> via <user>,1.0,1.0,2
F8LDAS44,<user> Ebola isn't scary. Kids who aren't vaccinated are. lol I mean you can ask the Aztecs what happens if you're immunocompromised,1.0,0.6666666666666666,2
L3VV6ACD,"I hate vaccination Dr. Appointments, but they result in the best baby snuggles.",1.0,1.0,2
72JI4TO1,<user> <user> <user> but won't that give people measles?,0.0,1.0,1
U5CDLGC4,When MMR plays two led Zeppelin songs in a row \m/,0.0,1.0,1
X7H4K0G5,<user> When mixed with the vaccines...the fluoride killed all of the rats in the study!  EPA whistleblower was fired! Don't drink tapH20,-1.0,0.6666666666666666,0
B37X1HOC,CDC: Highest number of U.S. measles cases since at least 2001: (CNN) — The number of measles cases in the United... <url>,0.0,1.0,1
I07BWKNY,"😭😷 ""<user> Health officials: The vaccine for this winter's flu season may be less effective <url>",0.0,1.0,1
Q895VOJR,Parents shouldn't have to vaccinate their children,-1.0,1.0,0
AAJ0UIQT,"<user> #JuiceBOOST  Mental, Spiritual &amp; Emotional health🔸Weight loss &amp;sleep better🔸Hair, nails &amp; skin🔸Immunity &amp; Energy🌞",0.0,1.0,1
EK3UD1TQ,Their are kids too young or sick to get the vaccination and they will be the first ones to get it because of your dumb ass beliefs,1.0,0.6666666666666666,2
WUUOPVEI,<user> interesting that they don't mention the vaccine at all in the commercials. I had chicken pox as a kid.,0.0,1.0,1
AM87G6MR,"<user> <user> <user> You have your research, we have ours.  #immunity doesn't need mercury.  Keep it away from me.",-1.0,1.0,0
T9R2UVYG,"<user> are talking about getting different vaccines to protect yourself from diseases &amp; illnesses.
Watch #TheDoctors
#GetVaccinated💉💊😷🏥",1.0,0.6666666666666666,2
91CIUG2F,<user> #measles would be nice,0.0,1.0,1
U66J47OD,"No longer worried about jinxing it. I had almost no adverse vaccine reaction! :D With how sensitive my health has been, this is a treat. 🙌",1.0,0.6666666666666666,2
7M6FPKW1,"“On average, people who complain live longer - Releasing this tension increases immunity and boosts their health.” I'm going to live forever",0.0,1.0,1
F0XWN4BZ,<user> I am a proud parent of an autistic child who believes in vaccinations. Thank you for your part! #vaccineswork #responsibility,1.0,1.0,2
PQ0QURRR,"According to the letter I just got from the Michigan department of community health I haven't gotten an immunization since January 21,1998😆",0.0,1.0,1
0CEVBOOZ,"Michigan's measles case: Oakland County adult fully recovered; unclear if there's a Disneyland link: DETROIT, MI --… <url>",0.0,1.0,1
5W3QRX9J,I literally don't understand parents who refuse to give their children vaccines,1.0,0.6666666666666666,2
Z3Y3WG7R,THIS --&gt; RT <user> Vaccinate your fucking children. <url>,1.0,1.0,2
55954IFA,"4 measles cases linked to Las Vegas restaurant, health officials say: Four cases of measles have been linked to a… <url>",0.0,1.0,1
C97A2UUE,WHO: Thousands of Ebola vaccine doses in coming months <url> #health,-1.0,0.3333333333333333,0
3GVVXT22,<user> MEASLES OUTBREAK BC IGNORANT PARENTS REFUSE VAX FOR KIDS: ACTION IS REQD FOR CDC 2 NOT ALLOW ANY CHILD  WO VAC 2 ATTEND.,1.0,1.0,2
WREFXFBN,<user> <user> <user> Thank All The Liberals 4 NOT IMMUNIZING THEIR KIDS. FEAR OF UNKNOWN VS IMMUNIZATION?  Immunize Ur Kids,1.0,1.0,2
UVMJ44HW,Gilroy Costco Says Shoppers May Have Been Exposed to Measles <url>,0.0,0.6666666666666666,1
WBVLA1M9,“<user> believe early childhood vaccinations cause autism <url> <url> Power of baseless fear.,1.0,0.6666666666666666,2
2MQEQZN8,"Phew I didn't get the measles I just have a measle, singularly! #oneadaybecauseican… <url>",0.0,1.0,1
ZQIENEVQ,RT <user> If unvaccinated you’re about 35k times more likely to die from #measles than win at PowerBall: <url> #healthcare,1.0,1.0,2
PRWMWTOM,<user> duh. We do. It takes the dead virus of the flu to make a flu vaccine,1.0,0.6666666666666666,2
HXVQSPF9,These people are lunatics RT “<user> What anti-vaccinators are saying online about the Disneyland measles outbreak: <url>,1.0,0.6666666666666666,2
SI60YXF8,Outbreaks Fuel a Renewed Push for Vaccinations: A measles outbreak in a vaccination-wary North Texas megachurch... <url>,1.0,0.6666666666666666,2
AUVJE639,"<user> Rubella is actually known as German Measles, not simply Measles.",0.0,1.0,1
1VRW4HCA,Getting  four month vaccines because I want all kids to have a chance. <user>,1.0,1.0,2
Q5DLNO02,"Lol @ measles spreading hardcore at Disneyland and I went there today, fuck",0.0,1.0,1
VOB830JI,#AndWereBack #ThreeBestFriends #MMR #MyLadies #PrettyGirls #SundayNight #ItsBeenWayTooLong #MyLoves 💕… <url>,0.0,1.0,1
2X6TSEUA,Health Officials: International Traveler Had Measles While In South Florida: The Florida Department of Health has… <url>,0.0,1.0,1
BJL737AK,Mmr,0.0,1.0,1
BT70L8H9,<user> <user> <user> We did eliminate measles from U.S.  Because of the # of unimmunized ppl we are vulnerable 2import,1.0,0.6666666666666666,2
O8O71RZ3,"<user> doesn't want you to vaccinate your children, but she does want you to smoke an electronic cigarette!",1.0,1.0,2
841RU7GL,H4999 [Enroll] Immunity from Liability for Providing Free Health Care Services <url>,0.0,1.0,1
4K5MBYI5,Because maybe vaccines *do* cause measles #Nationwide,-1.0,1.0,0
3AHJ1R4H,Free back-to-school immunizations offered around South Florida -WPTV <url> #Sunrise #FL,0.0,1.0,1
GBWKYZPL,Warning to Hoosiers after person with measles travels through airport: INDIANAPOLIS — Hundreds of Hoosiers were... <url>,0.0,1.0,1
JW8IUHLY,#blackboxi experienced 2 measles epidemics in Houston as a resident. Devastating knowing an immunization would have saved women/infant,1.0,1.0,2
UUVGM6UI,The amount of paperwork I need to do for school is INSANE #insurance #immunizations  #fingerprints #backgroundchecks #childabusehistory,0.0,1.0,1
E1S0P15A,Five children under the age of one who attend suburban Chicago daycare diagnosed with measles: Health officials say… <url>,0.0,1.0,1
MNS2TYA8,"<user> best physician vaccine info CDC, AAP Redbook, ACIP , Childrens (CHOP) Vaccine Info Center- all #evidenced #based #peer #reviewed",0.0,0.6666666666666666,1
K225HPSE,#CDC has changed recommendation for getting infants vaccinated against #Measles. My report next on #Fox35 or watch on <user>,0.0,0.6666666666666666,1
P6XER9PE,HB1902 [NEW] Motor vehicles; providing civil immunity for removing child from motor vehicle using forcible entry;... <url>,0.0,1.0,1
XD6R5FMK,First thing I was asked after parking at <user> was if I was ready for the Measles... Really?,0.0,1.0,1
SJNI8LVO,"What's in your #flushot? If you knew, you probably wouldn't get one! #vaccine #vaccines #health #sick <user>  <url>",-1.0,1.0,0
5R4MLMAP,Despicable Measles <user> #adorableillnesses,0.0,1.0,1
P6NECYPA,""" my dawg said we gone be rich one day "" @ #EazyBASH #MMR #TheCAMPAIGN <url>",0.0,1.0,1
DES6A2TF,How is mandating vaccines different from mandating health insurance? #CNNteaparty Both backed by threat of force.,-1.0,0.6666666666666666,0
HM5HWGR0,#midevilmadness #mmr #seattlepinballmuseum #seattlelove #Seattle #visitseattle #pinball Will come… <url>,0.0,1.0,1
T6DTBCLU,Free Immunizations for Children Offered <url> via <url>,1.0,0.6666666666666666,2
P0BIXOZR,AIDS N : Here's How The HPV Vaccine Can Help Cut The Risk Of Cancer In Gay Men: Many HIV-positive queer men already… <url>,1.0,1.0,2
LVOMACTL,LIKE WHY THE FUCK ARE PEOPLE NOT VACCINATING THEIR KIDS ?!?!?! I DONT GET IT &amp; IT PISSES ME OFF !!!,1.0,1.0,2
TKYAOOW6,"<user> I had to give the highly non-specific ""we'll have business news on MMR in ten minutes"" 😜",0.0,0.6666666666666666,1
ITSMKX8Z,RT <user> Obama urges parents to vaccinate children for measles <url> <url>,1.0,1.0,2
Z0DY9FQW,"It goes down this Saturday MMR 6th Anniversary Party live @ the Atmosphere Lounge, Newark, NJ <user> <url>",0.0,1.0,1
EQYXIWG0,"""Immunize your goddamned children. How is this even a conversation?"" Thank you, <user> You are a she-ro!",1.0,1.0,2
YE0L67RI,I use to love slide puzzles as a kid. I guess so did spencer. #immunitychallenge #survivor <user>,0.0,1.0,1
NR4M6RTM,Vax exemption rates are high in some AZ schools RT <user> New study wades into the debate over vaccinations <url>,0.0,1.0,1
TB70U7E6,"“<user> On average, people who complain live longer -- Releasing this tension increases immunity and boosts their health.” <user>",0.0,1.0,1
OD5L1J6Y,<user> vaccinations should be balanced? You're an idiot. Let's confine ebola patients but not immunize children. You make zero sense.,1.0,1.0,2
1IVZSNVL,Hundreds Line Up for Dallas ISD-Required Immunizations: The line at Dallas County Health and Human Services wrapped… <url>,1.0,0.6666666666666666,2
TN5RX485,Looking for childhood immunization records for grad school: Reminds me how nice it is to hear a british accent on customer service,0.0,0.6666666666666666,1
PSEXC6AW,"MEASLES NEWS FLASH, con't. Many of those illegal aliens had many diseases &amp; were then dispersed around the USA without even being examined!",0.0,1.0,1
HJ4L4VIW,"Chemical molestation of children, that's a first!!! Lmao!!!! #SB277 #VACCINESWORK",1.0,0.6666666666666666,2
ADRIXQBB,"Shit I don't know if i'm the only one whose scared of Vaccines just by looking at that big, fat needle ! :o",0.0,0.6666666666666666,1
MWLHW2WB,"Two unvaccinated adults in Indian River County have confirmed cases of measles, health officials say.",-1.0,0.3333333333333333,0
J9FRMWPI,"Good! ""<user> Washington state school district kicks out 143 kids over not being vaccinated <url>",1.0,1.0,2
MHIHZ890,<user> <user> <user> vaccine injury compensation program ! Thank The Lord I won!,0.0,0.6666666666666666,1
SO9JF1YX,My poor baby is out of it after her vaccines yesterday 😪,1.0,0.6666666666666666,2
0CJCQ46V,<user> measles outbreak parent panic caused by celeb misinformation #pseudoscience,1.0,1.0,2
8T3F4957,"If we are supposed to take #measles more seriously, shouldn't it have a less funny name?",0.0,1.0,1
A7FBR4HP,Gov. Christie: Parents Should Have Some Choice On Whether Or Not To Vaccinate Their Kids <url>,0.0,0.6666666666666666,1
TFDD63ZC,Should parents have right to know if child is exposed to unvaccinated classmates?: With the concern of measles on… <url>,0.0,0.6666666666666666,1
KWIQIN82,There are now 62 cases of measles bc parents are more scared of autism then the FUCKING MEASLES which KILLS PPL. #smh <url>,1.0,0.6666666666666666,2
WRI3ODCO,Stuff.co.nz: Fear grows of #measles outbreak. Medical authorities fear a measles outbreak could spread to hundreds m... <url>,1.0,0.6666666666666666,2
YD4U8CZ8,Experts: California vaccine bill could prevent outbreaks: Giving California some of the strictest school… <url>,0.0,0.6666666666666666,1
TM72PXQ0,"Kent Sepkowitz, talking measles on <user> said libertarianism collapses when it bumps into public health. <url>",0.0,0.6666666666666666,1
1GMZ4UG6,"Fantastic post! RT <user> On Autism, Vaccines, and Love in my Activism <url> via <user>",0.0,0.6666666666666666,1
ERHLQZY7,"<user> In the case of ALL #vaccines, Including #measles &amp; #polio",0.0,0.6666666666666666,1
OTIFF6DL,"<user> <user> <user> mind you, the 4 vaccinated kids catching measles was the highest outbreak in years (decades?)",0.0,0.6666666666666666,1
N56Z3HS4,Disneyland Measles Outbreak May Have Originated in Philippines: As California health officials search for the… <url>,0.0,1.0,1
UXY6DZ2I,Infant in Georgia diagnosed with measles <url> #California #Atlanta <url>,0.0,1.0,1
FJVO9BVN,"half the worlds children under the povrty line r mutating acclimatory immunity disease the rest r apart of the160,00 ppl that die a day",0.0,0.6666666666666666,1
Q7MDQ8I9,<user> really? this from a person who posts that vaccines are safe. Prove that! There should be a BUT...NOT 100%. Instead U mislead ppl.,-1.0,1.0,0
JHFIXV0O,“<user> Illinois measles cases climb to 15 <url>,0.0,0.6666666666666666,1
WM6KPMUC,It frustrates me that some parents still don't vaccinate their children. Can I file this as child abuse?,1.0,1.0,2
51JZ96SE,"""She prob. Won't vaccinate her kid..."" ""Well good luck with Polio"" 😂",1.0,0.6666666666666666,2
49RAVDCK,<user> ofc not all matches but a good handful of them unless we can get everyone else's mmr up,0.0,0.6666666666666666,1
H1F7PEGH,<user> #GOP STOP blaming #Immigrants first #Ebola now #measles Which diseases?brought their ancestors? #AINF <url>,0.0,1.0,1
BO1XXP15,And not get measles,0.0,0.6666666666666666,1
0ZBP30SJ,"""<user> Parents who won't vaccinate children to lose welfare payments in Australia <url> #AusPol"" 👏👏👏👏",1.0,1.0,2
84ZUVYTR,"""Still running with the same niggas til the death of me"" dibiasimb <user> #MMR #ManyMenRecords… <url>",0.0,1.0,1
8304GWXG,"You should stick to what your good at even if its loligaging and pranks and leave Health Care and ""ACTUAL VACCINES"" TO HEALTH CARE INDUSTRY",0.0,0.6666666666666666,1
8TR1J7CU,It shouldn't be called the anti-vaccine movement. But the pro disease movement. Which disease is your favorite to get ?,1.0,0.6666666666666666,2
7UZTCPDX,Get your freaking children vaccinated people,1.0,1.0,2
1E4DQ5J6,“People who complain actually live longer. Releasing tension increases immunity and improves your overall health.”<user>,0.0,1.0,1
AB31TOZ2,“<user> We’re pleased to support <user> in its mission to bring lifesaving #vaccines to millions of children: <url>,1.0,1.0,2
LP6OTHWO,"Vaccines ... have prevented 6 million deaths every year worldwide.

#Pakistan #HealthNews",1.0,1.0,2
JDRJZ40O,Unfortunate start “<user> Katie Couric promotes dangerous fear mongering with show on the HPV vaccine. <url>,0.0,0.6666666666666666,1
84YFL8KL,"<user> we are all drowning.....if you truly hate measles, rhubarb, GOP, ETC.    Then please help!!!!

#cher2016",0.0,1.0,1
35VBKPR5,What Immunizations Does Your Child Need? <url>,0.0,0.6666666666666666,1
DUD2WTUE,<user> <user> The Measles story is pretty wild hope it doesn't spread for people.Wet Concerts sucks lol.,0.0,0.6666666666666666,1
W4VAQIFH,Today's asinine comment RT <user> you can't convince me the disneyland measles outbreak isn't somehow attributable to corey perry.,0.0,1.0,1
6D5FHX2C,Embroiled in a flu vaccination debate on FB. I am surprised at the friends who think the FDA really weighs risks before approving vaccines.,-1.0,0.6666666666666666,0
0XDBUFU4,Just got a free flu #vaccine (thanks #Obamacare!) at #Target. So when does the #Autism and #ebola set in??,1.0,1.0,2
4NXCHST8,"Conversation at fifth grade lunch: I would rather get a shot than get the measles, right?  #goaskyourmother #outofthemouthsofbabes",1.0,0.6666666666666666,2
JPX8C7RF,"Passed a woman with an ""Are Vaccines Safe? Think Twice"" sticker and a ""Mom of the Year"" sticker. Irony at its finest.",1.0,1.0,2
HBNIKUNJ,"2 babies die, 29 sickened from bad vaccines in south Mexico: Mexico's public health system has suspended infant… <url>",0.0,0.6666666666666666,1
U6C1EKJW,This snuggle bunny baby got her vaccines today and has been especially cuddly. <url>,1.0,1.0,2
PPZC548D,<user> parents have an illusion that vaccines are a problem. It is all a witch hunt. The lack of vaccination is already killing babies,1.0,1.0,2
6I4YB3F2,JUST IN: Another measles case confirmed. Exposure areas include parts of Pinal/Maricopa County. <user> <url>,0.0,1.0,1
LENUYCR7,Fabricating a story.. MT <user> Should Obama make vaccines mandatory for all children? <user> believes so. <url>,1.0,0.6666666666666666,2
EBED84CK,If I find out you don't vaccinate your kids and don't live in the Third World I will slap your face.,1.0,1.0,2
O3JI640M,"Can't vaccinate stupid RT “<user> ""I've never heard of these diseases I'm supposed to be vaccinated against!"" Thank the vaccine.”",1.0,0.6666666666666666,2
FAEH94YW,<user> MEASLES FOR JESUS,0.0,1.0,1
CWP9TUSX,#Vaccines Are Not Safe:Can Cause #Autism (Neuro Surgeon) Dr. Russell Blaylock.: <url>,-1.0,1.0,0
I6UVFDT5,Balt. health officials urge measles vaccination: Pediatricians from 10 Baltimore-area hospitals and the city's… <url>,1.0,0.6666666666666666,2
LXAP67X9,"""<user> People who complain live longer because complaining releases tension and increases immunity while boosting health.""",0.0,1.0,1
7E3ZD3VO,"<user> thank you for writing this! Hubby had measles as a kid, goes for spinal tap Monday to see if he has MS. Didn't know abt this.",0.0,1.0,1
GJVHHRLE,MMR is definitely playing a song by the wiggles right now 😂 #whatisgoingon,0.0,1.0,1
9OCLOQKW,<user> <user> <user> U don't believe me? Ask the parents of injured children that question!  I didn't vaccinate MY kids.,-1.0,1.0,0
Z5PVYZBJ,<user>  Are you in favor of saving kids' lives? I hope so. Let me know Wednesday. <user> #vaccineswork,1.0,1.0,2
XIAX4DXY,Lawyer Wants Oakland County Judge To Order Measles Shots For 4 Children: A judge could decide whether to order four… <url>,0.0,0.6666666666666666,1
G5J6848N,"“<user> how do #vaccines actually work? This is how they stop diseases like measles: <url>
<url>",0.0,1.0,1
XQOQ1HYU,<user> Still no correlation between MMR vaccine &amp; autism <url>,1.0,1.0,2
2QTO6YDI,"“<user> On average, people who complain live longer. Releasing this tension increases immunity and boosts their health.” ....silver lining;)",0.0,0.6666666666666666,1
QIEHNZLK,Officials: 2 more infants from Illinois day care have measles: Health officials say two more infants from a… <url>,0.0,1.0,1
DIP7UMJ1,Vast majority on anti-vaccine people were vaccinated as children. Wonder how many fewer if they hadn't been. measles polo etc victims,1.0,1.0,2
XNMJJB47,MMR Dj Detective Live <user> #mixmasterrod #follow #dj #dc #mmr #funny #photoshop #ace #ventura… <url>,0.0,1.0,1
YP1ZJ195,“<user> What you need to know about the measles outbreak: <url>,0.0,1.0,1
ZW1ZBF2D,<user> he had the vaccine that should keep him safe? Sorry u had twice. They suck,1.0,0.6666666666666666,2
YQXLW0A1,Met meetsims and <user> today at <user> Fire music from these two. #jennifair #mmr… <url>,0.0,1.0,1
N202YROS,<user> I guess the fact that the DPT vaccine has autism listed as a side effect has some people confused <url>,-1.0,0.6666666666666666,0
MOLM2OT9,<user> a simple way to decrease the number of parents who choose not to vaccinate their children <url>  nice take,1.0,0.6666666666666666,2
UVOWDR4D,<url> vaccine related deaths,-1.0,1.0,0
D3JXXDTQ,"<user> talk about ridiculous framing. Article should read ""over 90% of Americans think vaccines are safe""",1.0,1.0,2
S8ZZVOJY,California legislature passes strict school vaccine bill: State lawmakers on Monday passed a controversial school… <url>,0.0,0.6666666666666666,1
S4HSNFTH,California Mandatory School Vaccination Bill Stalls Amid Angry Debate: A California vaccination bill that has… <url>,0.0,0.6666666666666666,1
5FQDMI6G,I didn't lie today Quadre.  -MMR .,0.0,1.0,1
SRYDTOJ4,"Law Requiring California Parents To Vaccinate Their Children Likely To Pass:  Last Thursday, a state law was… <url>",0.0,1.0,1
95E2617Q,<user> Good deal!   We need to make sure he's as immunized as possible since he's boarding.   He's a great kid.   No worries here,0.0,0.6666666666666666,1
KMW6ARN4,I need to get MMR shot after school. Who's going?,1.0,1.0,2
ANCNANV7,Seriously if you refuse to vaccinate your kid as a choice then home school your kid....you don't have the right to put others at risk,1.0,1.0,2
BWOZLIET,That kid there definitely isn't vaccinated.,0.0,1.0,1
UOKRTNQN,<user> q6: every child should have access to immunizations! #GetAShot,1.0,1.0,2
ZADKZWTM,Mom of Child Quarantined for Measles Exposure Not Happy with Anti-Vaxxers <url>,0.0,0.6666666666666666,1
OM7DA3O2,DeSoto schools remind families to update student immunizations <url>,1.0,0.6666666666666666,2
KRSOD2PL,vaccines don't cause autism oh my god,1.0,1.0,2
YUO8ITGG,<user>  is hitting all the hot buttons tonight!!! FERGUSON! MEASLES! #SCANDAL,0.0,1.0,1
LJR5LD59,"BS! Don't vaccinate your kids!! Good for you Jay!! “<user> PSA: Jay Cutler, please vaccinate your kids. <url>",1.0,0.6666666666666666,2
1UCY6JWW,"Guys it's happening, vaccines are officially linked to major diseases as well as the Monday blues/stubbing your toe",-1.0,0.6666666666666666,0
PZZDV266,Measles Rates Triple In 2013 Due To Unvaccinated Communities <url> via <user> dumdasses,1.0,1.0,2
TGWAJOF8,"RT ""<user> Video: Dr. Unloads On ‘Safe’ Vaccines - <url>",-1.0,0.6666666666666666,0
32N8XELR,OMFG YAAAAAAAAASSSS!!!!!! OUR QUEEN IS SAFE!!! #ImmunityChallenge #Survivor <user> #TeamNatalie,0.0,1.0,1
DQ5E06FA,"I think the song ""read a book"" by Dmite needs updating to include a line about vaccinating your kids.",1.0,1.0,2
6T5P75R6,“<user> measles” celebrating the end of this wonderful A-Z experiment - hopefully next time the above 'm' will have been eradicated!,1.0,1.0,2
YSOTHNE4,My bestfriend MMR knows Miley hold song the climb lmboo iLovee that poop .,0.0,1.0,1
FBG5OQZ2,#Jennifair #MMR #MogulMediaLLC 100 plus songs cataloged. It's about that time. #MogulWins <url>,0.0,1.0,1
G2C3FNM1,*******ForEverGreen******* Ebola Vaccine HIV Vaccine Black Plague Black Death Vaccine Yersinia Pestis Vaccine <url>,0.0,0.6666666666666666,1
S1TCHNW2,"I'm at Orange County Health Care Agency - Travel Immunization Clinic in Santa Ana, CA <url>",0.0,0.6666666666666666,1
1HAAE30T,We Are Here madhatterdc #live #mmr #dc #dj #dmv #dcdj #dupontcircle #districofcolumbia #connecticutave… <url>,0.0,1.0,1
7KZK2MST,Apparently vaccines may cause demyelination which causes autism. Well this is news to me.,-1.0,0.6666666666666666,0
2X6HSZUI,"There is no scientific research whatsoever showing a connection between vaccinations and autism, only one discredited article by a quack.",1.0,1.0,2
HW5JV31F,"<user> it's like tuberculosis and the measles, it should be wiped out but still comes up from time to time.",0.0,1.0,1
UW6YK2LX,"If you believe vaccines cause autism, you are mentally incompetent.  Period.",1.0,1.0,2
X6SOQYPO,$50 buys 50 child vaccinations in #Chimbote mission. $130 covers home visits for 10. $630 pays for hospital birth. #Pittsburgh #Catholic,0.0,0.6666666666666666,1
JOLC8655,"<user> illegals did to them,..also what about the u.s. population which spreads diseases like measles, influenza, and every other",0.0,0.6666666666666666,1
1JP9A3RK,Prosecutor Ken Ervin: I want to know how recklessly killing an individual fell under the scope of his federal immunity.,0.0,1.0,1
ZXZ3VAPM,It Fits <user> #mmr #mixmasterrod #RumorsDc  #follow  @ MixMasterRod's Rumor Dj Booth <url>,0.0,1.0,1
KACB97BM,<user> 😂 same! I'll never get the vaccine again! But I'll probably vaccinate my kids one day if I ever have any lol,-1.0,0.6666666666666666,0
PUSYP9W0,"<user> We just immunized them early. ""Yes, its is. Want another piece of the tasty cadaver?"". Both kids still like meat :-)",0.0,0.6666666666666666,1
C3SYZL0I,OC High School Sends Non-Vaccinated Students Home In Wake Of Measles Outbreak <url>,0.0,0.6666666666666666,1
NMKCV7QZ,Shots:immunizations humans and animals like they just put dead infections in ur blood stream:but that dosemt help build ur immune system#DIE,-1.0,1.0,0
E67F1OJW,"Calif. Measles Outbreak Ends: The California measles outbreak that started in Disneyland four months ago is over, a… <url>",0.0,1.0,1
WVD2DK67,<user> I'm not hostile. But not vaccinating put friends and their families at risk of sickness and death. So I also won't be silent.,1.0,1.0,2
IQNCEWWO,<user> <user> You havea moral obligation to society to keep your kids out of public places if they aren't vaccinated.,1.0,1.0,2
C1TRN6O0,Baby with Measles prompts closing of day care in California. Update at 10.,0.0,1.0,1
6LLRQRZ6,"""<user> Vaccine Critics Turn Defensive Over Measles  - NY Times <url> cheap migrant labor has many hidden costs",0.0,0.6666666666666666,1
S16YUUX4,"How convenient..""<user> CDC Says Ebola Vaccine Only Works on White People <url> <url>",-1.0,0.6666666666666666,0
VWYA07BR,<user> <user> yeah I'd like to see one proven link between autism and vaccines. Oh wait....#VaccinateYourKids,1.0,0.6666666666666666,2
XR5Q9291,“<user> Measles death in Germany prompts calls for mandatory vaccinations <url> #vaccinessavelives,1.0,1.0,2
FSYIVKOP,"""Mississippi has the highest vaccination rate at 99.7% of children, the only thing Mississippi is good at""",1.0,0.6666666666666666,2
6EZ07OJU,Even after taking 5 shots of vaccine today.... my baby was still able to play dress up at her mini birthday party today...God bless u baby,1.0,1.0,2
IXI2LWYH,<user> <user> measles are bad. Mumps are bad. Rubella is bad. Why not vaccinate? SMH,1.0,1.0,2
18D293NJ,MMR BBQ time,0.0,1.0,1
Y85ZO6VT,HB1529 [NEW] Schools; clarifying language relating to immunizations; effective date. <url>,0.0,1.0,1
DR6GKMCG,"Oh a playboy bunny tells me not to vaccinate my kids so I'm gonna listen to her,  can't be too smart if you need to show your tits to live",1.0,1.0,2
6PJ8FIZU,“<user> Metro Health urges protect against measles <url> #KSATnews <url> -Shame on those parents,0.0,0.6666666666666666,1
WKD1T6OS,Some parents demanding all students get vaccinated following #measles cases #SantaMonica <url> <url>,1.0,0.6666666666666666,2
T6TS0UG5,Infant who attended Palatine day care the 14th measles case in Illinois: The 14th case of measles has turned up in… <url>,0.0,0.6666666666666666,1
HJ4A77HA,Vaccinate your fucking kids ya dingus.,1.0,0.6666666666666666,2
293RXJ8Q,<user> I just found out one of my friends didn't vaccinate her children,0.0,0.6666666666666666,1
C01K4JMS,"Yay! RT<user> On average, people who complain live longer -- Releasing this tension increases immunity and boosts their health.",0.0,1.0,1
V08DUQXI,<user> Mysterious Virus Spreading Across US &amp; Canada &amp; Primarily Affecting Vaccinated Children <url> #preppertalk,-1.0,0.6666666666666666,0
W7HEDG21,"soundgarden at the Tower, an MMR Concert event <url>",0.0,0.6666666666666666,1
4B8WVRMQ,Good news. Folks in Delaware vaccinate! Measles is making a comeback. Here are 9 things everybody should know. <url>,1.0,1.0,2
VO6H1VXR,Wealthy communities tend to have higher rates of non-vaccinated kids; poor communities tend to be *under* vaccinated. #vaccineswork <user>,1.0,1.0,2
MHKBY0OV,"This is how the world ends; not with a bang, but with a Jenny McCarthy-inspired public health crisis. #VaccinateYourKids",1.0,1.0,2
D1MEDOG9,"If a child dies from a communicable disease, and the parent chose not to vaccinate, that sounds like negligent homicide to me.",1.0,1.0,2
LBZGBTT2,"AM-News : AIDS, measles and educating the public: Metropolitan Atlanta has the dubious distinction of having one of… <url>",1.0,1.0,2
6V8PW2IO,We made it into the finals in #true105 #dragracing with a #turbobygarrett #mmr #mustang! #nmcawest <user> <url>,0.0,1.0,1
XUB1NJE8,<user> She's probably built up an immunity to the Jesus jokes by now though so we're fine haha.,0.0,0.6666666666666666,1
52FN9T1J,<user> because it has been shown to help immunity of whooping cough in newborn babies.,1.0,0.6666666666666666,2
DH2DQP5L,Baltimore-area doctors: Measles vaccines an 'obligation to one another': In response to a measles outbreak in… <url>,1.0,0.6666666666666666,2
N3B484FQ,"International Business Times
Measles Becoming Deadlier Than Ebola In West Africa
<url>",0.0,1.0,1
2S7NLF0Y,"Here at Body Of Harmony , we offer the Vitamins and minerals to help with #hydration , #immunity ,… <url>",0.0,1.0,1
I1VJO50A,"Dennis Ogbe, US Paralympian &amp; Polio Vaccine Advocate. Truly inspiring! #vaccineswork @ Crystal City <url>",1.0,1.0,2
J7HHRFXQ,Governor weighs in on criticism of HPV vaccine letter: The Indiana State Department of Health sent letters to… <url>,1.0,0.6666666666666666,2
BTPG9T8R,"First time using 1/2"" MMR drywall redoing the downstairs bathroom. That stuff is almost too heavy to hang solo.",0.0,1.0,1
3OIQAV5S,“<user> Slap on a flu patch? New vaccine would skip the needle <url>  Can't ever poison yourself to health.,1.0,1.0,2
Q69YFGZM,"Sex is known to produce health benefits such as stress reduction, weight loss, increased immunity, and improved cardiovascular functioning.",0.0,1.0,1
DHF8G8JD,"So before I have to hear shit about buttcoins and Google office whatevers, they have to say if their kids are vaccinated, right?",0.0,0.6666666666666666,1
IUJCNQ5P,"“<user> <user> I was born N the 60's NO ONE DIED FROM MEASLES! "" because of the effectiveness of vaccines  <url>",1.0,1.0,2
ZLB6T9US,"I think this years ""I'm going to disneyworld"" commercial should have a disclaimer about measles outbreak",0.0,1.0,1
Z379FYQV,Flu shot myths addressed by CDC: (CNN) — Flu vaccine myths can confuse people trying to decide whether to get a... <url>,0.0,0.6666666666666666,1
J7PXXUJX,I can't even lift up my arm because of all those vaccines of poison my doctor injected into me 😭,1.0,0.6666666666666666,2
2OZ814C8,Immunization Tip #3:  Traveling Outside the US?  Protect yourself from disease before you go. <url>,1.0,1.0,2
5NY5UVX9,“<user> Today in 1954 kids received first polio vaccine #DrSalk #Innovation #PublicHealth” #Pittsburgh,0.0,1.0,1
5SHFQSLP,"Just saw a bumper sticker that read ""vaccines are toxic, protect our children."" Remove yourself from the gene pool you fucking idiot.",1.0,0.6666666666666666,2
9NXSFL7M,"“<user> Oregon kids must be immunized by Feb. 20 or risk exclusion from school, day care: <url> <user>",1.0,0.6666666666666666,2
TKNPO2D4,17 Reasons Why No One Should Ever Vaccinate Their Kids <url> via <user>,-1.0,1.0,0
HJIKVTMQ,A kid is screaming at the doctors office and it is not helping  Anna's fear of getting her immunizations.,0.0,0.6666666666666666,1
AI7QN9T1,I have to get a measles shot:(,1.0,1.0,2
CATKUMCZ,<user> <user> <user> <user> <user> <user> <user> <user> <user> <user> #ff,0.0,0.6666666666666666,1
LMHL1RXX,Do you think twitter grants you immunity from civil suits? Jesus you're stupid. RT <user> Your house for kiddie porn?  #wiunion,0.0,1.0,1
EROIUU6T,"Get vaccinated, folks! RT""<user> EP Dept. of Public Health: Flu death toll now at 11.  Full Story  <url>",1.0,1.0,2
5XTRWZ1G,Mark Kendall: Demo: A needle-free vaccine patch that's safer and way cheaper <url>,1.0,0.6666666666666666,2
ACLY3M18,Kids &amp; Vaccines In Spotlight At State Capitol: DENVER (CBS4)- A controversial bill over children and vaccines is... <url>,-1.0,0.3333333333333333,0
9H8D9XGT,Roald Dahl becomes sage of USA measles outbreak - <url>,0.0,1.0,1
FX45SKPB,Washington woman's measles death is first in US since 2003: A Washington woman died from measles in the spring —… <url>,0.0,1.0,1
XBTO3Z7G,"Vaccinate! It saves lives “<user> Measles confirmed in Northern Michigan, wks after whooping cough outbreak <url>",1.0,1.0,2
9S2DPCTJ,Left work early to take care of Maddy. Poor girl got her MMR shot yesterday.,1.0,0.6666666666666666,2
KQS5VTQG,What is the vaccination rate at your school? Explore the data. <url>,1.0,0.6666666666666666,2
R7JPIFN7,Children's Museum of Houston to Offer Free Vaccinations <url>,1.0,1.0,2
QAWOGKZC,“<user> AIDS vaccine created at Oregon Health &amp; Science University may clear virus from body <user>,1.0,0.6666666666666666,2
H1DM0G2G,AIDS :  Children with immunities may be key to HIV treatment <url>,0.0,1.0,1
M4YRGBVO,"Austerity is not a Vaccine to Crisis... It is a Parasite with Pandemic Potential! It Drains Life, Killing Slowly! #OccupyDC",0.0,1.0,1
0RQAE8DM,"Schools expel students with missing vaccination records: Parents in the Spokane, Washington, school district were… <url>",0.0,1.0,1
V44G0UAM,I hope you get measles  <url>,0.0,1.0,1
7EU5C21I,Memo to GOP-- the measles are not an STD. Abstinence is not a vaccination,0.0,0.6666666666666666,1
IKA7CAKR,Measles outbreak is ridiculous and preventable. Vaccinate your freaking kids people,1.0,1.0,2
0G7FTFO4,Why am I helping someone from the CDC with meningococcal vaccines?!!,0.0,1.0,1
DLH0NDXW,Good of you to bring your little measles machine to the farmers market to sneeze on the fruit and finger up  the sample tongs.,0.0,0.6666666666666666,1
LUKYL64V,<user> I mosdef couldn't live in the dorms at college without certain boosters and the meningitis vaccine. I remember on my schools,1.0,1.0,2
2GDISYG8,“<user> Harry Reid spews nothing but hatred &amp; lies while having immunity on Senate floor. What a shameful coward! #tcot #patriotism”,0.0,1.0,1
D2FHUMQK,Pastor teaches that vaccines interfere with God's will; predictably leads to Measles outbreak. <url>,1.0,0.6666666666666666,2
47TE5B4V,Six cases of #measles reported in NYC.  Rash and fever?   Let us know.,0.0,1.0,1
3PSZGMMG,"Pakistan was close to eradicating polio, however conspiracy theory re: Americans using vaccines for eugenics decreased uptake. #globalissues",1.0,0.6666666666666666,2
ZCHWNVT3,Taking Mac for her first round of vaccinations... She's scared to death ;-) (@ Banfield Pet Hospital) [pic]: <url>,1.0,1.0,2
76A4JV3G,#MMR Trombones! @ Sun Bowl Stadium- University of Texas El Paso <url>,0.0,1.0,1
JDGU1LV7,"All you parents not vaccinating your kids, feel free to just walk off the edge of the Earth",1.0,1.0,2
4K0UPNAZ,"HOLY FUCK NO. I do not have measles. I have psoriasis, a skin condition I've lived with for more than 10 years. Smh",0.0,1.0,1
PY6KX0E8,<user> <user> rewards #jennymccarthy for her disturbing delusional take on child #vaccinations <url>,1.0,0.6666666666666666,2
O24I9WYT,"If you don't vaccinate your child and my nephew or any child I love dearly gets sick, I will hunt you down. Just saying.",1.0,0.6666666666666666,2
K4NTSIC4,"Anti GMO isn't nearly as dangerous as anti vaccine, but Id still rather have less hysteria surrounding food safety.",1.0,0.6666666666666666,2
KY4XUISS,#Lucky7 @ MMR 7yr Anniversary <url>,0.0,1.0,1
UY91WVU5,Mom called to remind me not to worry about getting measles cause I'm vaccinated #thxcaryn ?,1.0,1.0,2
DDJ8D39X,<user>  no mmr!!!!,0.0,1.0,1
00ZTHDUP,State Health Dept. Urges Measles Vaccinations <url>,1.0,0.6666666666666666,2
M14EDHRW,Baby's doctor appointment he's got some vaccines :(,1.0,1.0,2
TNFHGGWW,"If you're not gonna vaccinate your kids, don't be pissy when no one wants to be near them. Stupid ass people.",1.0,1.0,2
0ZAC5GP6,INTERACTIVE MAP: Number of Marin Kids Without Immunizations on the Decline <url>,0.0,1.0,1
UK49VGUD,"<user> <user> just spent the weekend at Disneyland. Didn't get all my vaccinations as a child, made me sick. Still fine...",-1.0,0.6666666666666666,0
1N935YQK,Soapbox observation for the day: vaccinate yr damn kids and leave Bruce Jenner alone. Don't be stupid and don't be cruel. #growup,1.0,1.0,2
0ZSNWK0N,Gonna be a long day.. #imissyou #restinpeace #macirandall #mmr,0.0,1.0,1
HG5JTVA4,Measles outbreak: California cases up by one to 92: The number of confirmed measles cases in California grew by… <url>,0.0,0.6666666666666666,1
PDFTJ23S,#Vaccinate. Please. -&gt; Worst year for #measles since 1996? <url>,1.0,1.0,2
ZK5WAHU9,US Secretary Tom Vilsack explains $26.2M spending on deadly pig disease -- $11.1M for cost-share w/producers; $3.9M for developing vaccine,0.0,0.6666666666666666,1
BTGMJ3VZ,Immunizations (@ Sebastian County Health Department) <url>,1.0,0.6666666666666666,2
EOETUVZ6,"<user> I may eat kale for breakfast, but I plan to vaccinate my children",1.0,1.0,2
ATG8NNXX,Does person have claim if newborn gets #measles in waiting room of pediatrician who allows patients to go unvaccinated? <user>,1.0,0.6666666666666666,2
NLCHULUK,Qdoba restaurant confirms that the person diagnosed with #measles in #Spokane was an employee. #KXLY,0.0,1.0,1
P4EZMBFJ,How The Measles Virus Became A Master of Contagion <url> via <user> <url>,0.0,1.0,1
C9MNHPWA,The moms in third world countries who stand in line for days for those vaccines would shit on your face for not vaccinating your kids,1.0,1.0,2
DKSSORE9,Anybody remember that time I caught chicken pox from the chicken pox vaccine in 7th grade? That happens to 1% of children......😊😊😊😊😊😊😊😊😊😊😊😊😊,0.0,1.0,1
JIQMKCOS,Immunity Boost!  #vegetarian #kidissick #BeBold #teamblackberry (@ Jamba Juice w/ 2 others) [pic]: <url>,0.0,0.6666666666666666,1
Z92OIYVT,<user> I'll make sure to post that once I get through with MMR.,0.0,0.6666666666666666,1
LL3PGAMU,Your flu shot may be useless — health officials say flu vaccine isn’t working as well as expected: You may not be… <url>,0.0,1.0,1
G0Y9Z673,"#Vaxxed was a Very interesting #documentary!

#Vaccinations can be safe and can be unsafe. #CDC… <url>",-1.0,0.3333333333333333,0
X7L348UJ,<user> if you don't have an MD after your name than your just speaking out of ignorance if you don't vaccinate you kids!,1.0,1.0,2
0VE4NWWQ,"Measles Outbreak Hits Texas Church That Preached Against Vaccines - <url>
Maybe they should have another talk with God.",1.0,0.6666666666666666,2
NQMT5C70,"My party affiliation has never influenced whether I #vaccinated my kids. People who think it's a ""liberal"" thing are idiots. I vaccinated.",1.0,1.0,2
48LHYE0I,<user> <user> <user> Superstition again battles with truth. Vaccines have saved millions of lives!,1.0,1.0,2
QWS71EVI,Here we have a nice bit of information about Measles and Vaccinations <url>,1.0,0.6666666666666666,2
2F98OFNG,Maybe I should NOT go to school for a health care profession bc if someone refused get their baby vaccinated I couldn't hold my tongue.,1.0,1.0,2
BC6G24O1,"Carson: Illegal immigration partly to blame for measles outbreak <url> he's right, but I hate giving gov more power",0.0,1.0,1
INRV2PIO,Raising Fear of a Vaccine and the Risk to the Public - <user> <url>,0.0,0.6666666666666666,1
75PCNH8S,3states have the measles virus OMG 😳,0.0,0.6666666666666666,1
7KVU1FIU,So glad to see <user> discussing  vaccinations &amp; measles outbreak #nerdland #publichealth,0.0,0.6666666666666666,1
JZVDRVNB,<user> <user> *Waves* *Coughs vaccinate Your kids*,1.0,1.0,2
S2MAJJ0S,Parents seek more exemptions for WV vaccinations <url> Most read by neighbors in #AnitaHeights #Huntington,0.0,0.6666666666666666,1
499Q2ZDI,"It's so frustrating that the main argument against vaccines is that even if a child gets the vaccine, they can still contract the illness.",1.0,0.6666666666666666,2
CQ8D2S0P,$2 EVERYTHING at The Home of $2 Tuesday Marjai's Meet Me There w. tyratonique Host: #Mmr… <url>,0.0,1.0,1
5DH04KLJ,"HPV and measles serious danger that needs publicity Ebola scare came from media, not science.  -disease panel <user> <url>",0.0,1.0,1
9YH06YOT,Pretty sure my cabbie has diplomatic immunity based on the speeds we are traveling #deathbycabbie,0.0,1.0,1
FI3WHSTJ,"Study: No link between MMR vaccine, autism: A new study finds the measles-mumps-rubella vaccination, commonly… <url>",1.0,1.0,2
RYZPTRZ3,"Also worth intelligence points! ""<user> Enthusiasm, like measles, mumps, and the common cold, is highly contagious Emory Ward #quote”",0.0,1.0,1
NTEQ7RLS,"""<user> Bill Requiring Vaccination of Children Advances in Cal <url> <url>
MyChildren=ShotsNever",-1.0,0.6666666666666666,0
JXCJC2GS,People are dying from #vaccinations CNN interview <url> #ChildrensEPA #autism #GB #pregnancy #pediatrics,-1.0,1.0,0
LYVFNT24,All this talk about measles at Moorpark college was FALSE! <url>,0.0,0.6666666666666666,1
BMLVEHBO,"TA goes off on Reagan, anti-vaccination nuts, and The Walking Dead, yells about being a honey badger, and then ends class early.",0.0,0.6666666666666666,1
4SZG10CO,Resurgence of #measles connected to decline of vaccinations. Vaccines are safe &amp; effective. -Richard Jove #VGTI #TCPalmFuture,1.0,1.0,2
I81EUHIP,Yes you should vaccinate your kids so they can grow up <user>,1.0,1.0,2
5OGDH7P4,"I'm not really shocked that the measles spread so fast at Disneyland. I mean, it is a small world after all.",0.0,1.0,1
5RYXMTHJ,Any physician who advocates against vaccines in healthy children violate their hippocratic oath! #ncga #ncpol,1.0,1.0,2
AQ1628V7,"FOR ALL THAT IT'S WORTH, I am pro-science and pro-vaccination. I do not believe in the Easter Bunny or most conspiracy theories.",1.0,1.0,2
HJFP01NK,"3 PREVENTABLE &amp; TREATABLE: Measles, malaria, &amp; diarrhea are 3 of the biggest killers of children. #AGWMAfrica #medicalmissions #hope4Africa",0.0,0.6666666666666666,1
BG0KR8DB,<user>  99% of public school kids are vaccinated. Where is the problem? #STOPS346,1.0,0.6666666666666666,2
8YLUA19Y,To the idiots that don't vaccinate their children: do you not see the world laughing at you...?,1.0,0.6666666666666666,2
LW4ZC0P8,"""Why are people so rude just because I don't vaccinate my kid?""

BECAUSE YOU ARE DUMB AND PUTTING YOUR KID AND OTHER KIDS AT RISK.",1.0,1.0,2
4YFLRCX0,There might be a new baby boy entering the world today I'm so happy that I confirmed I have the whooping cough vaccine #cantwait #babywatch,1.0,1.0,2
ZX40SJ2R,“<user> Second measles case confirmed in D.C. <url> SWEET THANKS DISNEY,0.0,1.0,1
8BLS952K,"More Americans die from vaccine-preventable diseases than from breast cancer, HIV/AIDS, or motor vehicle accidents.",1.0,1.0,2
A6PPRXLZ,HB1425 [NEW] Immunization Records For Temporary Child Care <url>,0.0,0.6666666666666666,1
4G89WQE1,.<user> Help save 6m kids' lives. Pledge $1 bill over the next 4 yrs to <user> the Vaccine Alliance. #everyparent <user>,1.0,0.6666666666666666,2
AFQFRO35,Health officials urge vaccinations for swine flu: Health officials are urging people to be vaccinated for swine... <url>,1.0,0.6666666666666666,2
IH67ZB0P,“<user> A handy guide on how vaccines cause autism.  <url> Hahahah,-1.0,0.3333333333333333,0
OAK81JIR,"<user> ""DOCTORS?!?!? OH NO! BABIES CAN'T GO TO DOCTORS! VACCINES ARE THERE!"" --idiot parents everywhere.",1.0,1.0,2
FBFL512L,Six Month-Old Baby Dies Just Five Days After Receiving 13 Vaccines <url> They say it's just COINCIDENCE,-1.0,0.6666666666666666,0
POBS9BO7,"If you don't believe in vaccinations, you are an idiot and might as well let your kid eat lead paint #hopeyougetmeaslesandsmallpoxatonce",1.0,0.6666666666666666,2
8YVWBVV1,"“Grapefruit, cabbage, watermelon &amp; almonds are immunity boosting foods which can help you stay well in the coming winter months” #health",0.0,1.0,1
PHL2BUXH,Lane County Health Department is working on more vaccination clinics w/ U of O after fifth case of meningitis bacteria on campus. #liveonK2,1.0,1.0,2
WUE5228R,"Vaccinations Don't Stop After High School: ""Vaccinations are not just for kids,"" Colleen Finnegan, with the City of… <url>",1.0,1.0,2
DFGQKR0I,"Why you should, and shouldn't, worry about measles <url>",0.0,0.6666666666666666,1
3Y7FV224,<user>  IS HE RIGHT? RT <user> Lots of autism +vaccine response. Stop these (cont) <url>,1.0,0.6666666666666666,2
I82O1PHU,Pop up on you like the measles,0.0,1.0,1
1F3GJLD4,Santa clara county public health officer says flu death in co was 98 year old woman. Some pharmacies are reporting running out of vaccine,0.0,1.0,1
CTYR35MC,Suge Knight gonna star in the violent remake of Knight Rider. RT <user> We need to send Suge Knight to destroy the measles.,0.0,1.0,1
WTL56K4C,<user> i still feel bad. :( please dont be scared of me. #immunizations2012,1.0,0.6666666666666666,2
USV2FIGY,"Today on #Blogust <user> writes, ""Childhood vaccines shouldn’t be a luxury."" Help give all kids a <user>",1.0,0.6666666666666666,2
A4AIMS90,.<user> <user> brought up great points re: #measles #vaccines on the <user> #livestream of CIO. Watch it 2nite at 8p!,0.0,1.0,1
TRIA42TR,Sun Ra measles,0.0,1.0,1
JX49VBQF,7 Most Disgusting Ingredients Used to Make Vaccines  <url>,-1.0,0.6666666666666666,0
XHB105QF,I dont understand why they think a vaccination is the work of the damn devil and refuse to let professional medics help their kids health,1.0,1.0,2
47Q9YTQK,2nd Circuit upholds mandatory vaccination for kids in school. #txed #schoollaw #edlawdawg,1.0,0.6666666666666666,2
5XRJAW8W,California “has established itself as a national leader on public health.” #Vaccines <url>,1.0,1.0,2
B3LO6CSI,Children must be vaccinated! <url>,1.0,1.0,2
ZRCW0EEE,Benefits of music = stress relief + boost immunity + reduce heart disease + enhances emotional strength + boost self esteem. #MusicHeals,0.0,0.6666666666666666,1
97C6R84Q,Measles Case Under Investigation in Amador County <url>,0.0,0.6666666666666666,1
U0BYO8N5,"Since Brady's going to Disneyland, that means he wins measles, right? 😳",0.0,1.0,1
NA72M3IG,"It's windy as fuck at disneyland, and this is honestly the best time to be here. Thanks to the measles too, #youtherealmvp",0.0,1.0,1
W8QJU7XI,"“<user> On average, people who complain live longer -- Releasing this tension increases immunity and boosts their health.”",0.0,1.0,1
5LYUD3C3,CDC: Kindergartners in Colorado have lowest measles vaccination rate in the nation: Some health experts say… <url>,0.0,1.0,1
S8LECKLC,School vaccine is mandatory by law in Cali.. Fuck dat shit.,-1.0,1.0,0
XN3MOQBT,"Ebola is just like SARS, West Nile, Swine Flu etc. A sensationalized scare tactic orchestrated by the government to make money/vaccinate us.",-1.0,1.0,0
Y5AZPRI5,"<user> As a provider who held children as they died from diseases vaccines prohibit, I am very proactive ed parents,1 death 2 much",1.0,1.0,2
TH042O4C,A measles warning from a major medical group <user> for women of childbearing age.My story at 4. <user> <url>,0.0,1.0,1
M9YXRJDD,You should not vaccinate your children unless you are absolutely sure you love them.,1.0,1.0,2
I3GZLZ75,Four confirmed cases of measles in Florida. None in Duval county...but according to health dept. preventative steps are in the works,0.0,1.0,1
T3D8FAET,Hot topic--worth the read! My Health-Nut Parents Didn’t Vaccinate Me. This Is What My Childhood Was Like. <url> via <user>,-1.0,0.3333333333333333,0
35IBZC58,"""We the new killer bees, swarming the cipher my lyrics are hyper to find the vaccine to this EMCEE disease, y'all HIV and I'm Magic""",0.0,0.6666666666666666,1
08XMA6O7,1.4k followers on twitch! Whoo! Higher than my mmr.,0.0,1.0,1
CR08NTOH,"<user> <user> <user> And because not every child CAN be vaccinated, such as infants.",0.0,0.6666666666666666,1
0VDVL8YO,<user> why isn't any1 wanting 2study my apparent #HIV-Immunity as determined by CDC/Emory/NIH #bo #mo see YouTube HIV-guy immune,0.0,1.0,1
9645UV58,Do not ask!   What are all those bumps doing on me?   I already had shingles and chicken pox and measles. <url>,0.0,1.0,1
NT1ACI84,"“<user> On average, people who complain live longer --Releasing this tension increases immunity and boosts their health.”<user>",0.0,1.0,1
K6IBVFSI,Stupidity is killing Common Sense. We need to find a vaccine.,0.0,0.6666666666666666,1
A1UFQVBY,"""<user> Un-vaccinated Children May Not Be Welcome in Maricopa County Schools <url> <user>",1.0,0.6666666666666666,2
XHGKHPQU,".<user> 1 in 5 children are w/o lifesaving vaccines, pls change this &amp; put #immunizationfirst on the <user> Summit agenda",1.0,1.0,2
1AI0N43L,<user> I know I've got like typhoid fever and the measles and mumps and maybe a case of the black plague. I'm the illest.,0.0,1.0,1
D45IMYI0,Agora NightLife #BurgLife #BacardiPromotions #MMR #teamfreepour #humblebeginnings @ Agora Nightlife <url>,0.0,1.0,1
5G8T012M,CDC Recommending Flu Vaccination To Combat Seasonal Illness: DETROIT (CBS DETROIT ) – The Centers for Disease... <url>,0.0,0.6666666666666666,1
4F9ZQMF8,"AM-News : Why Did We Overlook a HIV Vaccine that Can Protect Newborns?: Decades ago, scientists decided that a... <url>",1.0,0.6666666666666666,2
0HAYPGQV,<user> watch of for dem measles.,0.0,1.0,1
2U2MBG4F,Annual Childhood Flu Vaccines May Interfere With Development of Crossresistance: <url>,-1.0,1.0,0
4GAJ5FEQ,"<user> with a little tweaking, though, that Nationwide ad would be an awesome pro-vax PSA. ""I'll never grow up, I caught measles""",1.0,0.6666666666666666,2
KR9BYQO9,"Measles may become ‘endemic’ without vaccination, proper clinical diagnosis, CDC official says <url> via <user>",1.0,0.6666666666666666,2
1JYXTZIE,<user> double the chances for measles,0.0,0.6666666666666666,1
AHOLCZ33,<user> B List celebrity told moms not to let kids get vaccines and I wind up with the adult whooping cough I avoided years ago,1.0,1.0,2
QQZ0JMF1,"I'LL BE A... RT <user> On average, people who complain live longer - Releasing this tension increases immunity and boosts their health.",0.0,1.0,1
04JF1OZF,"<user> <user> <user> <user> Not true! We have 100,000 kids who have never had 1 vaccine!  Study them!",-1.0,0.6666666666666666,0
DIEWUWGE,Are you up to date on vaccines? Take CDC’s vaccine quiz to find out which vaccines are right for you. <url>,1.0,0.6666666666666666,2
X719HG7P,<user> <user> uh vaccinate your kids?,0.0,0.6666666666666666,1
PJAP6Y3N,Current status: in a line about 30 deep for dog vaccine. Can't board your dog without a vaccine but Crom forbid you get one for your kid.,1.0,1.0,2
KRS4AWSU,5 infants at Illinois day care diagnosed with measles <url>,0.0,1.0,1
9ZR6N5WM,<user> was your friend in bronze duoing with a diamond player? I'm pretty sure a bronze's MMR isn't diamond leveled,0.0,1.0,1
EG7LWBP5,<user> Thanks to decades of CDC immunizers #takingchances like the late Bob Keegan of ATL: village to village.,1.0,0.6666666666666666,2
E41RRS90,Large measles outbreak traced to Disneyland is declared over: California health officials have declared an end to… <url>,0.0,1.0,1
9MZWHMMJ,"Vaccinating my child because I believe in science. (@ University of New Mexico Hospital - <user> in Albuquerque, NM) <url>",1.0,1.0,2
QOJS8G8S,"MMR booster, booooo (@ Lake Health Willowick Campus) <url>",-1.0,0.6666666666666666,0
85LZF35O,So measles is the outbreak at the moment.. wonder what they're blinding us from now..,0.0,1.0,1
ZZVTM2M0,"<user> an app that details immunizations requirements for countries you want to visit along with disease outbreak info,",1.0,0.6666666666666666,2
AQCYOPI7,"Disneyland measles cases has rose to at least 145 patients across 12 counties, including 119 con. in Ca Someone FOXY glad not covering this",0.0,1.0,1
CQ7ZY01L,"Due to resistance to #vaccines #Measles Cases in U.S. Hit a 20-Year High

<url>",0.0,0.6666666666666666,1
2J7T5N3F,Former science chief: 'MMR fears coming true'  via <user>,0.0,1.0,1
EYWU5LMD,If I had 1 do over I would've never vaccinated my son #autism + #epilepsy,-1.0,0.6666666666666666,0
5ZJ5H4P9,We had sailed 7 years when the measles broke out and the ship lost its way in the fog. #damnantivaxxers,1.0,0.6666666666666666,2
KUBA8FXP,<user> <user> This is definitely an indisputable proof that immunization is an effect public health tool.,1.0,1.0,2
07M7Y5JS,Killing kids! RT:<user> I am being proven right about massive vaccinations—the doctors lied. Save our children &amp; their future.,-1.0,0.6666666666666666,0
K9GHVZLS,I ALWAYS make sure I listen to MMR when <user> is on. The guy is f*ckin' hysterical. (no that wasn't a Todd Glass style shameless plug),0.0,1.0,1
X9GVJM9Z,Hold parents liable for damages if the don't vaccinate and their kids get others sick. #IAMTHEHERD #vaccineswork #vaccine #vaccinate,1.0,1.0,2
MSOYMXWW,Thimerosal (mercury) and MMR stole my son. They KNEW. They LIED. #CDCwhistleblower #vaccinesNOVA #ObamaSpeech <url>,-1.0,0.6666666666666666,0
TYB0OKSM,"""<user> <user> #Life #SAFE #Admitted 98 Mil #US Received #Polio #Vaccine In 8-Yr Span  Contaminated With #Cancer #Virus <user>",-1.0,0.6666666666666666,0
NYCXDJWR,JUST GET YOUR KIDS VACCINATED. IF YOURE ONLY WORRIED ABOUT YOUR KID AND NOT THOSE WHO WILL(or wont for that matter)BE AROUND YOUR KID..,1.0,1.0,2
HZDGJOAW,"L.A. Unified tracks measles shots, reports higher vaccination levels: Los Angeles school officials have launched an… <url>",0.0,1.0,1
NOWSWB1D,Roald Dahl's daughter died from measles. Anti-vax parents risking lives of their kids &amp; others.  <url>,1.0,0.6666666666666666,2
RYBUCGGX,Religious immunity u don't got any Cuz u ain't me u ain't live the life I lived cuz if u did we all be dead<user>,0.0,0.6666666666666666,1
1X7UT25Q,Parts of Africa have more people vaccinated for measles than the U.S. does  <url> <user>,0.0,0.6666666666666666,1
GZMU2C4S,VACCINATE YOUR FUCKING KIDS,1.0,1.0,2
AYYA7SVR,"It's come to this :: White House Urges Measles Vaccinations As Number of Infected Passes 100
 <url>",1.0,0.6666666666666666,2
FPF69LET,<user> 4 cases of measles linked to the MGM in Vegas.... <user> <user>,0.0,1.0,1
TTIH3IS4,"Polio, measles, smallpox vaccines yes. Flu vaccines no.",1.0,0.6666666666666666,2
TK525OEI,Love's like the measles-all the worse when it comes late in life...,0.0,1.0,1
22DV0IH8,Unvaccinated Children Shouldn't Go to School: Poll: Most Americans feel children who have not been vaccinated… <url>,1.0,1.0,2
KQLSMSQE,Just got bit by a feral dog. Anyone know where I can get a rabies vaccine WITHOUT autism in it?,0.0,1.0,1
QEEU1BXT,<user> <user> <user>    What about all the illegal children t bet they where not vaccinated,1.0,0.6666666666666666,2
GV0MZDQJ,Vaccinate your kids so you won't have people making up ghost stories about them. RIP Inez Briggs.… <url>,1.0,1.0,2
70XNVOF0,"Measles outbreak at 149 cases in eight states, Canada and Mexico: The number of cases in the California-centered… <url>",0.0,1.0,1
JO3N1KRA,"""<user> On average, people who complain live longer  Releasing this tension increases immunity and boosts their health.""<user>",0.0,1.0,1
VGMBEA9Z,"Ok .. where do I start with this shit, first .. Vaccines don't make you autistic and autism isn't gay… <url>",1.0,1.0,2
HOBGE1MT,“<user> Innovative #vaccine action plan on Sept agenda of European health ministers <url> #immunizeEurope”,1.0,0.6666666666666666,2
3GZABLLW,<user> don't you want information from high school classmates on why vaccines are bad,-1.0,0.6666666666666666,0
WUF0CPHO,Fear free visits involve food. Mischief at baby food while we gave vaccines. #veterinarian #petcare <user> <url>,1.0,0.6666666666666666,2
17328MVS,"If I hear ""don't bring measles back with you"" again, I'm gonna lose my shit. It's called vaccinations people. #Goodness",1.0,1.0,2
2U2EL5QS,State vaccination exemptions up tenfold over 30 years: Religious and medical exemptions claimed by Bay State… <url>,0.0,1.0,1
ZI0K1SQU,"Such a great read - ""I'll take #autism over measles ..."" <url> 💙💙",1.0,0.6666666666666666,2
NVMLNM96,you know you're a 90s kid when your vaccinations were MANDATORY TO BE IN SCHOOL and no one brought home MEASLES,1.0,0.6666666666666666,2
9U39UQU7,Phoenix Fire Dept. holds free immunization clinic: Just take your child's shot records to the Deer Valley Community… <url>,1.0,1.0,2
37KU1N17,"<user> don't you call my children apes, nyt, and I'll vaccinate em when I'm good and ready.  #offended #didntreadlink",-1.0,0.6666666666666666,0
A1MYFMGN,<user> after measles shots.,1.0,0.6666666666666666,2
3UD7JY0A,I have the measles. Goodbye world. #niceknowingyouall,0.0,1.0,1
CHXVMR5H,In Africa and other countries would do anything for the immunization of there children but the cant get the vaccine  I just don't understand,1.0,0.6666666666666666,2
16ZZDW9H,<user> Majority of Americans want vaccines to be required as measles outbreak grows <url> <user> <user> <user>,1.0,1.0,2
00KJ1V4V,people who don't vaccinate their kids bc of religion piss me off. bathing was against your religion once &amp; what happened? the black plague.,1.0,1.0,2
75S2LWJX,"Drugmakers, health groups bring poor girls vaccine: TRENTON, N.J. — Two multinational drugmakers are teaming up... <url>",0.0,1.0,1
KS6S2LL6,Another Study Finds No Link Between MMR Vaccine and Autism <url>,1.0,1.0,2
SQEGTKTB,<user> you forgot measles!,0.0,1.0,1
78LXEC3U,"MMR N da building 4 ""A Band Name Ex"" first video shoot! (@ Catwalk Studioz) <url>",0.0,1.0,1
J1I18N8M,"“<user> MMR Vaccine
Courts quietly confirm MMR Vaccine causes Autism <url> <url> proof!",-1.0,1.0,0
23LM5CZR,Governor signs mandatory vaccine bill: Gov. Jerry Brown has approved mandatory vaccines for most children in… <url>,0.0,0.6666666666666666,1
OX8Y2VCH,“<user> 92% of doctors blame measles outbreak on parents who don't vaccinate <url> stupid fucks,1.0,1.0,2
AIH03G9B,STIs and risky behaviors don't increase after HPV Vaccination. AKA- no reason to not vaccinate! Check the article! <url>,1.0,0.6666666666666666,2
6GV1DSNP,Pray for <user> and <user> ! They got the measles! Hope they get better soon! #prayforsammyandmoe,0.0,1.0,1
3VVX6EP2,Measles is the 4th most common cause of death in kids under 5yr worldwide #ACEP14 #vaccinate!,1.0,1.0,2
C4H342T3,Ghost gets vaccinated and tested for heart worms on Monday 🐶❤️ yall say a little prayer that he has a clean bill of health!!!,1.0,0.6666666666666666,2
RTNT42MT,<user> play he.  Mmr,0.0,1.0,1
J86I8U4D,"Immunization Information System (IIS) Epidemiologist - Wisconsin Department of Health Services -  Madison, WI: T... <url>",0.0,1.0,1
BKTYN2XZ,"Measles Vaccine Administered to ECC Students, Staff: The Kane County Health Department began administering… <url>",0.0,1.0,1
0DBRSHXP,City Offers Vaccine As Number Of Meningitis Cases Grows: The Chicago health department now says a meningitis… <url>,1.0,0.6666666666666666,2
LSW9QKJA,"""<user> <user> CEO says #measles outbreak not hurting attendance <url> <url>",0.0,1.0,1
GX3ZW1EG,OPINION: Editorial: Vaccination remains best defense vs. measles virus <url> #ColumbusIN,1.0,0.6666666666666666,2
ROPZII5T,"<user> <user> ""Mayo Clinic knocked widespread blood cancer into remission with a blast of measles vaccine <url>",0.0,0.6666666666666666,1
3MC0MQ20,Did you Page Me...? #mmr #mixmasterrod #madhatterdc #photoshop #pager #beeper #motorola #dopeman… <url>,0.0,1.0,1
0P517VT8,HB0113 [NEW] Governmental immunity-waiver for health care  facilities. <url>,0.0,0.6666666666666666,1
YMB1CAY6,"AM-News : Why did some experimental HIV vaccines increase risk of infection?: In 1983, Margaret Heckler, then the… <url>",0.0,0.6666666666666666,1
4VU7LZRU,"Doctors, Teachers Urge Parents To Get Their Kids Vaccinated: As schools are opening and parents are checking items… <url>",1.0,1.0,2
PELFFNN6,<user> hell yeah. Do you think she thinks the baby has an immunity or something?,0.0,0.6666666666666666,1
Q021WBLX,<user> <user> there are no legitimate studies showing any vaccine/autism link. Anecdotes &amp; small prelim studies don't count.,1.0,1.0,2
HZDS07CY,aNOTHER trip to california cancelled. 😒 this time because im not immune to measles,0.0,1.0,1
EBB3G5DS,Chikungunya Vaccine Shows Promise - NIH Research Matters - National Institutes of Health (NIH) <url>,0.0,1.0,1
WXJWWEXU,“<user> Unvaccinated Person Exposes Thousands of Commuters to Measles <url> <url> dang,1.0,0.6666666666666666,2
6RG3NJ2V,Disneyland's measles just made the news here in NC.,0.0,1.0,1
MZJGTSFZ,Did you know that in other countries they use smaller doses (of MMR) than the US and the vaccines are given to children older than 24 months,0.0,1.0,1
4R0UCZKO,it's 2015 and our president has to tell  parents to vaccinate their children - pro life! Let these dumbasses reproduce!!,1.0,1.0,2
P4ZJYLKJ,WHO: 1000s of Ebola vaccine doses in coming months: The World Health Organization says there should be thousands of… <url>,0.0,0.6666666666666666,1
UE6CQAXL,Amazing all the Republican pro choice  measles vaccine supporters...next up your choice 2 use car seats. #MeaslesOutbreak <user>,1.0,0.6666666666666666,2
JYWBKNPD,<user> Thanks for sharing. I remember getting vaccines as a child and perhaps maybe that's why I'm fighting Lupus. Interesting.,-1.0,0.6666666666666666,0
2RYG8GTY,"AP Disney gave input on measles health messages: As the measles outbreak spread last month, Disneyland executives… <url>",0.0,1.0,1
GHVOD8HD,listening to jaw dropping report on wbez rn about how unprepared chicago schools are for measles outbreak,0.0,0.6666666666666666,1
WX1ZXS3X,The only scary statistic about vaccination out there is how many people believe the garbage that it causes autism #VaccinateYourKids,1.0,1.0,2
CVDXY8AJ,I just became the mayor of Mmr Station 24 on <user> <url>,0.0,1.0,1
ZKURTNG4,“<user> I rarely see arguments about over vaccination.” Which is actually a big deal,0.0,0.6666666666666666,1
JS5KVA4G,"Area hospital erects tent to isolate, screen possible measles patient: A hospital in Port Angeles has erected a… <url>",0.0,1.0,1
VS1DRSYT,Alleged victim reviewing immunity paperwork so she can resume testimony w/o fear of blackmail prosecution.,0.0,1.0,1
4PANPBEQ,"“On average, people who complain live longer. Releasing this tension increases immunity and boosts their health.” FUCK YOU <user>",0.0,1.0,1
4V9ESLN8,"State confiscates newborn over vaccinations <url> is very scary, please read & educate urselfs to be prepared!",0.0,0.6666666666666666,1
WIZDYTJO,#theview I agree with whoopie if you make the choice not to get vaccinated.  Then they should be put in a separate school.,1.0,1.0,2
XY8VQKWN,My arm is killing meeeeeee.. Stupid typhoid vaccine,1.0,0.6666666666666666,2
X9LN82EY,Which states are the best (and worst) at vaccinating their kids <url> via <user> <url>,1.0,0.6666666666666666,2
5CLKJR99,"Kane is all itchy! Praying it's not measles or chicken pox... (@ Concentra Urgent Care in Alexandria, VA) <url>",0.0,1.0,1
8R270V6J,Got 2 needles for school immunizations! Ouch!!!!!,1.0,0.6666666666666666,2
W2YPKKRY,“<user> <user> do you know anyone who has Ebola or the Measles?” 😂,0.0,1.0,1
WHR9EROT,SWOG breast cancer committee now committed to develop a HER2 cancer vaccine trial for high risk HER2+ primary breast cancer.  #swogonc,1.0,0.6666666666666666,2
AANPKP2Q,CDC: Flu strain is dangerous this year — and vaccine may be a dud: Federal health officials are warning that a… <url>,0.0,0.6666666666666666,1
PVHX3E4I,"McKinney offers free immunizations for uninsured children: No appointment is necessary, but bring a copy of the... <url>",1.0,0.6666666666666666,2
BVYP7VKA,"<user> <user> on <user> Terrific, lively measles discussion. Now get some sleep!",0.0,1.0,1
TDUG0SAO,"“<user> On average, people who complain live longer -- Releasing this tension increases immunity and boosts their health.” 😜",0.0,1.0,1
X8S30I6F,A doctor finally discovered I had gotten #GuillamBared which is a virus found in #vaccines. #truth #life #awareness #vaccines,-1.0,1.0,0
DN9HAMH4,The CDC would release their statement on the ineffectiveness of this years flu vaccine the day after I got mine. #Really?!? #notcool,1.0,0.6666666666666666,2
LRU41ATU,<user>  I can't remember? Did you think ur sons autism was caused by vaccinations? Or was it present b4? So happy to see him thriving!,0.0,0.6666666666666666,1
1ZXRGZRU,Over 50 children died due to tainted vaccine!!!!,-1.0,0.6666666666666666,0
JW5RYGWQ,"""<user> Where measles cases have been reported and how the current outbreak compares to... <url> <url>",0.0,0.6666666666666666,1
N228NGVS,Theire I read about diseases in #syria  the more I hope #Assad nightmare end soon ..#Polio #TB #Measles #Lieshmanisis &amp; many more,0.0,1.0,1
1CN4D9G5,Is the #measles out break really from the anti-Vax community or from the vaccine itself. <user>  <url>,-1.0,0.6666666666666666,0
5XJRL17K,"<user> a lot of antivaxxers in response say ""it's a calculated risk"" as in, they prefer measles over vaccine ""injury""",1.0,1.0,2
OM26E6DG,"Pakistan partly suspends polio vaccination program after terrorists kill health workers
<url>",0.0,1.0,1
T4VPKAV4,"HB822 [NEW] In casualty insurance, providing for health insurance coverage for immunizations administered at a ph... <url>",0.0,0.6666666666666666,1
96WFA4FX,Pls RT <user> Vaccine scares have real costs says <user> <url> <url>,1.0,0.6666666666666666,2
4WHBVH8E,"<user> Where did I say they don't work? I said natural immunity is better, and vaccines don't keep you from getting the disease.",-1.0,1.0,0
GBHYKFTG,Worker at Emeril's MGM diagnosed with measles: An adult who worked at Emeril’s New Orleans Fish House at the MGM… <url>,0.0,1.0,1
YM66O6KW,"Lmao!! RT <user> RT <user> [Ellen comes back on stage] ""Thanks, Jim. Now vaccinate your kids, you ignorant whack-job.""",1.0,0.6666666666666666,2
1GCFIIGL,"Love vaccines, kinda hate vaccine days. Some babies sleep afterward. Mine does...not. Wow do I need a drink that I can't have.",1.0,1.0,2
OGAUZ7VI,"“<user> Disneyland to celebrate 60th anniversary with new parade and upgraded fireworks show.""- Will include all new measles float!",0.0,1.0,1
T9390V8C,<user> Streptococcus Pyogenes cause that.  Mercury cause that.  SARS vaccine cause that.,-1.0,1.0,0
W61FSP1G,: Several restaurants and stores in Ventura County had a recent exposure to someone with measles: GOOD LAUREN AT FIVE PM OR SHE'D BE THERE,0.0,1.0,1
VARWML6Y,Measles Outbreak: To Vaccinate Or Not Vaccinate <url>,-1.0,0.3333333333333333,0
L08WZI3N,This #BART ride is giving me a strange craving for Budweiser. Is that a symptom of #measles?,0.0,1.0,1
9ANI1IJD,"<user> <user> she just adopted a baby full bred German shepherd because owners didn't vaccinate, he got parvo so they said...",0.0,1.0,1
MBMXNY41,"Mississippi, West Virginia toughest on school immunizations: Mississippi and West Virginia are known for their… <url>",0.0,1.0,1
0I4OZ19J,"ACIP Updates Guidelines for Preventing Measles, Mumps, and Rubella. <url>",0.0,0.6666666666666666,1
AL8LTCGB,"UC to mandate vaccines for incoming students by 2017: The University of California, citing a widespread measles… <url>",0.0,0.6666666666666666,1
G0R64CWV,"Coming home from ""vacation"" with somewhere around 63 bug bites. I look like I have measles or chicken pox
 Or something like that.",0.0,1.0,1
4E5N4V80,"<user> RT <user> Two confirmed cases of measles in the Denver area. C’mon, folks. <url>",0.0,0.6666666666666666,1
OIWO9EPV,Everyone is leaving the movie some fucking parent brought their un vaccinated kid with measles into the theatre,1.0,0.6666666666666666,2
AON17ATX,"<user> Here my new ringtone.  Pass it on....

Vaccinate Your Kids - Mitch Benn: <url>",1.0,1.0,2
T5GTU67K,"<user> <user> Ay Lilly, please!!!!! Te pareces a los políticos de nuestro País, #MMR",0.0,1.0,1
WD0L3KLZ,“<user> Ohio measles outbreak is biggest in U.S. since 1996 <url>,0.0,1.0,1
MWZHE56Q,"Vaccinations should be mandatory. If not just for the safety of your kid, definitely for the safety of others!",1.0,1.0,2
SFDIUBMX,Do you know the truth about the connection between vaccines and autism? Hint: Science knows. (via <user> <url>,-1.0,0.6666666666666666,0
HS8Z51CS,.<user> <user> so a bunch of NYC parents are hoping like hell other parents vaccinate their kids? We heart herd immunity.,1.0,1.0,2
1GJ8U82I,"<user> en lo q aprende español, le voy preparando el ambiente, #MMR",0.0,1.0,1
E8281L2H,Health officials stress getting flu vaccine before peak season: Flu cases spike between November and January.As... <url>,0.0,0.6666666666666666,1
GQGCTNIJ,"<user> <user> <user> <user>  He would be pro immigration, but wouldn't expect us to let in measles, whooping cough, etc.",0.0,0.6666666666666666,1
0H6VHMVR,RT <user> The anti-vaccine movement is wrong to dismiss the dangers of measles: <url> <url>,1.0,0.6666666666666666,2
W65WDYUF,"On <user> ."" I didn't have time to vaccinate my kids, was working too much."" talking about priorities 😒#VaccinateYourKids God SAVE the USA",1.0,0.6666666666666666,2
KZNC5EAU,“<user> Father of Boy With Leukemia Asks California School Officials to Bar Unvaccinated Students <url> #vaccineswork,1.0,0.6666666666666666,2
QISV5KF5,<user> 4th annual Health &amp; Wellness event #palmspringsunitedmethodist #immunizations #backtoschool <url>,0.0,0.6666666666666666,1
9V3O06IA,"<user> it is uncomfortable, but I bet the diseases it prevents are a whole lot worse! #vaccineswork",1.0,1.0,2
NZPBGADS,I think it's absolutely absurd people won't vaccinate their kids 😂,1.0,1.0,2
694MZ1UI,SB5 [Engross] Schools; providing immunity from liability for education employees for use of reasonable force. Eff... <url>,0.0,0.6666666666666666,1
NVCCZG1T,<user> <user> <user> <user> <user> I survived #measles &amp; now have a lifetime of natural immunity,0.0,1.0,1
AOB1AISS,“<user> There are no vaccines for Lyme diseases. The only way to protect yourself is to not get bitten: <url>,0.0,0.6666666666666666,1
4QXWTMF3,"These kids belong to a Dr. Friend, he makes sure they only get single dose VACCINE with no preservative <url>",1.0,1.0,2
58G8VI7V,Measles case confirmed at Plano ISD school <url>,0.0,1.0,1
4BE7GMJL,"Having the doctor right an informal note. ""your son doesn't have diabetes, measles, arthritis, or cancer..  thank u for wasting my time.""",0.0,1.0,1
9Q8FLT9Y,“<user> The CDC reports that every person who gets the measles can spread it to 18 other people.”  Nice! 😒,0.0,1.0,1
T2D1C0RE,<user> my uncle became paralyzed neck down from a routine flu vaccine. It took 15 months to regain partial use of his legs,-1.0,0.6666666666666666,0
S1I4S97F,"“<user> ""I’m tired of seeing children die of things that can be prevented"" - us too! <url> <user> #vaccineswork” 👏👏👏",1.0,0.6666666666666666,2
AHOELT0X,LAIV preference for kids 2-8years NOT renewed in 2015-16 season due to poor effectiveness in last 2 seasons. #fightflu #vaccines #Iamtheherd,0.0,0.6666666666666666,1
RLHGSNV9,"If you don't vaccinate your children, you're an idiot.",1.0,1.0,2
Z1NS0KXO,"Measles? Psssh, that shit is played. I'm on that Rubella tip",0.0,1.0,1
3HT6ALUI,ALERT -- Health Officials Warn Of Seattle Airport Measles Exposure... <url>,0.0,1.0,1
WOFNVVVK,Why have a animal if you don't give them heart gaurd and flea and tick every month? You wouldn't have a kid and not vaccinate them right?,1.0,1.0,2
YZW0AQ5K,"Vaccinations are harmful to children, the world is only 6,000 years old and dinosaurs never existed.",1.0,0.6666666666666666,2
3SQM0TTI,#AloeVera prevents growth of #disease causing microorganisms: <url> #health #vitality #immunity #antibacterial #feelinggood,0.0,1.0,1
DVU562S3,Important podcast with Dr. Manoj Jain on measles outbreak in Memphis: <url>,1.0,0.6666666666666666,2
K3RD8BYU,<user> vaccine damage not the same as autism. But I leave you to your confusion.,-1.0,1.0,0
BKLK5GWT,<user> <user> #mmr,0.0,1.0,1
6ICNWCYT,I have a 32 yo autistic child. I'd look at GMO food and water and nuclear waste before I'd look at vaccines #vaccinedebate,1.0,0.6666666666666666,2
IOBAD6DQ,"LA Co health dept will update us on measles outbreak later this morning, 93 cases in CA, possible vaccine legislation <url>",0.0,0.6666666666666666,1
G12PPS43,Feeling crappy with freezing rain and zombie measles and/or Ebola outside... Netflix weekend option? Yes. Margot Robbie/The Dutchess. Yesss,0.0,1.0,1
4BCCSCNP,14 babies return to #SantaMonica HS daycare center that closed because of #measles <url>,0.0,0.6666666666666666,1
BMHVDG1Q,"“<user> John Boehner: ""All children ought to be vaccinated"" <url> <url>  For once we agree",1.0,1.0,2
S6TYU2GI,Lek sudeh bal. Aku tiap kali mmr nak drop ke 2000 mesti dapat team pro. Takpernah lagi turun lebih tu. Hahahahaha,0.0,1.0,1
HV1SNWJ3,“<user> What travelers need to know about measles <url>,0.0,0.6666666666666666,1
L1C1MJEJ,"“<user> On average, people who complain live longer. Releasing this tension increases immunity and boosts health.” I'll live forever then.",0.0,0.6666666666666666,1
S1AR9YOS,"Why does NYS require children to be immunized? Come to Cinemapolis on Sept 17th @ 7pm to view ""Invisible Threat"" and stay for Q&amp;A afterward.",0.0,0.6666666666666666,1
N9S8CAAG,AM-News : HIV vaccine trial in South Africa clears 'important step': An experimental HIV vaccine is safe to use in… <url>,1.0,0.6666666666666666,2
GWX5KM0W,"Alright, have to leave for #work.  But I have <user> recording for that #Disney #MeaslesOutbreak story.  Watch for me. #measles",0.0,1.0,1
QYPOT6PW,"Vaccinate your kids, people. Seriously. Don't let your mental sickness give your kids something more life threatening.",1.0,0.6666666666666666,2
G18L6LCC,Vaccinate yr god damn kids,1.0,1.0,2
3CZUF3I9,: Fabulous. We did due diligence and immunized our kids. Yet we ended up with pertussis. Thomas is miserable and we all have to take pills.,1.0,0.6666666666666666,2
3LK0T9X6,An EBOLA vaccine would be a great thing for those at risk! #TheDoctors,1.0,1.0,2
YTYRMJGG,CDC warns of 'large outbreak' of measles <url>,1.0,0.6666666666666666,2
Z7J9NR2H,Hating is a disease so they need to get a vaccine to cure it,0.0,1.0,1
9ZVIW29L,"Flu shot not as effective against this year's strain, CDC warns: Health officials are warning that the flu vaccine… <url>",0.0,0.6666666666666666,1
YCTVGF5E,"<user> <user> <user> Called meningitis called HIB vaccine. Measles,mumps,chicken pox,tetanus ,whooping cough,list goes",0.0,0.6666666666666666,1
S00WSIPY,MMR,0.0,1.0,1
E5R4PYYL,"Indiana, CDC push for more infant vaccinations: State and national health officials are pushing for parents to... <url>",1.0,0.6666666666666666,2
YY53D8IW,"Sht. I need vaccinations/immunization/or whatever they call it. I can't go to school 'til I get my shots. Huehue, wag nlng mag-aral!!! 😒",1.0,1.0,2
K40K8UIP,"<user> myson developed regressive autism after his vaccines,guess theydidn't workout so great for him,wish he'dgotten Measles instead",-1.0,1.0,0
TUACHG68,"getting kiddos vaccinated (@ El Paso animal Clinic in Derby, KS) <url>",1.0,1.0,2
9JMTKLAS,"""<user> Vaccines Protect the Youngest Babies. flu vaccine for pregnant women, and rotavirus vaccine for infants. <url>",1.0,1.0,2
NW583ISC,"I hate post immunization for my baby.. Every time she sleeps and cries, I feel like she's dreaming of the injection 💉 😢",0.0,0.6666666666666666,1
JO184GS3,"?
What about the people that were homeschooled and didn't do vaccinations ? When those kids grow up&amp;they going into work place not immunized",0.0,0.6666666666666666,1
KVUREQ2C,The history of measles: A scourge for centuries <url>,0.0,1.0,1
2SOKMIKX,Measles Cases Linked To Disney Theme Parks In California <url>,0.0,1.0,1
594YU842,<user> I choose not to vaccinate my kids and my klonopin &amp; ambien make me feel good about it.,-1.0,0.6666666666666666,0
YYBC8DXV,Worried about measles at Disney? Blame low vaccination rates: A Boston Children's Hospital researcher has… <url>,0.0,0.6666666666666666,1
LAKD5BAW,"<user> I believe that without a doubt, vaccines before age five is related to autism.",-1.0,1.0,0
FK7MIRG2,"If the risk of taking the vaccine is greater than the risk of enduring the disease, 1 has the right to refuse the vaccine #CDCwhistleblower",-1.0,1.0,0
1AAAEJXY,#MMR 💥,0.0,1.0,1
QFOXEK2U,<user> <user> <user> what's MMR?,0.0,1.0,1
K6P2MJND,I look like i have measles,0.0,1.0,1
LAP1CN3G,"<user>
I got flu shot too.  But what about t-dap?  Anyone planning to be around babies should get both these immunizations.",1.0,1.0,2
9YTZK5FI,"“<user> On average, people who complain live longer -- Releasing this tension increases immunity and boosts their health.” Hell yah 🙌",0.0,1.0,1
D1DSCUZU,Why was there a six-day delay in letting Plano ISD parents know about the measles case? <url>,0.0,0.6666666666666666,1
BUYB7ILR,Whooping cough vaccine safe for pregnant women - study: A new study found that the whooping cough vaccine does not… <url>,0.0,0.6666666666666666,1
17OIOO5G,Measles and the anti-vaccine 'debate' <url> nice piece from <user>,1.0,0.6666666666666666,2
FI7W7GQC,More cases of measles in January than in the last 20 years (<user> #Vaccinate,0.0,1.0,1
WH9RD8XS,WO2012177970A1 Hpv Vaccine Formulations Comprising Aluminum Adjuvant And Methods Of Producing ... #A61K #A61K39 <url>,-1.0,0.6666666666666666,0
DSL487R3,Children should not be getting the measles when there is an effective vaccine to prevent the contraction &amp; spreading of the disease. Idiots,1.0,1.0,2
H6IN7UTY,"AIDS N : HIV, AIDS Cure &amp; Treatment: New Findings on Vaccine Response Out : Latinos Health News ... <url>",0.0,1.0,1
85QB319U,<user> go catch measles then I literally want nothing to do with an anti vaxxer. All it does is get innocent children hurt. Grow up.,1.0,1.0,2
5HTOE6GV,Wait. So there's a measles outbreak in the country now? I'm sure those fucks not vaccinating their kids have got nothing to do with it.,1.0,0.6666666666666666,2
9UARS853,104 cases of Measles... These idiots need to vaccinate their kids. Really?!?!?!,1.0,1.0,2
VMIQKWLH,WOW!! #incredible “<user> Measles virus used to treat bone marrow cancer <url>,0.0,0.6666666666666666,1
11ESBWD1,<user> #GOP STOP blaming #Immigrants first #Ebola now #measles Which diseases?brought their ancestors? #AINF <url>,1.0,0.6666666666666666,2
64SFNMMN,PREVENT #CervicalCancer! Get your kids #vaccinated to #HPV!!,1.0,1.0,2
PDYJ19CL,Texas Republican Calls For Limiting Vaccine Exemptions: A Texas Republican is taking aim at a provision in state… <url>,1.0,0.6666666666666666,2
IGZU73W1,<user> Measles parties sound like an outgrowth of thinking chickenpox parties are good idea by people ignorant of disease severity,0.0,1.0,1
MQFJS04K,<user> make sure everybody gets vaccinated and checked up when I have money to spread awareness of disease and cancer #EnsuranceSave30,1.0,1.0,2
WLMDWNJW,<user> <user> Better prevention: study rate of Alzheimer's in those given  mercury and aluminum laden annual flu vaccines for elderly.,-1.0,0.6666666666666666,0
LYW13M4I,It's not too late to get your flu vaccine. #health (at <user> &amp; Homecare) <url> <url>,1.0,1.0,2
23F4RGWO,<user> The 3 studies show that the risk of GBS is much higher with true influenza than after a vaccine.,1.0,1.0,2
GLLHQ3D2,"Vaccine: Know Your Rights and Risks

Thirty, forty vaccinations before elementary school ends. If true, #notGood 🖖🏻 <url>",-1.0,0.6666666666666666,0
MMZYH171,"Honestly, I wouldn't vaccinate my children either. That's what I pay the doctors for. #reasonstonotvaccinate",-1.0,1.0,0
UARXNKNI,Let's take it back to my second year with the MMR🎶. Beautiful picture isn't it? Saturday night… <url>,0.0,1.0,1
DVL2K8DT,<user> I'm not really talking about flu shots. That's not 100% preventable. I'm talking about diseases like the measles.,0.0,0.6666666666666666,1
05ZM0O8V,"<user> <user> <user> We pulled out Iraq, for no immunity, yet 1000 Americans are there now. What lies Admin. Tells.",0.0,1.0,1
VAE3N78A,"Jim Carrey Calls Gov. Brown A ‘Fascist’ For Signing Mandatory School Vaccination Bill: The actor, who believes… <url>",0.0,0.6666666666666666,1
MD4FNV57,“<user> Vaccinate your damn kids.” PREACH.🙌,1.0,0.6666666666666666,2
ZU44VLI2,"<user> thx for your perspective. if a kid is vaccinated, are they at risk?",0.0,0.6666666666666666,1
IJROXEMV,This measles outbreak breaks my heart.   Why!?!? #VaccinateYourKids,1.0,0.6666666666666666,2
S0EH5YAT,"Dixie and Junction - rollover crash moments ago, info via Saginaw County 911. MSP and MMR responding.",0.0,1.0,1
K0ZPLT5J,"#ZombieLie!
Majority of Americans get vaccines for kids; overseas travel. Business offer free vaccines 2 workers. <user> <user> #UniteBIue",1.0,0.6666666666666666,2
HPEMU06W,"""<user> CDC: Highest number of U.S. measles cases in first five months of a year since 1994. <url>  #vaccineswork",0.0,0.6666666666666666,1
N2QDS0QD,3 New Measles Cases Reported In Suburban Chicago <url>,1.0,0.6666666666666666,2
PFXK2EJ0,"<user> <user> <user> When I contracted measles at 5, had a fever of 105+, my parents had to use ice water to stop it",0.0,1.0,1
KZ61UZ16,~600 cases of measles this yr (highest rate in 20 yes). Measles spread thru air + extremely contagious ... But y'all worried about Ebola.,0.0,0.6666666666666666,1
0JW3DCYW,"Jesus power! RT “<user> <user> My kids &amp;I never get vaccines,&amp;we rarely get sick, treat naturally with teas,plants&amp;oils!”",0.0,0.6666666666666666,1
PKH5INX4,<user> a disease with a 60% mortality rate with no treatments or vaccine that isn't in the US yet...until now. It's destroying Africa,-1.0,0.3333333333333333,0
Q9CD9AP0,"<user> don't forget Jackie BamBam, he's live on MMR. Lol",0.0,1.0,1
MP3YRCVU,Many On-Campus Residents Lack Measles Vaccination Records: More than a third of Illinois’ colleges and universities… <url>,0.0,1.0,1
GEO7CTMG,Map: 113 countries have higher measles immunization rates than the U.S. for 1-year-olds <url> #msnbc #reiders,0.0,0.6666666666666666,1
YGRDQ4LJ,earlier w/ therealsqueeze &amp; <user> #MilitantMinded #RRR #MMR #SRT10MG Yo rrr_dbd what up We Here !!!… <url>,0.0,1.0,1
3Y5YOWLW,sooo the CDC claims the Ebola vaccine only works on white ppl. #ByeFelicia,0.0,1.0,1
0ZDX7UQY,Like I've never be vaccinated before in my life now all a sudden I gotta get a shot to do the school.... What the fuckkkkk,-1.0,0.6666666666666666,0
APEI238N,Immunizations for school 😥👎💉,0.0,0.6666666666666666,1
Z3OLV8UI,<user> both sides are stupid and both are at fault and vaccines give you autism,-1.0,0.6666666666666666,0
G91YJT6J,Children's Museum of Houston to Offer Free Vaccinations <url>,1.0,0.6666666666666666,2
9R74BGC1,This ... <url> ... is measles .. a vaccine preventable disease ... it's no joke ... it has serious complications #vaccinate,1.0,1.0,2
SWVG5N1L,MRC - Fayette Co. Health Dept. Rabies Vaccination Clinic. (@ Fire Station #1: The Big House/ Headquarters) <url>,0.0,1.0,1
IUKZMHPR,Mexico doesn't have a measles problem. This measles BS is 100% the fault of idiot anti-vaxxers. <user> <user>,1.0,1.0,2
N1LRLCSD,"If vaccines are so dangerous, why are all of the pediatricians on here pro-vax? Where are all of the alleged vaccine injury finders #CDCvax",1.0,1.0,2
E46UGC0Z,Where is the study comparing the health of vaccinated children vs non-vaccinated children?,0.0,1.0,1
E3H85V5U,"Measles is deadly but can also leave children blind, deaf, and brain damaged #vaccineswork",1.0,1.0,2
J5HDYFFV,"Meningitis Vaccine Required For 6th, 12th Graders Returning To School: Pens, pencils, new clothes and a newly… <url>",0.0,1.0,1
NVQ8ZO8L,When did vaccinations for school children stop becoming mandatory?!? WHY WOULD YOU DO THAT?!? vaccinate your kids!!! Seriously!!,1.0,1.0,2
QQ6QOWV7,With the current outbreak of diseases like #measles and #whoopingcough do you <user> think it's prudent to cut the immunization budget?,1.0,0.6666666666666666,2
Z0NKAV0M,1 book = 5 measles vaccines and lives saved! Ask us how at #SHRMSTRAT in San Diego where #jackcage presents today @ 330,1.0,1.0,2
UX5N1YFB,"“<user> In the U.S., the latest measles outbreak is spreading beyond Disneyland. <url> #vaccinate.",0.0,0.6666666666666666,1
3AE4YAAP,L.I. Mother Says Vaccine Controversy May Keep Daughter Out Of School: The mother of an 8-year-old Sound Beach girl… <url>,0.0,0.6666666666666666,1
DH1H8BTZ,“<user> Should the measles vaccine be mandatory? <url> Absolutely! I shouldn't suffer for someones bad decisions.,1.0,1.0,2
C2TLBVWS,I realized not only did these beast vaccinate me as a kid but also when I went to GSU I didn't have my papers and they did it 2x! Smh,-1.0,0.6666666666666666,0
NWN2ZRFJ,<user> <user> <user> <user> thus far we already DO have laws requiring any kid going to public school to be vaccinated.,1.0,0.6666666666666666,2
AQZHLJW6,"Marin Co. Health Officer: Two children with #measles ""not in contact with any children at their school"" during possible transmission time.",0.0,0.6666666666666666,1
D5OEOT8O,"No measles cases found in Iowa although cases found in 14 other states. 84 total, 56 in Disneyland resorts. <url>",0.0,1.0,1
URXAZPHP,The silver lining to all these measles cases? Awareness. #vaccineswork <url>,1.0,1.0,2
WPTF4LSL,"The person who is one of the biggest advocate for not vaccinating kids says she has a degree from ""the university of Google."" mmmkay.",1.0,1.0,2
K5PLSPP0,<user> <user> I say we do misting fly over neighborhoods&amp; mist vaccinations while kids are outside ie playground &amp;bus stops .,0.0,0.6666666666666666,1
9VVMM1A2,Measles outbreak at dland and they still have a good enough attendance to raise their ticket prices hahah oh my,0.0,1.0,1
FY5SHWZ7,"No autism/vaccine link, study finds: New study finds no link between autism and MMR vaccination, even in high-risk… <url>",-1.0,0.3333333333333333,0
KURCKB2P,"Jim: ""The most worthy opponent of you, is you."" 
Dwight: ""That is correct. Unless there happens to be measles present."" #theoffice #micro",0.0,0.6666666666666666,1
5VPCNSY1,<user> #ruinarealityshow America's Got Measles (for the anti-vaccine set),1.0,1.0,2
9E2SFMFL,Health science center provides vaccines to students in need: Students must be up to date on their immunizations... <url>,1.0,0.6666666666666666,2
HVVYSTHV,Panthers got the measles and they miss the playoffs...don't get the measles and miss the playoffs. #duckslifelessons,0.0,1.0,1
NSDGVDN7,<user> maybe she woke up with measles,0.0,1.0,1
459RL2NS,What vaccination exemptions does your state allow?: All 50 states have laws requiring certain vaccines for… <url>,1.0,0.6666666666666666,2
X8HR64VU,"“It spreads rapidly:” Measles outbreak creeps closer to Wisconsin, here’s how to prevent it: It’s a list where no… <url>",0.0,1.0,1
DV2564QV,<user> The EPA knows and the 4ppm fluoride killed over 4 million babies last yr with the toxic mix of fluoride and vaccines! Whistleblow,-1.0,1.0,0
MGSNOZUI,Lol got an email from school about measles,0.0,1.0,1
1RQYE1K9,"""<user> <user> Shiiit I got my shot.""the stupid ignorant disease is spreading get vaccinated",1.0,0.6666666666666666,2
1MDPXF3Y,"""<user> Annual checkups, screenings, &amp; vaccines are now free—when you Buy your health insurance by Dec. 23rd: <url>",1.0,0.6666666666666666,2
WUSGR4U5,2nite the only thing #Shaking #Pouyas #MMR 💥💥💥💥💥💥 #MovieTime still wanna celebrate ya Bday for free...… <url>,0.0,1.0,1
Q5UYM4QL,#immediatecare #qualityoflife #strawberries boost immunity 🍓 promote eye health 🍓 cancer prevention… <url>,0.0,1.0,1
89P2DKCA,Arizona monitoring hundreds for measles linked to Disneyland <url>,0.0,1.0,1
0P9VL3LK,finna hit charlotte &amp; turn up @ CIAA #RRR #MMR #SRT10MG  #TourLife @ SpringHill Suites <url>,0.0,1.0,1
MPRONSGV,Chale! Disneyland is like $100 a person with a case of measles! #NoThanks,0.0,1.0,1
4NQA1L0M,"""You know you're a 90s kid when your vaccinations were mandatory and no one in your class got measles""",1.0,0.6666666666666666,2
DX6K22M5,<user> #GOP STOP blaming #Immigrants first #Ebola now #measles Which diseases?brought their ancestors? #AINF <url>,0.0,0.6666666666666666,1
QSB8FH4B,<user> I will never understand why parents don't get kids vaccinated. ..,1.0,1.0,2
KQJ9VHZV,My Mr. Right [ MMR ] ☺,0.0,1.0,1
KA4M1PUT,Who takes unvaccinated kids to crowded theme parks and why this debate in the first place #VaccinateYourKids #CommonSense #SmartParents,1.0,1.0,2
DPQDD3FZ,Via <user> Australia To Stop Payments To Families Who Refuse Child Vaccinations <url>,0.0,0.6666666666666666,1
KQGUOO5P,Oh great. A report of measles in CO. #stayinginside,0.0,1.0,1
GBIS0K4A,"This measles outbreak complete madness !! It is 2015, people!! Get with it and get your kids #vaccinations",1.0,1.0,2
W59RYJHK,"I want to hug my bio professor. She goes ""don't ever pull some jenny McCarthy shit and tell me vaccines cause autism""",1.0,0.6666666666666666,2
G35E874N,Not surprised: <user> Measles vaccination rates in parts of Africa surpass those in North America <url>,1.0,0.6666666666666666,2
OBGK6RJN,The risk is apparently higher up here #MMR #gravel @ Crystal Spring <url>,0.0,1.0,1
2IBRYWBQ,"Drs. Paul and Carson, why do all these crazy people think you should vaccinate their kids? #NewGOPDebateQuestions",-1.0,0.6666666666666666,0
NRG3N4H1,Mass Flu Vaccination Exercise 💉      #thisispublichealth @ Washoe County Health Department <url>,1.0,1.0,2
N42M6I3J,"<user> I was asking you because I don't know, I've never gotten a flu vaccine and doubt I ever will now, is our government killing us??",-1.0,0.6666666666666666,0
C3J9Q6BB,Chicago-area measles cases put spotlight on day care centers <url>,0.0,1.0,1
MTP4MWW6,"<user> I always thought it was measles, mumps, and rubella.",0.0,1.0,1
ADLXCXVL,Saying Global Warming doesn't exist because you're cold is like not getting your kids vaccinated because it causes Autism… Oh wait…,1.0,0.6666666666666666,2
YT258AFU,<user> Can u follow me or tweet mmr back u ccan make my day,0.0,1.0,1
EA0QUZGL,Measles outbreak in central Ohio might be ending: Health officials are cautiously optimistic that the measles... <url>,0.0,1.0,1
6X1OVNOO,"“Measles is so contagious that if 1 person has it, 90% of the people close to that person who are not…” <url> #superbowl",0.0,1.0,1
NA7XPL13,Like can you imagine being 1 of those 100 children coming home from a great time @ Disney only to get the measles. LIKE DUDE. WTF,0.0,1.0,1
HM920I8B,"""<user> Should parents be allowed to choose whether to vaccinate their kids? No choice did you have one no you didn't and you fine!",1.0,0.6666666666666666,2
JJCMATN7,Measles vaccination clinics announced in Palatine: Health officials have set up two vaccination clinics for people… <url>,1.0,0.6666666666666666,2
9M84B32F,<user> Everyone that thinks vaccines give their kid autism should spend 30 minutes with a parent whose child died from whooping cough.,-1.0,0.3333333333333333,0
B0LY4QSW,"Over their lifetime, your #pets will be exposed to deadly infectious diseases. Prevent infection through vaccination! #pethealth #petcare",1.0,0.6666666666666666,2
9TAGL2LV,"""<user> On average, people who complain live longer-Releasing this tension increases immunity and boosts their health"" <user>",0.0,1.0,1
6EVJNH4L,<user> I hope it's not measles,0.0,1.0,1
6NOGQZ5Q,Listening to <user> ambassador of United Republic of Tanzania to US at <user> summit-It is a right for children to be vaccinated.,1.0,0.6666666666666666,2
KVQBJBAU,"Dude idc if Disney Land has the measles, that means shorter lines for rides so I'm driving down there rn",0.0,1.0,1
D1Z1I6DD,<user> if you raised children unvaccinated I'm glad they survived thanks to the community immunity protecting them #vaccinesNOVA,1.0,0.6666666666666666,2
X9S4WHOC,Fact: Vaccines are not associated with autism. <url>,1.0,1.0,2
UEZKC0O3,Getting shorty updated on her vaccines #preventativehealth (@ Metropolitan Pediatrics - <user> <url>,1.0,1.0,2
CLG2ZLL0,"Anti-vaxx insanity: A recent measles outbreak was traced to one child -- next time could be much, much worse <url>",1.0,1.0,2
ZKRJ4UNQ,"God creates all diseases on earth. Vaccines are created by man to cure diseases. God gets credit for cure. Yeah, God surely is mysterious...",1.0,0.6666666666666666,2
G3TEVQJ8,Remember when you got the vaccines 1day before school? DON'T WAIT 2 #RegistertoVote <url> #Voto2014 <url>,1.0,1.0,2
RGG23XSS,#Saturday @ MMR CITY <url>,0.0,1.0,1
FYSGXL9N,“<user> A closer look at religious exemptions to vaccination: What Would Jesus Do About Measles? <url> Brilliant.,1.0,0.6666666666666666,2
ZI5ON3J3,"<user> <user>  allergies, asthma, autism, autoimmune disorders, diabetes R up in USA children since massive #vaccine coverage 1989",0.0,0.6666666666666666,1
952DQRC6,<user> I overheard someone the other day arguing that kids getting measles was better than vaccines because...,1.0,0.6666666666666666,2
SY1YVAGB,"WIAAP Infectious Disease committee members Drs. Sabnis, Murwin, Hennessy &amp; Conway discuss #HPV vaccine hesitancy. <url>",0.0,1.0,1
Z2W40S2G,Is It Safe To Delay Your Child’s Immunizations?: 25That’s how many vaccinations are recommended for a child by the… <url>,0.0,1.0,1
XOVJHA3R,<user> tho we don't have measles on the T just yet,0.0,1.0,1
THYX16JA,8 cat diseases you can prevent with vaccination and deworming.... <url>,1.0,0.6666666666666666,2
204TR0US,Disneyland Measles Outbreak Linked to Places With Low Vaccination Rates <url>,1.0,0.6666666666666666,2
QZNOE3OJ,"<user> <user> Yep! No measles yet, but whooping cough was a thing. Also: <url>",1.0,0.6666666666666666,2
RCDKYTTW,<user> got fame_oliver2xx in here snapping....... Life Different When You M.A.D.E..... #MMR… <url>,0.0,1.0,1
JFFRRDIR,"Ten cuidao!!! <user> Potencia17 mire mmr, d kien Yo hablo no esta en twitter baboso!""",0.0,1.0,1
GLR6IYR1,Canadian HIV vaccine researcher explores ways to engage at-risk youth <url> via <user>,0.0,0.6666666666666666,1
00GIG815,"<user> u say u represent no Corporations, how will u regulate makers of immunization and the safety of our children? Autism cause?",-1.0,0.6666666666666666,0
W78J91KG,"<user> <user> <user> Not true. Ignorance is no answer 4 spewing lies. Vaccines has stopped polio,the #1 deathNBabies1/3",1.0,1.0,2
EE8SXAKY,Thanks2 <user> 4another reminder of how essential tis that kids be fully vaccinated-&amp;without suggesting there's any tru controversy.,1.0,1.0,2
SU6274IZ,Grossmont Clinic Closes After Five People Show Measles Symptoms: The Sharp-Rees Stealy Urgent Care Clinic was shut… <url>,0.0,1.0,1
8RMMXRBT,"Use to be? Now they got measles😷😷😷

""<user> Disney used to be a scary place. <url>",0.0,0.6666666666666666,1
2TCPUT1S,Yeah I'm not gonna be friendly about it. Vaccinate your heathen children. <url>,1.0,1.0,2
CYCY8PBA,<user>  conspiracy NOT about  vaccine manufacturer's science standards <url> <user> <user> <user>,-1.0,0.3333333333333333,0
HNK5MLG9,So autism is comin from doctors vaccines .. I'm not surprised at all,-1.0,1.0,0
CIJKWMZ4,“ALERT: 14 infants now under quarantine after child in Santa Monica day care contracts measles. (<user> <user> ?!?,0.0,1.0,1
PVYU6FMX,“<user> Two more Johnson County children have measles <url> <user>,0.0,1.0,1
ST2L8BVZ,"Sick of reading ""autism is awesome"" articles by pro-vaccinationists. U know what's more awesome? Not having autism.#CDCwhistleblower",-1.0,1.0,0
59IUX74F,"<user> definition of stupidity, try something .... Wait Measles that would billions of times around the world with terrible results 😱",0.0,0.6666666666666666,1
HQ3O2UK5,I've got the measles I think that's the problem,0.0,1.0,1
4LT6FG7X,"We're debating IMMUNIZATION in 2015. Check,  please. <user> The national debate on measles and (cont) <url>",1.0,0.6666666666666666,2
1ZZ24Z1J,"Getting my immunizations for school! #tetanus #tdap #meningitis #hepatitis Needles, eek! <url> <url>",1.0,1.0,2
BNHCNP1T,Survivor challenge old school style #immunitychallenge,0.0,0.6666666666666666,1
JRE0LQNG,"Ya trop de pubs, trop de marques c devenu chiant qd mmr",0.0,1.0,1
S4J9BY47,"Vt. officials urge adults to get vaccinated: BURLINGTON, Vt. (AP) — Vermont health officials are urging adults to... <url>",1.0,0.6666666666666666,2
IOI01QH7,<user> I believe Clinton has issued a statement urging all parents to vaccinate their kids,1.0,1.0,2
N2F0ONBY,U.S. Measles Cases Hit 20-Year High <url>,0.0,0.6666666666666666,1
V0SKX7ZL,Watching pitch perfect and online shopping while possibly having measles makes an interesting night,0.0,1.0,1
9IRL6EKB,"Why are you All blaming American women for not vaccinating their children thus outbreaks,look at the real truth <url>",0.0,1.0,1
7L5SI67O,African Nations Celebrate a 55 Percent Drop in Child Mortality Rates Due to Immunization <url>,1.0,0.6666666666666666,2
IJ5CEUSC,12 month check up/ vaccines  5 vaccines!!! 😢💉💉💉💉💉 my baby!!!! (@ Batta Pediatric Clinic) <url>,1.0,0.6666666666666666,2
Y6U0TBXY,MMR was real fun. Not like any other time that's for sure :-),0.0,1.0,1
XY31H1RV,"""<user> U.S. Media Blackout - Italian Courts Rule #Vaccines Cause Autism: <url>",-1.0,0.6666666666666666,0
GR5N8NX1,"Just allayed sis-in-law's concerns over MMR jab. Thanks Andrew Wakefield, you dangerous sack of shit.",-1.0,0.3333333333333333,0
CIHGWFWZ,Fondly remembering the good old days when #measles was eliminated in the USA thanks a lot #AntiVaxxers,1.0,1.0,2
CV49OY14,<user> oh my goodness~ Bay Area measles breakout could be insanity because Bart cab be a long ride from The City-out to the East bay!,0.0,1.0,1
HRAH3LXZ,OK! For the last time..“<user> Bottom line: Vaccines are safe and save lives -- and they do not cause autism <url>,1.0,1.0,2
OUVHIHWG,"and I proudly stand up

for the general decency of having your children vaccinated",1.0,1.0,2
395RZAIO,"In other news, it was officially tested and proven that vaccines don't cause autism. So vaccinate your kids you fucking morons",1.0,1.0,2
X8KV468O,"Walgreens sign: ""College vaccination shots available!"" Huh. I wonder which schools it works against.",0.0,1.0,1
ZIS7IB3X,"<user> that would be the result of lower vaccination rates. It's measles now, but that's not the only threat. Out of sight out of mind.",1.0,1.0,2
8SQNFOX7,<user> you're going to get measles,0.0,1.0,1
E4TFLPI5,<user> <user> no one's died of measles this year hon &amp; your irrational fears of godknowswhat don't make Americans afraid..,0.0,0.6666666666666666,1
1CH09AY8,"2day in psych I learned u develop schizophrenia from urparents gettin the flu/measles when ur pregnant, so leave Amanda alone <user>",0.0,1.0,1
5IMTY6RT,I Know I'm Late AF But Happy #RichDay To My Brutha <user> Turn Up Lil Bro ! 💯 #MMR @ I-75 South… <url>,0.0,1.0,1
JA631G63,Flu epidemic sweeps across Texas and 21 states; vaccine-resistant virus is culprit: The Centers for Disease Control… <url>,0.0,1.0,1
KOXDZ2H0,"One time, my doctor gave me a booster shot for the measles. NEVER AGAIN!! <url>",-1.0,1.0,0
7QCAAH3K,"""Parents are opting not to vaccinate their kids, and their kids are opting to get sick..."" 😂 ...but seriously. Vaccinate. 😡",1.0,0.6666666666666666,2
61GG3GRF,"Still no measles cases in IA ... ILL has 6, MN, 1 &amp; NE, 2. 102 total in 14 states. <url>",0.0,1.0,1
UTZE0W5T,"<user> Maybe the flu, scabies, TB, measles, lice, or whatever is coming across the border, maybe the drizzles",0.0,1.0,1
ACCWOW1D,I know I only have like two followers but... Vaccinate your children dammit! I'm so sick of this crap.,1.0,1.0,2
Z0LPA6HM,“<user> Obama urges parents to vaccinate children for measles <url> Get R Done,1.0,1.0,2
NIETWZ1X,Disneyland measles outbreak. Do the Ducks players go there?,0.0,1.0,1
8N0YV005,"""<user> #ECONOMY OF THE WORLD ....

Can Shift Through ONE Disease.

#ebola
#measles

#drMM 
#fb""  This is true.",0.0,1.0,1
VIE7GI9K,"Oy! Doctors say you should vaccinate your kids, but the guy from Deuce Bigalow: European Gigolo says otherwise // <url>",1.0,0.6666666666666666,2
FG0KBER7,"US fed judge upholds state law requiring vaccinations, eliminating exemptions based on their parents’ stupid beliefs <url>",1.0,0.6666666666666666,2
2YDEUNDE,Staffers explain what caused improper storage of vaccines at health clinic <url>,0.0,1.0,1
O3285SPH,Amazing: Doctor say measles virus put woman’s cancer in remission: Mayo Clinic staff test to see if Stacy... <url>,0.0,0.6666666666666666,1
AHQZ8YBL,"91 Calif. Measles Cases, 58 Linked to Disney: The number of measles cases in California continues to escalate, as… <url>",0.0,1.0,1
KC5WJWE2,Gave this adorable little Asian kid a piece of chalk so he could draw on the chalkboard while waiting for immunizations. He ate it. 😳,0.0,0.6666666666666666,1
C2T8Z23O,"1911 to 1935 4 leading causes of child deaths in US-diphtheria, pertussis (whooping cough), scarlet fever &amp;measles.",1.0,0.6666666666666666,2
I7XOWQP4,"""The science is unequivocal but the media is not"" - <user> on the measles outbreak",0.0,0.6666666666666666,1
45CP42PH,Dr. Nicole Bates: Imagine global health policy as a system.  #vaccineswork,1.0,1.0,2
R2UKYRWY,"Common Infections Linked to Stroke in Children; Vaccines May Reduce Risk
<url>",1.0,0.6666666666666666,2
20PTYRWV,You people who don't believe in vaccinating your children are why the world has come to a stagnant stand still. WHY ARE KIDS STILL DYING.,1.0,1.0,2
4EQYFGEA,"<user> do all of us a favor by going AWAY and dropping out of the election sincerely, the vaccine damaged children and feminists",-1.0,0.6666666666666666,0
V4TATK6E,Proofreading vaccination reports for the World Health Organization...almost finished...almost.,0.0,1.0,1
OYQDMUUN,Vaccinate your children. Jesus!!!!,1.0,1.0,2
UV24PIAJ,"YES. ""Measles Can Kill, And It's Spreading. Sue Parents Who Didn't Vaccinate? Absolutely. <url> via <user>",1.0,1.0,2
K4RLNUCA,U.S. to begin safety-testing Ebola vaccine next week: Federal researchers next week will start testing humans... <url>,1.0,0.6666666666666666,2
7FX6H92B,Every time my son gets his vaccines I think I'll make a vaccine joke but I get distracted dealing with his autism caused by them.,-1.0,0.6666666666666666,0
66RBXKJM,What the fuck school better be cancelled what are we a fucking third world country get your vaccines you morons they don't cause autism,1.0,1.0,2
5NWFQKQA,"After measles, no reason why the others won't make a comeback. #vaccineswork #StopAVN <url> via <user>",1.0,0.6666666666666666,2
DPV7NEPE,"Those who do not vaccinate are ""free riding"" on the herd immunity of the vaccinated. So if unvax behavior causes harm, liable? <user>",1.0,1.0,2
83BK4JZQ,I've been exposed to the measles. #dayshift #mybossreadsmytweets (@ San Francisco General Hospital Emergency Room) <url>,0.0,0.6666666666666666,1
M0S9WUAG,Vaccinate your children. #vaccinate #disneyland #measles #publicsafety @ Disneyland <url>,1.0,0.6666666666666666,2
QLC4ZMWT,<user> I recall this conference tourney being played in empty arenas due to measles <url>,0.0,1.0,1
84L4QBOL,Dead at the Lil pound cake doll injecting little girls with the hpv vaccine!!!  #snl,-1.0,0.3333333333333333,0
17TFPAZM,"So yeah, you're rude and unnecessarily spreading false ideas. Refer to autism being linked to vaccines",1.0,0.6666666666666666,2
4P4GTEFV,AM-News : US: Overlooked research could lead to possible HIV vaccine for infants: After examining decades-old... <url>,1.0,0.6666666666666666,2
A9S94LA0,RT <user> Unvaccinated behind largest U.S. measles outbreak in years <url>,0.0,0.6666666666666666,1
D85ALY09,My brother <user> came 2 chill wit the kid!!!! #MMR #PopularNobodies @ The Key Club <url>,0.0,1.0,1
SLIQXBRY,<user> I meant mmr (measles mumps rubella). Slip o' the fingers...,0.0,1.0,1
BXPMFVMI,For Rand Paul to say vaccinating your children could cause mental illness is ridiculous.,1.0,1.0,2
3NGXN5WD,“We will probably see a case or two in the region:” Health officials prep for a measles outbreak in WI: The disease… <url>,0.0,1.0,1
U8SEILS9,Hurry get the hell from out here Dam parents don't believe in vaccination there kids be... <url> <url>,1.0,1.0,2
FRMIAH2T,I need to go to Disneyland before my pass expires this week but my grandma doesn't want us to go bc of the measles outbreak. 😣,0.0,1.0,1
EVCLAX8N,"#Truth ""<user> Science is clear: The earth is round, the sky is blue, #vaccineswork. Let's protect all our kids.""",1.0,1.0,2
WYAFLOSI,SB1095 [Engross] Volunteer immunity; providing exemption from liability for certain acts. Effective date. <url>,0.0,0.6666666666666666,1
EJJMSIMJ,Another Study Finds No Link Between MMR Vaccine and Autism <url>,1.0,0.6666666666666666,2
M4IVFSMS,"#whatcausesautism VACCINES, DO NOT VACCINATE YOUR CHILD",-1.0,1.0,0
CX8YANBK,Last post was for <user> Mumps covered in MMR. Under used due to concerns about autism which are unsubstantiated.,1.0,1.0,2
U64M2HMB,For all you suckas making measles/Disneyland jokes: the winning Super Bowl team goes to DISNEY WORLD you hacks.,0.0,1.0,1
1ING3AF5,And even IF autism was caused by vaccines (which it isn't!) I would still prefer autism to polio for my child. #soapbox,1.0,1.0,2
69YG0WX2,"<user> <user> don't kid yourself, it mutates @ high rate, no vaccine! People are global mobile. Predict &gt;&gt;&gt; rapidly",-1.0,0.6666666666666666,0
NE9PXF79,Couple Day 1 Niggas! MMR At JGs. Get$Wed <user> <user> <user> <user> @ Jersey Girls Go Go <url>,0.0,1.0,1
LSABP5FP,#California Senate OKs controversial school vaccine bill. <url>,0.0,1.0,1
RJOE6T02,BBC News - Nigeria polio vaccinators shot dead in Kano <url>,0.0,0.6666666666666666,1
EKPCTG9D,Sick Child&amp;#8217;s Father Seeks Vaccination Requirement  <url>,1.0,0.6666666666666666,2
OFT9ZXD9,I feel like last year and freshman year I constantly had some sort of flu or disease or sickness. Acquired Immunity for the win!,1.0,0.6666666666666666,2
2YF26S2J,<user> measles at disneyland.,0.0,0.6666666666666666,1
VL09UZY2,"<user> ...are babysitters allowed to refuse babysitting ""conscientious exemptions""...no IMMUNIZATIONS, no babysit?!? Thx",1.0,0.6666666666666666,2
GYVGZ9V1,MT 1 of the lucky 549K “Help You Understand The Current Measles Outbreak <url> <url>,1.0,0.6666666666666666,2
1ULAOBVT,"“<user> CDC: Highest number of U.S. measles cases since 2000

<url> thanks for spreading the word Jenny McCarthy",0.0,0.6666666666666666,1
KYU7L6V5,<user> <user> oh did we know to ask until after 2013?  I didn't .  Because #vaccines were safe.  Right? #Hearus,-1.0,0.6666666666666666,0
KCW3NOKP,Washington woman's measles death is first in US since 2003: Washington state health officials say measles caused… <url>,1.0,0.6666666666666666,2
QRCFLAVE,<user> <user> Thanks!  Perfect for Health Promo class - immunizations is topic next week.,0.0,0.6666666666666666,1
EMBI3VOD,Vaccine spray may not work for swine flu in kids: Health officials say the nasal spray version of the flu vaccine… <url>,0.0,0.6666666666666666,1
AFU1OMWC,The measles outbreak continues to spread. Hundreds now being monitored in Arizona. Details coming up on Eyewitness News.#ABC7,0.0,0.6666666666666666,1
GIQGN81C,“<user> “Measles outbreak”” 😷,0.0,1.0,1
ABR59WNA,Map of #preventable #disease #outbreaks shows the influence of anti-#vaccination movements <url> via <user>,1.0,0.6666666666666666,2
WFY2V16P,Don't forget #meningitis #vaccine for those #college kids going away. It's safe and effective. #vaccinessaveslives without you ever knowing,1.0,1.0,2
8H2DUGWD,“<user> People who complain live longer. Releasing tension increases immunity and improves overall health.” I'm gonna live forever,0.0,1.0,1
DTEUR07O,CDC Honors 33 Childhood Immunization Champions during NIIW <url>,1.0,0.6666666666666666,2
EDZEGVQV,"Jenny McCarthy does e-cigarette commercials and doesn't immunize her kids hahahahah good night, everyone.",1.0,0.6666666666666666,2
OMGPRT1N,Im dying!!!!!!!!!!!!! ) : feel like hell!!!!!!!!!!!!!!!!! Measles or mono whichever it is sucks!!!!!!,0.0,0.6666666666666666,1
RKQL5CSS,"Be wise, immunize! “<user> Measles making a comeback in #Texas <url> Protect yourself, get immunized!”",1.0,1.0,2
AYIQUT6J,"<user> are u repeating what I just said or are you thinking ""HMM NO mmr va de mal en peor ese wey""",0.0,0.6666666666666666,1
TGVJLJU8,Texas maternal mortality top 3 causes: cardiac; #preeclampsia; prescription drug use. June Hanke talks abt new TX MMR task force #awhonn14,0.0,1.0,1
UQ3NY6QQ,Jan 24 #MMR #BillaBoyEnt #TeamFreePour #OneNiteOneMicOneCity #aftonshows #indie #hiphop Link In… <url>,0.0,1.0,1
38HBLYRV,"Tetanus, or pneumococcus. The more people who don't get their children vaccinated the more children you will see these diseases.",1.0,1.0,2
6Y4SMELK,"It's world #AIDS day! May we find a vaccination for this devastating disease. Love those affected, and educate those to about #safesex",1.0,0.6666666666666666,2
702XXBWG,"“<user> And ... Partial agreement: Measles cases result from the ""Law of large numbers + coincidence."" <user> Media obfuscation, too.",0.0,1.0,1
6M6M1MVH,CDC Forced to Release Documents Showing They Knew Vaccine Preservative Causes Autism  <url>,-1.0,1.0,0
0M6QPOA3,"""<user> #HEALTH: #Measles Outbreak Nationwide Continues To Grow, According To CDC <user> Reports: <url>",0.0,1.0,1
355LF745,It's 2015. How are people still making the decision to not vaccinate their children? Educate yourselves?!?!,1.0,1.0,2
JO6CR3X4,"Sigh.

&lt;scratch&gt;

“<user> Measles: Going, going, coming back ...

<url> <url>",1.0,0.6666666666666666,2
UURPI04T,Just randomly got really angry about parents not vaccinating their children ?¿?,1.0,0.6666666666666666,2
EW0BFWUV,"Vaccine horrors: Medical mutilation of children exposed in GRAPHIC photos of ""safe"" vaccines gone horribly wrong <url>",-1.0,1.0,0
GJLIUOYK,“<user> I'm as afraid of the measles as I am of the boogie man #sheep” have checked out the 6abc measles chat?,-1.0,0.3333333333333333,0
VL48F58U,Luke Greeves: Red Cross and partners vaccinated 1.8 billion kids for measles since 2001!! <user> #Measles2015 <url>,1.0,1.0,2
QAGNNRZO,<user> <user> CDC says 477 measles cases this year. Measles kills 1/500 - 1/1000. Will we see a preventable death this year?,0.0,0.6666666666666666,1
BEO8ID4F,can I please go to school in LA where people won't stare at me like I have measles,0.0,1.0,1
CJURBLEJ,"😞😞👎👎 #denialism #SBM – Most doctors agree to alter kids' #vaccine schedules, via <user> <url> <url>",1.0,0.6666666666666666,2
DPTDFSAQ,<user> now a days people punish their kids by letting them get measles,1.0,0.6666666666666666,2
9AQHD8W8,"*Finishes Reddit post on how religious people are stupid*

*Puts on fedora and walks into a party*

""You know vaccines cause autism right?""",0.0,0.6666666666666666,1
FD8RQ5WD,<user> NCAA tourney Edition.Hot-Faking measles.10minsAgo-Faking strep throat.Not-actually hurting back but get to watch games #Truth,0.0,1.0,1
71RO2BQ7,Oh I've had it with people saying #autism is caused by vaccination. Guess what? Autism doesn't kill. Communicable diseases can and have.,1.0,1.0,2
D9RP0K4S,"<user> <user> The MMR was only needed once. Now twice? Money! My Daughter got Meningitis vaccine. Next day, couldn't walk!$$",-1.0,1.0,0
0M79NQIP,"Oh dear, found the source of the Disneyland measles outbreak <url>",0.0,1.0,1
UH7TY03X,"To teach our children virtue? MT""<user> &amp; #HPV : a  childhood vaccine against #cancer  <url>",0.0,1.0,1
HN3LFDNZ,"<user> <user> <user> in Mississippi, 100% of children R vaccinated. State has highest infant mortality rate in USA.",-1.0,0.3333333333333333,0
DETBGOQ7,Vaccination is torture because it involves needles and needles are scary. Don't torture your kids. Stop vaccination.,-1.0,1.0,0
JUFPMWB2,<user> tell them you have the measles!,0.0,1.0,1
74RFG9YM,My developmental psych professor is lecturing the class on how important it is to vaccinate your kids 👏👏👏👏,1.0,0.6666666666666666,2
EIJHSE4S,Measles Makes a Comeback in U.S. as 222 Cases Reported in 2011 via <user> <url>,0.0,1.0,1
HPWG91LV,Measles in Dallas/Ft. Worth?????? Aww heeeelllllll naaaaawwwww!!,0.0,1.0,1
QDKBKPPI,#Cancer-causing #mercury based #preservative known as Thimerosal (linked 2 #autism) might be removed from #vaccines: <url>,0.0,0.6666666666666666,1
BHZLWL53,"""<user> On average, people who complain live longer -- Releasing this tension increases immunity and boosts their health."" Woohoo! ;)",0.0,1.0,1
61OAIAOX,“<user> New research demonstrates how safe #vaccines are in #childhood <url>,1.0,1.0,2
KRPJOMBP,<user> I'm scared because some of those dogs aren't vaccinated and slobber on ember lol,0.0,0.6666666666666666,1
M4CYM5AV,"Mind/body therapy has many health benefits for mental/emotional health, physical health and immunity, and even dermatological benefits.",0.0,1.0,1
HKO0ZVSS,<user> honestly it is near impossible to get out of low mmr.,0.0,1.0,1
EHYZRDE9,PEOPLE WHO DON'T VACCINATE YOUR KIDS,1.0,0.6666666666666666,2
MRK564GY,"Rand Paul says ""the state doesn't own your child,"" re: vaccinating. No, apparently they just own your uterus. #IAMTHEHERD",0.0,0.6666666666666666,1
J1NMPFIO,“<user> U.N. stops Syria vaccine campaign after 15 children die <url> <url>,-1.0,0.6666666666666666,0
PLOU87F2,<user> Do you have to sign a wavier when you take your child to a measles party or can the host be liable for the death of your child?,1.0,0.6666666666666666,2
BJDLGI61,"Fewer Michigan children get immunizations, report shows: — The latest U.S. Centers for Disease Control and... <url>",0.0,1.0,1
U9NO969S,<user> <user> <user> my uncle who got a brain infection at 5 as a result of measles spent last 50 in care homes.,0.0,0.6666666666666666,1
44O8IGOD,The idea that vaccinations can cause autism was debunked several years ago but people still believe it...almost like it's a religion,1.0,1.0,2
6J4GFNRW,People who don't vaccinate their kids creep the fuck out of me,1.0,0.6666666666666666,2
QYVS1XY5,Gay kid gets angry over vaccine headlight not working,0.0,1.0,1
BEU9QH1Y,Damn illegals bringing all these diseases like measles scabies etc we were cured from all that and Obama lets them come in damn just crazy,0.0,0.6666666666666666,1
TQ98M4ZY,"A new study that looked at 96,000 children found no link between the MMR vaccine and autism? SHOCKER!",1.0,1.0,2
0B5KK0CV,Trying not to Catch measles at the mall...,0.0,1.0,1
N1YRVA1N,"#vaxordie Trend it, people! Vaccinate yourself and, especially, your kids!",1.0,1.0,2
BFPU0G8K,Our open borders are the porous membrane that human immunity diseases penetrate in order to commit genocide. Infect them back.,0.0,1.0,1
8VBVGAC8,Measles outbreak: Pakistan may face international travel ban <url> via <user>,0.0,0.6666666666666666,1
AHYNHI2N,Texas A&amp;M will be home to $91 million vaccine-manufacturing facility: The U.S. Department of Health and Human... <url>,1.0,1.0,2
W8BCZD1H,“<user> Your vagina has the measles.” get outta there,0.0,1.0,1
EHB2NCA1,My nephew got measles and he keep touching me 😩😫😷,0.0,1.0,1
7CXWOCCT,"Vaccines contain formaldehyde, ethylene glycol (antifreeze), phenol (disinfectant / pesticide), and aluminum.",-1.0,1.0,0
X6DAY0NB,"Family says girl became paralyzed, lost vision after receiving flu vaccine: A family in Texas believes their… <url>",0.0,0.6666666666666666,1
UBHZFAF9,DCHHS Offering Back-To-School Immunizations Now: DALLAS (<url> - You don’t have to wait to get... <url>,0.0,0.6666666666666666,1
OYU7U1IJ,Don't ever think if your child or u r safe with chicken pox vaccine you can still get them!! <user> 😷😷😷,0.0,0.6666666666666666,1
BHE8WIZM,#burgshit <user>  x richardsonshelton #bliss #metro #ionplaydaradio #MMR #BBoyEnt @ Bliss… <url>,0.0,1.0,1
SCOYYFY0,doctors visit &amp; 3 immunization shots later. Needless too say my baby girls all tuckered out 😩💉💊 <url>,1.0,1.0,2
RONQRB31,"New prank: Put a tack on someone's seat, but vaccinate the tack first. Haha, now you're gonna have autism! #TGIF",1.0,0.6666666666666666,2
9JGUV91A,I will never understand why people do not get their kids immunized.. Like for why?,1.0,1.0,2
CF0R0NLT,Omg. They have a Kaiser thing at work giving measles shots lmao,1.0,0.6666666666666666,2
8VTDULU8,Measles? Mumps? Drawn on freckles?,0.0,1.0,1
TAS6S0NT,"“<user> On average, people who complain live longer -- Releasing this tension increases immunity and boosts their health.”   #nowords",0.0,1.0,1
74UOHEB1,"When people are getting sick and dying from diseases of which they declined the vaccination to, I declare natural selection a success.",1.0,1.0,2
J8CM84CY,"Passed my CHEX exams, got vaccinated &amp; tested. I can't wait to get my uniform&amp; get placed again <user> 💙 #childlife #love #choc",1.0,1.0,2
6LB9FGRY,"Shit. 
<url> Coachella Valley has first confirmed case of measles",0.0,1.0,1
MM3XH0PP,<user> well if you don't vaccinate your children and it causes another ones death you should be held responsible,0.0,0.6666666666666666,1
TPX2BVFN,<user> Had them. Wouldn't wish them on anyone. Had Red measles German measles Chicken pox and mumps all in the same 2nd gr winter.,0.0,1.0,1
0SNXXY1I,"<user> pre mmr rework, idk what the rework evven is.",0.0,1.0,1
71FGVQ21,Outbreak of measles in Illinois! # vaccines# herd#LUlearns,1.0,1.0,2
7CRGCV2Z,"JudgeClayJ  please share info on how to prevent influx of polio, small pox, measles etc with unvaccinated illegals.",1.0,1.0,2
Q2O0LLKU,"Where's NHS when you need them? ""<user> Measles outbreak: 5,000 children remain at risk in Swansea area <url> #MMR""",1.0,1.0,2
YCI58WR2,We vaccinate to prevent death. Not for convenience. #Vaccines #prevention #Pediatrics,1.0,1.0,2
UQOQ0E5K,<user> 1) anyone who doesn't get a vaccine is not only putting their child in danger but the lives of other children. It should be...,1.0,1.0,2
2UV0MS6C,"""<user> BREAKING NEWS: More than 30 babies in Northern California placed in isolation after possible exposure to measles. (<user>",0.0,1.0,1
I1YSPNCP,"Austerity is not a Vaccine to Crisis... It is a Parasite with Pandemic Potential! It Drains Life, Killing Slowly! #occupyLA",0.0,1.0,1
GNKN8BSQ,#vaccineswork  U have the right 2 watch your child die from a disease that most people don't  want.  Stupid  American white people problems,1.0,0.6666666666666666,2
SC6N1IG5,Measles outbreak reported in 2 NC counties: Public health officials from the N.C. Department of Health and Human... <url>,0.0,1.0,1
KGWBCRA4,Multiple vaccines given simultaneously can be more harmful than single vaccines #CDCwhistleblower,-1.0,1.0,0
8ZFIYIVY,People who say their child isn't at risk for disease w/o vaccinations are same who don't use toilet seat covers because everyone else does.,1.0,1.0,2
3Z85T42T,<user> IF YOUR LOOOKING FOR A TRUSTED MMR PRO STATUS MEMBER WHOS SELLING COINS FOLLOW AND DM ME.. <url>,0.0,1.0,1
RQ2308HI,HB1538 [NEW] Children; modifying immunization requirements for day care providers; effective date. <url>,1.0,0.6666666666666666,2
V206ZN08,"Did Mayor Ed Lee Just Make A Joke About Pubic Lice (And Measles)?: At an event Thursday night, Lee reportedly ""made… <url>",0.0,1.0,1
6UYLL3HA,<user> <user>  1980 had my Son vaccinated.He became ill &amp; never the same. Autistic diagnosis. Can't be sure but still wonder.,-1.0,1.0,0
PC9VAIU5,Last round of vaccinations. Giddy up! #africa @ Passport Health Indiana <url>,1.0,0.6666666666666666,2
O3NLMCH4,"A08633 [NEW] Amd 2164, Pub Health L Relates to mandatory influenza vaccine for persons attending daycare. <url>",1.0,0.6666666666666666,2
90CJGM63,"Anti-vaccine megachurch hit with measles epidemic, now offering free vaccinations
<url>",1.0,1.0,2
TC39ES17,First Ebola now measles😷💉 WTF is going on in this world ⁉️,0.0,1.0,1
3WS4IOEO,Measles cases at highest rate in 20 years due to decrease in vaccination rate. <url>,1.0,0.6666666666666666,2
8S6RQKLE,Most of the 288 measles cases this year have been in unvaccinated ppl or those with an unknown vaccination status <url>,0.0,0.6666666666666666,1
91Z7AUG6,"For the record, I vaccinate my kids.",1.0,1.0,2
QH8H76JK,"2nd confirmed measles case, exposure in VA <url>",0.0,1.0,1
Z8DEJRF6,Vaccines gave my child ebola.,0.0,0.6666666666666666,1
Y15Y0XOB,"CDC: Measles epidemic poses travel risks usat.ly/ixdtv1
Yes, very true but what about the Zombie Epidemic closing in on us?",0.0,1.0,1
L8TY7ZOR,"I love how all this anti-vaccination crap comes from people who were vaccinated.... Just, come on guys. Don't be idiots. Vaccinate your kids",1.0,1.0,2
Y4QA1B9L,<user> <user> <user> Shows high vaccination rate has little 2 do w public health!  Poverty/wealth MUCH better predictors,0.0,0.6666666666666666,1
HPNH7D2N,hey everyone if you have a kid shoot em up with vaccines. we ain't tryna die of some shit that's preventable ja feel,1.0,1.0,2
2L4U74HE,<user> Parents that don't immunize their children because of some perceived autism link. 👎 #suck,1.0,0.6666666666666666,2
0T5ES6BB,Having a splashing fun Father's Day!!! Note: No Dad was harmed during this splash war. #immunity #day… <url>,0.0,1.0,1
1Z3YVWO4,"“<user> Facebook is where my friends from college share baby tips, vaccine conspiracies, and stories from hoax news sites.” Seriously.",1.0,0.6666666666666666,2
7RLMJFLV,"<user> if you are going to speak on national TV regarding vaccinations, get your facts : babies vaccinated at 3 months .",0.0,0.6666666666666666,1
6ADTF2SI,"People, concerning the measles outbreak, has anyone considered the 100,000 illegal kids that crossed the southern border last summer? Hello",0.0,1.0,1
ZU5BRBO4,#MMR is my next tape. & I can't front. This shxt is ridiculous. And might shut the city down. Just saying.,0.0,1.0,1
FTRVGZW1,<user> IMO failure to properly immunize your children is tantamount to child neglect.,1.0,1.0,2
H9T7Q2O9,#Measles confirmed in the #CoachellaValley. <url>,0.0,1.0,1
BESZM8PJ,"<user> <user> My 8 kid's has been vaccine, and I don't like your attitude.",1.0,0.6666666666666666,2
ZGBV8Q6F,"“<user> The average cost to fully vaccinate a child with private insurance is $2,192 ” having your kid survive childhood: priceless",1.0,1.0,2
EXY4KVRR,Get vaccinated (and your kids too)! Fools. <url> #measles,1.0,1.0,2
ZJ8B4O50,<user> <user> <user> #vaccines kill &amp; injure children every day. It's not in dispute.,-1.0,1.0,0
DU21ZPGN,Rate Of Flu Vaccination Among Adults Lagging Behind Children: BOSTON (CBS) —- More children than ever are being... <url>,0.0,0.6666666666666666,1
63R7S0A3,Yes they are. Especially since they think vaccines are poison but bleach is ok“<user> <user> holy shit. Those people are insane.”,1.0,1.0,2
FT5DQ7FS,Spirit of Pisgah 2014 #teamdundee #gravel #mmr @ Loess Hills State Forest <url>,0.0,1.0,1
3LORGI2C,"<user> all time high now. And it's cool, don't vaccinate your kid for whatever reason, but if it's a communicable disease, don't",-1.0,0.6666666666666666,0
QRD0DYH6,"“<user> CDC scientist William Thompson says we hid the truth of MMR/Autism link. #CDCwhistleblower "" BS <url>",-1.0,0.6666666666666666,0
RU31GH7A,"“<user> On average,people who complain live longer --Releasing this tension increases immunity and boosts their health.”<user>",0.0,1.0,1
OEYOPJ5P,<user> <user> German Measles.  Not allowed to breastfeed for fear of pass through breastmilk and now Glyphosate found in it!,0.0,1.0,1
URKVQ5RF,<user> It's like asking would you rather have the chickenpox or the measles,0.0,1.0,1
OSTML2UP,It's that time of the week again...<user> #mmr #mixmasterrod #madhatt @ MixMasterRod's Upstairs Lounge <url>,0.0,1.0,1
JOW3IM6Q,"This Ekocenter creates a Hub for a <user> safe H2O, AND storage for vaccines in remote areas abroad. #BIF10 <url>",0.0,0.6666666666666666,1
7DJWXK9Z,"""I don't want to vaccinate my kids"" well here is a nice photo before vaccinations :) it's a massive iron lung <url>",1.0,0.6666666666666666,2
NDNZQ9PT,How did the whole not vaccinating your child become a thing again like I thought that was over years ago,1.0,0.6666666666666666,2
JCOCSHFB,Measles outbreak in AZ monitored locally: Health workers in Colorado are monitoring developments in Arizona after… <url>,0.0,0.6666666666666666,1
1HIUBMHC,"Measles Outbreak Sparks Vaccine Debate: The topic of measles vaccinations has become a full-on debate, with the… <url>",0.0,0.6666666666666666,1
MEVRNPBH,What should the U.S. do about the Measles outbreak? Join the conversation NOW on HashtagVOA <user> <url>,0.0,1.0,1
R6DXSJ4P,"<user> First,I am the person who cares4U in ER, no vaccine4EBOLA,hope is pt will Bhonest.My life, my kids lives R at risk.NO COMPARASION",-1.0,0.3333333333333333,0
UTRHJTMR,"Awaiting the onset of autism from two immunizations. In the meanwhile, a couple Diet Cokes ought to get me back int... <url>",0.0,0.6666666666666666,1
WN5NJ6VY,Getting my MMR :\,1.0,1.0,2
YFK817S9,"<user> Herd immunity is for too young or immunocompromised to vacc. Vaccines can have side effects, but so do cars: relative risk is low",1.0,1.0,2
M539VVB2,<user> <user> Measles outbreak puts your kids teachers and their friends at risk needlessly #inners,0.0,0.6666666666666666,1
NXJ65Y7G,"Supporting LD471, an act to improve childhood vaccination rates in Maine. #vaccineswork <url>",1.0,1.0,2
RGYUDUYA,"Poor kid got 4 shots. One not given in Aus, one on the US schedule for his age and 2 because US/Aus use a different vaccine for same thing.",1.0,0.6666666666666666,2
Q4BV9IVZ,<user> <user> as a nurse who is working iron a Masters Degree w/ a public health emphasis ask me how I feel about vaccinations!!,1.0,0.6666666666666666,2
B0T4LQX5,Protecting my baby (and others) by getting a whooping cough vaccine before work. (@ Clay County Health Department) <url>,1.0,1.0,2
RUDTNZVD,"“<user> Rise In Measles Cases 'Wake-Up Call' For U.S. <url> vaccinate your children. It's the 21st century, people.",1.0,0.6666666666666666,2
SQ5WPT6M,"""I want to live a simple life. I want to build hospitals in India &amp; vaccinate kids in Africa.""",1.0,0.6666666666666666,2
L25BW8DG,"Bard college: ""I was so stoned when I got the measles email and I thought it was so funny."" ""It was so funny.""",0.0,1.0,1
ZCV6CBL0,<user> 100% of kids with autism have been vaccinated and have upper cervical spine subluxation. There's some REAL info for you.,-1.0,1.0,0
0GE0Y01P,<user> when are you heading to miami .  I was wondering if you had any information about immunization shots for a newborn.,1.0,0.6666666666666666,2
T4DWNH4V,💥🎧🎼🎵🎶🏢💀👂💥<user> #mmr #mixmasterrod #dcdj #scratchingAlittlebit #madh  @ MixMasterRod's Upstairs Lounge <url>,0.0,1.0,1
CD532TP5,"""It wasn't disneyworld"" 
False. 
Measles. 
#onuchapel",0.0,1.0,1
P7GZQY49,Pennsylvania Medical Society Hosts Panel On Measles In Keystone State <url>,0.0,1.0,1
UFQTUBZA,Well your dead you got measles and I didn't treat it somewhere on the Oregon trail your Laying dead  <user>,1.0,0.6666666666666666,2
7K20GEF1,<user> <user> <user> <user> <user>  over 1.2million children no autism-vaccine link <url>,1.0,1.0,2
0JWCCZN1,you know you're a true '90s kid when your vaccinations were mandatory and no one in your class got measles <user> <user>,1.0,1.0,2
3TACTSBI,Vaccinate your fucking kids. Christ.,1.0,1.0,2
W1Y16KSE,<user>  tonight was epitome of why pseudo affluent liberals are to blame for #Measles break.  He is a science denier. #vaccineswork,1.0,1.0,2
ZHE0Y956,"Be a #dragoncon superhero that fights deadly diseases like whooping cough, flu and zombyism by going to Marriott M109 for a free vaccine.",1.0,1.0,2
VSZ55658,<user> drama? Measles? Caterpillars?  I give up. :-),0.0,0.6666666666666666,1
GQQ9XXRR,"“<user> On average, people who complain live longer -- Releasing this tension increases immunity and boosts their health.” <user>",0.0,1.0,1
5W89XGF4,Might have the measles :(((,0.0,1.0,1
G4D9LJIH,"Indexing Chicago Death records from 1905.  Measles, cholera, diphtheria, pneumonia, especially kids.  #vaccineswork so do antibiotics",1.0,0.6666666666666666,2
MZQVKBCY,“<user> More measles cases reported in the U.S. in 2014 than during any year in the past two decades. <url> #AntiVaxxers,0.0,0.6666666666666666,1
2ROANG6A,Measles confirmed at two Massachusetts hospitals: Patients who visited Massachusetts General Hospital (MGH) in... <url>,0.0,1.0,1
YWR2ZFAL,Second case of measles in Pierce County; where you may have been exposed: PIERCE COUNTY — Health officials want... <url>,0.0,1.0,1
7UPOFMQR,Apparently when I was a baby I rejected like all of my vaccines.  Yay me,0.0,0.6666666666666666,1
P416U42A,"Free vaccinations available in Duval, St. Johns: Shot record and physical required for students to attend school in… <url>",1.0,0.6666666666666666,2
AL9CI2E0,"Yep! ""<user> I'm hoping that someone who injects botulism into her forehead tells us how harmful vaccinations are.

#Oscars2015""",1.0,0.6666666666666666,2
SBWCYCO7,"“<user> AIDS vaccine created at Oregon Health &amp; Science University may clear virus from body"" <url>",0.0,0.6666666666666666,1
2LK0E78K,"""<user> Wondering how you caught the flu? CDC says this year's flu vaccine is only 23 percent effective: <url> <user>",0.0,0.6666666666666666,1
BTIOXC1L,Never understand what weird state of mind would cause you to not vaccinate your kids. You'd rather trust actresses and actors than doctors.,1.0,1.0,2
YKLSUOQ1,SB1911 [Update] Public health; requiring county health departments to offer immunizations to certain persons. Ef... <url>,1.0,0.6666666666666666,2
BEPV94OW,<user> is dying..and yelling that she has measles and needs to see a doctor now bc she's dying. <url>,0.0,1.0,1
LXWBUZOI,This wind probably blowing the measles around like damn,0.0,1.0,1
2XTRYK10,<user> My son is included in that data and I dont think he should have immunity from school's policy and rules.  <user>,0.0,0.6666666666666666,1
D1YYFDFR,AIDS N : Children with HIV Often Lack Measles Immunity: Up to half of children infected with HIV at birth don't… <url>,0.0,0.6666666666666666,1
7ALNN3XA,This map shows where the real child vaccination problems are <url> via <user>,-1.0,0.3333333333333333,0
GOO4O5UF,RT“<user> Human DNA in Vaccines Linked to Autism | Vaccine Dangers <url> via <user>,-1.0,1.0,0
QGK3U8RM,.MMR,0.0,1.0,1
5EM6YHY6,<user> The CDC owns patent on #Ebola/vaccine <url> Be very afraid of our gov't...,-1.0,0.6666666666666666,0
X7IU7O4E,"She got measles or something? Eeew<url> ""<user> Damn thats her? RT <user> K  <url>",0.0,1.0,1
E378ZF9C,MMR vaccination today. 💉,1.0,0.6666666666666666,2
GSH72BRJ,"<user> will be your friend,   sometimes the needs of the many out way the needs of the few!  Like with MEASLES vaccination",1.0,0.6666666666666666,2
R475IFBY,Disney-linked measles outbreak soon to be over in California: A measles outbreak that began at Disneyland and… <url>,0.0,1.0,1
D7UQDTYV,RT <user> Why America only cared about measles once it hit Disneyland <url> <url>,0.0,1.0,1
4E3Z1TLC,"“<user> <user> just ""ANDREA""ed me..” You said I had measles 😐 I don't fucks with that",0.0,1.0,1
SBT9DPA2,<user> there is no legitimate research connecting vaccine to autism It's a dangerous accusation because it can endanger a child's life,1.0,0.6666666666666666,2
NI5D08FU,#APhA2014 operation immunization winner is University of Tennessee Health Science Center,1.0,0.6666666666666666,2
ASAJF7TK,"""<user> You have no idea the physical toll that three vasectomies have on a person!""...if they guard against measles, y not",0.0,1.0,1
CFYDIMHG,KinderCare changes policies after measles outbreak <url>,0.0,1.0,1
B7V4Y1DR,Disneyland and Disney world raising prices. You gotta pay extra now for the measles,0.0,1.0,1
CAD2Y40G,"Dr. and Senator Richard Pan reminds parents of the importance of immunizing children, especially with current measles outbreak.#PTA4KIDS",1.0,1.0,2
U9FQPDN3,Merck Vaccine Developer Admits Vaccines Routinely Contain Hidden Cancer Viruses Derived from Diseased Monkeys  <url>,-1.0,0.6666666666666666,0
COV3PQ6A,"All those people who haven't been vaccinating their kids. You're right, You are helping your kids.. Hope ya got insurance, them measles 💰💰💰💵",1.0,1.0,2
QNISDOHH,<user> that's s4 mmr I cry every time,0.0,1.0,1
FY3S9INW,"<user> <user> <user> <user> <user> False narratives are always driven by dems, Benghazi only no measles movie",0.0,1.0,1
FIJ5W5QX,Lehigh County woman gets $11.6 million settlement for paralysis caused by vaccine - Morning Call <url>,-1.0,0.6666666666666666,0
A8PJQ3NS,<user> die from measles then,1.0,0.6666666666666666,2
IA3XFQDN,.<user> Uh oh. “<user> One in five millennials thinks vaccines cause autism <url> <url>,1.0,0.6666666666666666,2
17RFGPWW,<user> <user> <user> <user> There s/b a mandate for all children to b vaccinated if parents can't,1.0,1.0,2
AIFANTSY,Do you #Blogust? I do! Leave a comment. Vaccinate a child in developing country. Simple. <user>,1.0,1.0,2
F2EK5D9K,Imagine giving this to your child's doctor like 😏😁🙌 <url> #doyourresearch #comeatme #vaccinesaregross,-1.0,0.6666666666666666,0
3T5C83NB,Will crazy hippy parents please vaccinate your kids? “<user> CDC measles cases at 20-year high <url> CA has 60 cases”,1.0,1.0,2
Z345DGAA,<user> <user> This vaccine is called Gardicla vaccine &amp; is given 2 girls ages8-26 in USA. Gates was not trying 2 harm.Vaccine has,1.0,0.6666666666666666,2
ZDUO6IGG,BV: 5% of CRC patients are hypermutated (MMR deficient) and likely to respond to anti-PD1: lots of antigens. #AACR15,0.0,1.0,1
5UBE3XOU,The fact that people are choosing not to vaccinate their children angers me to no end.,1.0,1.0,2
TN1UR9ZZ,Wait you mean another totally preventable disease is spreading in California because we are losing our herd immunity? Again? #shocking,0.0,1.0,1
1WB2QSFG,"Never: *scratches self*
Me: Omg I hope I don't have the measles",0.0,1.0,1
4OIDGN9D,"Few worse than connected group of the ""anti-vacciners"", ""marijuana isn't harmful"" smokers, 9-11 truthers, and American military loathers.",0.0,0.6666666666666666,1
1NZWYE94,"Pre-Employment req's getting knocked out. TB test, MMR titer, and drug screen. Got fingerprinted… <url>",0.0,1.0,1
YA8OY2XV,"Clearly, nothing is happening in the news worth reporting considering we are talking about the measles, 24/7.",0.0,0.6666666666666666,1
62MRY6EZ,"""We didnt get vaccinated&amp;we survived! I had smallpox measles mumps &amp;polio&amp;survived"" dad.No.U didnt have smallpox.""Yes i did &amp;I survived!""",-1.0,0.6666666666666666,0
5KRENYTF,"Measles are red, bottoms are blue, loading <user> now, and reading <user> too. #gayvday #singleandgay #hellomr #vdaygay",0.0,0.6666666666666666,1
Y2IYUVYE,<user> it is not all myths about vaccines. My son acquired Rubella from the MMR vaccine just a few months ago.,-1.0,0.6666666666666666,0
1ZIVV3C5,“<user> The #measles outbreak is spreading &amp; has reignited the vaccine debate. Which side are you on? Its really a no brainer...vaccinate!,1.0,0.6666666666666666,2
VDTUMMAK,Misinformation about vaccines increases disease risk. Get your daughters the #HPV vaccine. <url>,1.0,1.0,2
COWGT76L,Please get your #flushot &amp; get your kids vaccinated!  Keep healthy and show #empathy 4 the immune compromised. <url>,1.0,1.0,2
3WC0B8AG,"<user> Stop it! MMR leaves NO scar, period!!! It is a simple injection . No cluster. Given at different time #GetYourFactsRight",0.0,0.6666666666666666,1
H6HE6VWS,Schedule your flu clinics ahead of time to ensure you and your employees get the vaccine. It's never to early. #health #WellnessWednesday,1.0,1.0,2
RXVIES56,Happy Birthday Baby MaKs!!!! #shots #vaccinesday #1month #1mes #primermes #mihijo #myboy #myson <user> <url>,1.0,1.0,2
YTAF4OIJ,<user> <user> <user>  epidemic of Enterovirus; mumps; now measles; drug resistant TB is next #Treason #illegalimmigration,0.0,1.0,1
P5VO7KDT,Arizona classrooms vulnerable to measles outbreak: The Arizona Department of Health Services looked at herd… <url>,0.0,0.6666666666666666,1
0VYN2584,".<user> .<user> .<user> Hannah Poling was compensated in the millions by the US vaccine court 4 her autism. So, they admitted it.",-1.0,1.0,0
GPZY5S4R,"Despite measles outbreak, hundreds in Gallatin County opt out of vaccines <url> #bdcnews",0.0,0.6666666666666666,1
72OFUVD1,"Amid growing vaccination debate, measles continues to spread and is now in New York state <url> (via <user>",0.0,0.6666666666666666,1
RWRDUI2T,"Scary how false science spreads. Kids will die due to it ""<user> 1 in 5 millennials think vaccines cause autism <url>",-1.0,0.6666666666666666,0
CQDD6QLM,"New <user> ""Hey Love"" #MMR #ManyMenRecords #YouAintGotNoEazyInYourSerato trappfly #ComingSoon <user> <url>",0.0,1.0,1
MC7QHP67,"You get a ""choice"" on whether to vaccinate your kids, but not on whether to have them or not? Con doesn't stand for consistency, does it?",0.0,1.0,1
ECHN68T3,I hear there is a measles out break in America... Now fully paranoid of everyone sneezing and coughing around me 😱😱😱,0.0,1.0,1
HU4LTTZS,"Want to catch a real boogieman's disease? From the ""Whitest""happiest place on earth? Than #measles are for you! #Disneyland <user>",0.0,1.0,1
F1D9E0AU,"“<user> According to the CDC, this year's #flu vaccine is only 23% effective. <url> <user> NOT GETTING ONE 😷",-1.0,1.0,0
6D3OIPOM,Autism is not caused by vaccinations. If you believe that you are a very ignorant person,1.0,1.0,2
2Y0PJMKY,"The mountain is out! What a glorious day this is. Cherry blossoms, lunch w/ a pal outside, now a drive to Bellevue to get my MMR shot. Yay.",0.0,0.6666666666666666,1
2YMJFN8N,<user> my son pre/post MMR. Vaccines are not safe for all people. #CDCwhisleblower <url>,-1.0,1.0,0
374PTZ3O,"Malaria, arboviruses, leptospirosis, rickettsial disease, measles, rubella, or typhoid may present similar findings  <url>",0.0,0.6666666666666666,1
YXXDA5HO,This week's #crutchesandspice #blog on the #measles outbreak. #vaccinations #antivaxxers #writer… <url>,0.0,0.6666666666666666,1
3R6VQRLX,"I will call out anti-vaccinators, 9/11 truthers, Jahar fans, Hamas apologists, Westboro  and bandwagon jumpers like <user>",-1.0,0.3333333333333333,0
R3AVI741,"make sure you're immunized, friends! RT “<user> Massachusetts reports 18 #flu deaths; Boston declares public health emergency.”",1.0,1.0,2
2869G0F7,"""<user> Vaccine Injury Compensation Programs
#CDCwhistleblower <url> #VaxTruth",-1.0,0.6666666666666666,0
PP00V3JI,Bay Area officials warn BART riders of measles exposure: Contra Costa County public health officials say BART… <url>,0.0,1.0,1
FPOFLI9M,"“<user> Health officials tell doctors that the flu vaccine may not be very effective this winter:
<url> <user>",0.0,1.0,1
DAF18PGY,<user> Here is the method: Convince parents that they are putting their child &amp; others at grave risk for bad reasons by not vaccinating.,1.0,1.0,2
PCYZDVYE,"Benefits of music: 
- Stress relief 
- Boost immunity 
- Reduce heart disease 
- Enhances emotional strength 
- Boost self esteem",0.0,1.0,1
ACW4PL1E,You are dumb as shit if you don't vaccinate your kids.,1.0,1.0,2
HSB42SCR,"18 children dead from flu this season , 17 yr old boy dead w/o vaccine #sosad #getvaccinated",1.0,1.0,2
SNIUDDKD,"Why it's important to #vaccinate #vaccineswork ""<user> Measles update: <user> says working w/ <user> <url>",1.0,1.0,2
Y1AQ00AL,Ugh. The Autism Speaks walk is in Grant Park today. I know where I'm avoiding. I don't support organizations thy promote anti-vaccine.,1.0,1.0,2
YALQHF2W,Another Study Finds No Link Between MMR Vaccine and Autism <url>,1.0,1.0,2
OQ1JEX8C,Does Breastfeeding Protect My Baby From Measles? <url> #US <url>,0.0,1.0,1
R9DWMQAC,I got to get a MMR,1.0,0.6666666666666666,2
JO7MVZ4Y,"Me: oh, Jenny McCarthy is here. 
<user> hide your children!  She might take away their vaccines. 

It's funny because it's true.",1.0,1.0,2
9X97LSYX,"AMN : Department of Health Reminds Pennsylvanians about the Importance of Finding a Vaccine for HIV: HARRISBURG,… <url>",1.0,0.6666666666666666,2
JK6YKYSY,"""<user> Disneyland Measles Cases Still Trail Ohio Amish Outbreak As Largest In Recent History <url>",0.0,1.0,1
XBGF6TEH,Back-to-School Immunization Clinic Set for August 6 <url>,1.0,1.0,2
SSOC132J,#ThatMomentWhen somebody has been raging against vaccinations and realizes you have vaccinated your kids... #parenting,1.0,1.0,2
7V0PLDY0,Since everyone else is posting about Measles these days...  <url>  I love intractable debates.,-1.0,0.6666666666666666,0
67JCO5VK,Vaccine Safety and Side Effects for Kids from <url> found at <url>,-1.0,0.3333333333333333,0
16FMBRE5,"I don't understand this. “<user> Adult vaccination rates “unacceptably low,"" say U.S. health authorities | <url>",1.0,1.0,2
2LVXDTH9,Baseball Coach At Santa Monica High Contracts Measles <url>,0.0,1.0,1
OQYVIW8X,<user> measles,0.0,1.0,1
C8N23ZCQ,Hello desert ridge. You can see in the email that Maricopa County issued the measles alert. No one in Stuco has measles. Chill.,0.0,1.0,1
PPGDKXQX,High octane fun. #lucasoilpro @ MMR Pit Row <url>,0.0,1.0,1
63ZIK6WB,I'm gonna be so pissed if I get polio or the Black Death because some misinformed bimbo parents don't want Jimmy or Sally to be vaccinated,1.0,1.0,2
9NL91X9M,"TJ has the best quotes and he doesn't even know it. ""She thicker than the measles and the mumps""",0.0,0.6666666666666666,1
OZU8QB9N,"“<user> Mall shoppers in th NYC suburbs may have been exposed to measles, health officials say <url> perils of not vacc",1.0,1.0,2
PNOOX3CL,Or measles or mumps,0.0,1.0,1
COX6E34T,<user> <user> / There is no gray area in this issue. Measles are highly contagious. Vaccinate.,1.0,1.0,2
VAWPDNJH,Vaccines are poison.,-1.0,1.0,0
4I7CQTMQ,I just ousted <user> as the mayor of Central District Health: immunizations on <user> <url>,0.0,0.6666666666666666,1
1URB5WX6,Gettin my vaccine research on #gettested #knowyourstatus #earlyriser (@ National Institutes of Health (NIH)) <url>,1.0,0.6666666666666666,2
R68G1VQI,"Great study out about measles vaccine. What say anti-vaxxers now??
<url> <url>",1.0,1.0,2
LC17DXFL,"Yes, I'm immunized! “<user> <user> <user> we completely disagree with respect to vaccine safety and studies. be well.”",1.0,1.0,2
G0T8SD65,"""notion we get from novels.. ""falling in love"" is something quite irresistible; something that just happens, like measles."" IT TAKES WORK!",0.0,1.0,1
JKRMM4MV,".<user> carries more weight too when it's your kid. I'd do anything to keep him safe.  Don't get the anti-vaccine-movement's ""science""",1.0,1.0,2
ZYN678V4,Jersey Girls Was A Zoo!! GwininTeam We The Best MMR DJ Siroc DJ Nasty DJ Kash @ Jersey Girls Go Go <url>,0.0,1.0,1
9125O5TQ,Angry Parents Opposed To Controversial Childhood Vaccination Bill Threaten To Home School Kids: Hundreds of angry… <url>,0.0,1.0,1
ZX2XDH31,"On average, people who complain live longer;Releasing this tension increases immunity and boosts health. And Coach wonders why I complain!",0.0,0.6666666666666666,1
UY1918GD,<user> Do they itch and have a little clear center like a blister? I say chicken pox or measles.,0.0,1.0,1
U80NGEVW,I wish I could understand why parents wouldn't want vaccinate their kids.,1.0,1.0,2
9EDHAH3H,Get vaccinated! Avoid the measles! #vaccineswork #volvocontest,1.0,1.0,2
P9E3XE9N,Stuffing my brain with 3 chapters worth of immunity responses and infection. #procrastinationgamesostrong,0.0,1.0,1
ASL6U45F,<user> <user> <user> <user> <user> We cannot trust that these vaccines will do no harm,-1.0,0.6666666666666666,0
52UR71N6,9 measles cases linked to Disney theme parks in California: Seven Californians and two people in Utah have… <url>,0.0,1.0,1
W22UC7ZA,<user> no fever... Just the rash everywhere. I'm hoping it isn't measles... I haven't changed her diet or bath soap either tho 🙆,0.0,1.0,1
K30N8WT7,"You know you're a car dealer when you try to type ""mmm"" and your iPhone corrects it to ""MMR.""",0.0,1.0,1
KNF738N5,"“<user> Bill Gates’ Polio Vaccine Program Caused 47,500 Cases of Paralysis Death: <url> so fucked",-1.0,1.0,0
L9MHIU9N,<user> MMR shots failed always blame unvaccinated and push shots $$$ truth: shots don't work,-1.0,1.0,0
QOJ7IG8W,Important Immunizations to Consider for a Healthy School Year <url>,0.0,0.6666666666666666,1
WEGA7YDX,<user> <user> <user> What do u mean Mexican Measles haven't u heard obummer made it all 1 country open  borders !!,0.0,0.6666666666666666,1
UE8CLK0L,“<user> University study: Flu vaccine effectiveness claims are wildly exaggerated: <url> <user>,-1.0,1.0,0
ZX891G30,#herdimmunity is life or death for one #mother <url> #vaccineswork #vaccinate #measles #DisneyMeasles,1.0,0.6666666666666666,2
3ASFIH3T,"<user> <user> <user> <user> what, they can cure male pattern baldness, but no vaccine for this? Think of the children!",0.0,0.6666666666666666,1
632C8GTV,"CDC: Flu vaccine only 56 percent effective: This season's flu vaccine is not as effective as previously thought,... <url>",0.0,0.6666666666666666,1
NC13TDJR,<user> Measles outbreak at Disneyland linked to non-vaccinations <url>  it's reckless and dangerous,1.0,1.0,2
GQX7WS0E,Another milestone and her first set of immunizations...baby Harper took those shots like a champ!!… <url>,1.0,1.0,2
FD7P3EYP,<user> <user> <user> that's what the whole #CDCwhistleblower case is about:fudging data showing link btwn #autism &amp; #MMR,-1.0,1.0,0
Y3RY07F0,People are so fucking misinformed about vaccines Especially new parents. Not vaccinating your kid is horrendous for public health,1.0,1.0,2
XZ1ZSLHO,Measle vaccinations should be mandatory#ronation#cdc,1.0,0.6666666666666666,2
OCIGUXDX,BART Riders Warned of Possible Measles Exposure: Contra Costa Co. — BART riders are being advised that they may… <url>,0.0,1.0,1
E696IO25,MMR .,0.0,1.0,1
SDQZE515,Federal court has vindicated #Snowden as a whistleblower. Tell <user> he deserves immunity: <url> via <user>,0.0,1.0,1
MENM6ZAU,Hey man do your research!!!! The worst part about measles is it can make your kid look Irish.  <user> <url>,0.0,0.6666666666666666,1
DWQN37EU,<user> I would appreciate if you stop the assault on vaccines not causing autism if you are not fully informed. Thank you.,-1.0,0.6666666666666666,0
SRVZPJ9T,"Holy crap, I had no idea RT <user> My #measles shot scar from childhood. Do we still need it? <url>",0.0,1.0,1
7UV3URON,<user> favorite mmr calendar girl..,0.0,1.0,1
ZAGCC4QR,Please #VaccinateYourKids. Conserving heard immunity is critical. A measles outbreak in this day and age is ridiculous,1.0,1.0,2
KB10XXEC,<user> MMR would blow DVE and XDX out of the water.,0.0,1.0,1
81LLZC6O,"<user> I'm at the doc's office and they're showing 'Outbreak', a movie about a fast spreading disease. #HOP get me vaccinated STAT",1.0,0.6666666666666666,2
1O8JRVT8,Shit is unreal. Measles ass crap. Come on. Vaccinate your kids. Or go live in the woods.,1.0,0.6666666666666666,2
YQ08Z4HT,I hope her unvaccinated kid gives Jim Belushi measles. RT <user> <user> what about Jenny McCarthy?,1.0,1.0,2
MRMDTJO8,My chain got pneumonia my watch got the measles,0.0,1.0,1
GIZJJIJ3,"AIDS :  HIV, Breast Cancer and Vaccines: Four examples of engaging stakeholders in health care related research… <url>",0.0,0.6666666666666666,1
3JMMEG5O,#measles #Spokane #madeleines it was aa employee why can't <url> say that?,0.0,1.0,1
8EYCWOY7,"I'm gonna live forever""<user> People who complain live longer. Releasing tension increases immunity and improves overall health.""",0.0,1.0,1
EUFT4DK2,"This trend of not vaccinating kids needs to stop! Like seriously, how stupid are you to say no to them! <url>",1.0,1.0,2
S1WEVIWO,"Study of more than 95,000 kids finds no link between MMR vaccine and autism <url>",1.0,0.6666666666666666,2
KP1D6WC7,"Health Alert: Nine contract measles after visit to Disney parks: Nine people, including at least one from San… <url>",0.0,0.6666666666666666,1
28MWBAEA,Pacool kids level 1 : got my vaccine shot hahaha <url>,1.0,1.0,2
M9CHS0NR,#MMR Jennifair #NewYork #Chicago #Mixtape <url>,0.0,1.0,1
2G0LEG2I,<user> <user> this is worse than getting the measles #mightyducks,0.0,1.0,1
KHA6LZ6C,Don't bring that measles &amp;&amp; Ebola shit in Baltimore,0.0,0.6666666666666666,1
UPW1KF4M,Also everyone in the area should donate to the Camp Out For Hunger #preston&amp;steve #mmr,0.0,1.0,1
Q328SJOJ,<user> Chicago should have been the only city they built on a swamp. And your airport has a measles infection!,0.0,1.0,1
L3MV1FDM,New Measles Cases Confirmed In Marin And San Mateo Counties <url>,0.0,1.0,1
R9ARDYZQ,My baby love got his vaccines /:,1.0,1.0,2
CHGVZL16,"All I wanted was an opportunity, a bad bih, and some immunity to keep a nigga safe from the snakes!",0.0,1.0,1
FHEAG0Z2,#bts of my #GO video shoot w/ <user> #jennifair #mmr #mierssociety #thestreetmoguls #somage… <url>,0.0,1.0,1
VLZCVPW5,The Taliban is killing people who try &amp; vaccinate children against polio in Taliban-controlled areas. Safe to say we've reached a new low.,-1.0,0.3333333333333333,0
I6HFFM54,#sfghgrandrounds - 96% SF preschoolers immunized against #measles- much lower in other areas!. Need &gt;90% vaccination rates 4 herd immunity!,1.0,1.0,2
36DFUB65,Thanks <user> for Leadership Guide for #SchoolNurses advocating for vaccines in schools <url> <user>,1.0,1.0,2
ZO6LPGBN,"“<user> Thanks Jenny McCarthy! <url> this is horrible, and terrifying for new mothers, please vaccinate your children!",1.0,1.0,2
HM2TSOJQ,"!!!!! RT <user> Hand-washing could save more lives worldwide than any vaccine, according to a study by the World Health Organization.",-1.0,0.6666666666666666,0
AXO0OWLM,"<user> hm..check for wounds, may be an infection. If vaccines aren't up to date, may be a disease. Regardless, bring him to the vet",0.0,0.6666666666666666,1
7MPE8BL6,“<user> RICKY FOLOOWED MMR” finally he did something right,0.0,1.0,1
RPXHI3DX,"<user> <user> <user> Well it's not a procedure, it's a safe way to prevent disease. #vaccineswork",1.0,1.0,2
8KXQQ0D0,adbecks killin it presenting our measles work at #eeid2016 poster session @ Cornell University <url>,0.0,0.6666666666666666,1
SUL5U640,<user> Thank you for this timely post.  Good info in light of the Measles outbreak,0.0,0.6666666666666666,1
594HQODG,"UPI: Disney measles outbreak grows to nearly 80 in 7 states, Mexico. <url>",0.0,1.0,1
WH76G0BQ,RT a #blogust tweet and give a child <user> With each tweet a vaccine is donated.,1.0,1.0,2
JU64CW1T,Parents of Kid Battling Leukemia Want Students Vaccinated: A Marin County family is asking their children's school… <url>,1.0,0.6666666666666666,2
PKSTZSIN,"""Stop by the office so you can get your hepatitis vaccine"" 
Are you kidding me. I'm gonna die. I hate work.",1.0,0.6666666666666666,2
G9OMSYCE,a vaccine is a dose of disease which helps to make us immune to the real thing. God uses our problems &amp; pain to protect us in the same way,1.0,1.0,2
5MM2WID1,CDC Director Smacks Down Republican’s Idiotic ‘Immigrants Brought Measles’ Theory -  <url>,0.0,0.6666666666666666,1
X96F1TW9,<user> Probably the same folks who don't vaccinate their kids.,1.0,0.6666666666666666,2
4GQ4M6HI,"Hilary Koprowski, polio vaccine pioneer, dead at 96: Hilary Koprowski, a virologist and former director of the... <url>",0.0,0.6666666666666666,1
WNOIOZE7,"<user>  #Walking Dead, Rick finds a cure for the zombie virus, but won't give it to Carl because he believes vaccines aren't natural.",1.0,0.6666666666666666,2
3D2WTNAK,"Technical Advisor Level III: Immunization Technical Advisor, Washington, Global Health Fellows Program <user> #jobs <url>",0.0,1.0,1
71Z074MQ,"Meningococcal disease affects 3, kills 1 in Orange County; Health officials urge vaccination <url>",1.0,0.6666666666666666,2
FS1I54AQ,<user> lol ewww maybe u got Measles,0.0,1.0,1
05LPU5BQ,"Adult Immunization Suggestions Updated: When it comes to immunizations kids typically come to mind, but the same… <url>",0.0,0.6666666666666666,1
ULMPWH5S,Despite the crazy incorrect comments-I stand by &amp; wont apologize for my post. Vaccinate your kid <url> (my latest <user>,1.0,1.0,2
FY2TE0X3,Tryna catch these measles at Disneyland so I won't have to go to work 😁,0.0,1.0,1
DTWLLJWU,"I really know Sheldon's whole life tho ; I'm dead ass , social security number , vaccine records &amp; all that .",0.0,0.6666666666666666,1
WADQ56LG,"1/4
Simple rules for vaccinations. 1. You don get to put my kid at risk for preventable diseases. 
<url>",1.0,0.6666666666666666,2
S4BCDJ5U,<user> on Thursday 👆👉<user> on Friday 👉<user> on Saturday #mmr #FLYORDIE Weekend !! <user>,0.0,1.0,1
PT2MX16X,When the castle has the measles 😷 #seemslegit #magic #disneyland @ Sleeping Beauty Castle <url>,0.0,1.0,1
WINTTIOW,Drunk thanks to #MMR and #GFE,0.0,1.0,1
JGS53RPY,CCSD: Measles case was at Valley High School <url>,0.0,1.0,1
38257K62,Congratulations to Mrs. Bull and all our MMR Odyssey teams! You make us proud as always. WE ARE MMR!,0.0,0.6666666666666666,1
HN63GNHL,<user> <user> I'm not following the CDC schedule at all- but I believe many vaccines are necessary for public safety,1.0,1.0,2
PI6TOX7X,The pic that'll impress my kids the most <user>  #paralympian <user> #polio advocate #instacorps #vaccineswork <url>,1.0,1.0,2
OFYYWANL,Vaccine increases disease-free survival for follicular lymphoma patients: Study on personalized therapy may lead to ... <url>,0.0,0.6666666666666666,1
E8XWIK6X,WHO estimates #vaccines save 2-3 mill kids annually RT <user> 10 reasons we love vaccines: <url> via <user>,1.0,0.6666666666666666,2
46HB0RNG,"<user> while I respect your decision to vaccinate (&amp;protect your kids which I did), I don't support the Gov't forcing every parent to comply",-1.0,0.6666666666666666,0
65LY6B7B,"Yellow Fever vaccine #ghana (@ Passport Health NYC - <user> in New York, NY) <url>",0.0,1.0,1
2ANZSUT7,"From 2001-2008, a median of 56 measles cases/year were reported to the CDC.  1st 19 weeks of 2011? 118. Vaccinate your kids. (Thx Sean)",1.0,0.6666666666666666,2
6PK0ECOJ,"Conn. expanding childhood vaccination program: HARTFORD, Conn. (AP) — The Connecticut Department of Public Health is... <url>",0.0,0.6666666666666666,1
4478WQ2B,Port St. Lucie girl first case of measles contracted in Florida since 2011 <url> To avoid this disease get immunized,1.0,1.0,2
L5S8Q13U,"Love lookin at everyone else's progress on mmr, gives me motivation #mmr",0.0,1.0,1
XPBFJJBT,<user> <user> <user> parents would no longer be able to rely on the herd immunity of protected children.,1.0,1.0,2
EH8OVPO8,Delaware House passes 41-0 Mental Health Study Group consensus involving immunity provision for 24-hour detainments. <url>,0.0,1.0,1
3HKTRGDL,"Autism researcher Wakefield cana t sue UK journal, editor and reporter in Texas: Andrew Wakefield, who was strip... <url>",0.0,1.0,1
5EB4TLD3,#PublicHealth Necessity RT <user> The Disneyland measles outbreak will likely lead to tougher laws: <url>,0.0,0.6666666666666666,1
ISZ1P17F,"Vaccinations: Inject or Reject, Issue Forum at Multnomah County Building. They have proven themselves to be safe <user> #pdxcityclub",1.0,0.6666666666666666,2
F2QL0G04,"DOH Confirms 25 Cases Of Measles In NYC, Including 3 On LES: The Health Department has now confirmed 25 cases of... <url>",0.0,1.0,1
S9X7WA1R,AIDS N : MMR Vaccination May Not Be Reliable in HIV+ Children: Dr. Siberry: Vaccines may not work as reliably in… <url>,0.0,0.6666666666666666,1
2DNX45F4,Super Bowl Threatened by Measles Outbreak; Beer May Stop Alzheimer’s; Flu Season Wanes,0.0,1.0,1
IA1GNXW0,I hope people understand that there WAS grounding in the vaccines--&gt;autism argument... in the 60s... now vaccinate your fucking children,1.0,1.0,2
UYYRQU8R,"""<user> Arizona monitoring hundreds for measles linked to Disneyland <url> It's a Small World After All.",0.0,1.0,1
DJ1U5S84,"<user> <user> Oh, really? Weren't 5 workers infected? Hadn't they recently been vaccinated 4 #measles? They could spread it!",-1.0,0.6666666666666666,0
IOQF5U8D,"I'm not saying to not give vaccines, I am just saying give them small doses over a long period of time - not one massive dose for a child.",-1.0,0.3333333333333333,0
JH4UU4FI,IS has measles,0.0,0.6666666666666666,1
NILFDC3F,"“<user> A leading CDC official says it's ""possibility"" that vaccines rarely trigger autism <url>",-1.0,0.6666666666666666,0
7TZ69Z4B,"<user> thanks for the favorite.I got hate from pro,let's not vaccinate our children,people. My daughters college got measles this year.",0.0,1.0,1
HEH899RI,Current status: Thankful to not have Measles.,0.0,0.6666666666666666,1
71V3FUWR,"Just regular science. #butseriouslyplease RT <user> Vaccinate your children, people! This is not rocket science. #measles",1.0,1.0,2
QNMJUWI8,<user> I'm convinced you don't need vaccines to stay  healthy...because of my experience &amp; research..(GoodLuck with taking  your poison,-1.0,1.0,0
2AL5JUM6,"1 to 2 in 1,000 ppl who get measles will die from it. Children under 5 are at higher risk for complications like pneumonia
#10Minutes4Truth",1.0,0.6666666666666666,2
IHIN6JGW,21 states trying to make #vaccine exemptions more difficult to get: <url>  <user> <user> #publichealth,0.0,0.6666666666666666,1
OI6YK72L,US to begin safety testing Ebola vaccine next week <url>,0.0,1.0,1
G0N4619K,Free Flu Shots at NJ Clinic: The Cape May County Health Department gave away free flu vaccines for about 140 people.... <url>,1.0,0.6666666666666666,2
30XGC1RF,Measles hit the roads of USA once again: Measles have been making a strong wave of attack throughout the regio... <url>,0.0,1.0,1
PG41G8V5,“<user> California health officials say there are 79 confirmed measles cases in the state. <url> that's fantastic,0.0,0.6666666666666666,1
RPRIWATF,"I'm one the kids who got vaccinated back in the 60's,and the vaccination left a mark on my arm the size of a quarter.",0.0,0.6666666666666666,1
L86E8R1S,“<user> #CDCwhistleblower #autism #vaccines /1” vaccines do not cause autism <url>,1.0,0.6666666666666666,2
EF0SYHQW,"<user> MMR requires a booster at some point, though you may have gotten it as a kid.",1.0,0.6666666666666666,2
8DCH5W0Q,Measles outbreak brings new guidelines for Ohio health-care workers: The state is making sure that health-care... <url>,0.0,1.0,1
6JMA1VVU,"“<user> Dozens of measles cases linked to Disneyland; official suggests kids under 12 and the non-vaccinated stay away."" <user>",0.0,0.6666666666666666,1
G48POW0W,"Should the state of California be quarantined because of measles epidemic? Might contain boxer,pelosi, feinstein &amp; an assortment of loonies!",0.0,1.0,1
GCO0MFGB,"Jesse said I got measles on my face , oh",0.0,1.0,1
VO3LP9HZ,SF Public Health Officer Dr. Tomas Aragon talks about measles exposure. CoCo man traveled to SF via #BART last week. #mapit,0.0,1.0,1
6ZN5SEM4,Outbreak of 51 measles cases linked to Disneyland; non-vaccinated people asked to stay away: Happiness isn’t the… <url>,0.0,0.6666666666666666,1
LO39HTIW,There is no FDA approved vaccine for ebola. We need to be safe than sorry.  Obama was wrong that ebola would be hard to catch. P Motzko,0.0,1.0,1
S1DKKNDO,popularnobodies_  #palaceonsundays #superstarsundays #mmr #mb #mbs #stegmanlife #slothgang @ The Palace <url>,0.0,1.0,1
6M8EM4GM,"<user>  also, do they not vaccinate as kids out here?  I'm pretty sure everyone out east got a course as kids for that.",1.0,0.6666666666666666,2
3RVCLCIW,"I'm at Mmr Station 24 (Weidman, MI) <url>",0.0,1.0,1
4ES5EFJV,<user> MMR?,0.0,1.0,1
KK8DPL86,<user> New Shit 🙌NEW VIDEO:: ALLOUT (<user> x ITCHIN' :: #FLYORDIE #MMR | #PDGRFX: <url>,0.0,1.0,1
PLWGAUGU,Tonight is an nite of bro bands. Milk music = bros. German Measles played their best set i seen. Wonder if ill make it to TOnstartssbandht.,0.0,1.0,1
03HGEM1X,<user> <user>  no! Going to get a measles shot,1.0,1.0,2
3ZJA38P0,"Autism Speaks w/credibility, no scientific evidence links vaccine to autism.  Measles is dangerous and vaccinations work.",1.0,1.0,2
5GRH6V1A,Look people we never had a measles out break until Obama let all the illegal children in. Let's put the blame where it belongs.,0.0,1.0,1
6NDGZHTV,Why don't dogs ever get like strep throat or the measles?,0.0,1.0,1
CVPWFGZZ,<user> great info today esp reemerging measles and anti-gluten fad. TY,0.0,0.6666666666666666,1
FURRMF4T,<user> vaccinations.why it is ok for govt to force a child to receive chemo when the outcome would only harm herself yet vacs r an option!,-1.0,0.6666666666666666,0
IB0T965A,Don't use your kids as your ante for your conspiracies. RT <user> Seems like a good time to remind everyone: vaccinate your kids.,1.0,0.6666666666666666,2
T61C6CIJ,"“<user> US measles cases hit 20-year high, with 307 reported since Jan. 1: <url> Thank your celebrity furthers for this!",1.0,0.6666666666666666,2
V8BE7LY8,<user> they placed all u pros at high mmr but u cant handle the void/razor/es players,0.0,1.0,1
BAJFTTTL,Law would end 'personal belief' vaccine exemption for children <url>,0.0,0.6666666666666666,1
RE6C4TTL,Worried You’ve Been Exposed To The Measles? <url>,0.0,1.0,1
NU45PM4A,"State, Waiting for Feds, Providing Vaccines for Child Detainees: In light of a recent surge of undocumented... <url>",0.0,1.0,1
X3TVG69D,Vaccinate your kids please!!!!!!,1.0,1.0,2
MMCQWQNH,<user> New Surgeon General Dr. Vivek Murthy: Measles vaccine is safe and effective <url>,1.0,1.0,2
SYUSUARN,"With a measles epidemic on the rise, here's what you need to know!  <url> #mcj203 #2/2",1.0,1.0,2
FJ3TR5YR,Vaccine exemptions for students rising in Indiana: More Indiana students are being granted exemptions from... <url>,0.0,1.0,1
4U8OB25X,neighbors are so cute jus woke up to #mmr blasting. They know what I'd be doing if I could pick my ugly bruise face up and put my gloves on☺,0.0,1.0,1
2L83FR5G,I don't understand why people don't vaccinate their children. Like do you want to expose them to deadly but totally preventable diseases?¿?,1.0,1.0,2
Q9C5TABK,Access to Fitchburg school is limited amid measles scare <url> Most read by neighbors in #Fitchburg #MA,0.0,1.0,1
2Z8U15KG,<user> Hope it's not the Measles,0.0,1.0,1
0SG687GH,Always a good sign. #mmr #goodlifegravel #latergram @ Mills County <url>,0.0,1.0,1
ESSWXLMQ,AIDS N : HIV: New vaccine which boosts body's immunity could lead to cure for disease: Researchers have said that a… <url>,1.0,1.0,2
BR7DH65Z,Let's review:  School boards know more than parents and doctors know more than school boards.  #vaccinationdebate #LosAngeles,0.0,0.6666666666666666,1
A2CJ16EE,To the parents who don't vaccinate your kids <url>,1.0,1.0,2
UGZJFRCX,Are you kidding me! We WILL seek immunity on a civil lawsuits! Somebody through 2 Shoes at Mark O'Mara's Smug ass face too! Disgusting Face!,0.0,1.0,1
BL800GDX,<user> CDPH warns that intentional exposure to measles could result in measles. <url>,0.0,0.6666666666666666,1
31C9X43I,New Measles Cases Confirmed In San Mateo And Marin Counties <url>,0.0,1.0,1
9H7YID65,How to think about the risk of #autism? - A nice piece in the <user> debunking false theories related to vaccines <url>,1.0,0.6666666666666666,2
RG6I1M0Y,"MSNBC, you bastards,you got me. Headline read: ""Beck sees measles outbreak as hoax""

You click the link and it then changes to, 'Glenn Beck'",1.0,0.6666666666666666,2
UD6Z82JS,Proposed Law To Require Vaccination For Schoolchildren Faces Long Slog Through Legislature: California lawmakers… <url>,0.0,1.0,1
5QVP0CBQ,"2 mos vaccines = sleepy, snuggly baby. Perfect for outlining grant proposals. #MaternityLeaveScience",1.0,0.6666666666666666,2
DZ4Z7FJQ,HB1902 [Passed] Motor vehicles; providing civil immunity for removing child from motor vehicle using forcible ent... <url>,0.0,1.0,1
V9LU3HHE,<user> But your opinion potentially has a bearing on my life if you don't vaccinate your kids or convince others not to vaccinate.,1.0,0.6666666666666666,2
KGXN4F2U,Kid behind on vaccines? Can we catch up today? Answers at your fingertips. Check out the CDC Vaccine Schedules app.  <url>,1.0,0.6666666666666666,2
72UUXXDP,Great documentary on vaccines #Nova #pbs <url>,-1.0,0.3333333333333333,0
BM1R1ABC,Hmm <user> National dogs day is trending. What about our human vaccine injured KIDS? .<user> #CDCwhistleblower”,-1.0,1.0,0
JRYRY945,"My kids aren't vaccinated 
#MakeAFirstDateWeirdIn4words",1.0,0.6666666666666666,2
TE000R36,Flu deaths are up.... Vaccinations are down. We are talking about why it's all so worrisome to health officials this morning.,1.0,1.0,2
9G0R7UUU,<user> how dare you dismiss my vaccine  injured  child.,-1.0,1.0,0
SOACKMWX,<user> I want to know why American children are excluded from an education for not being immunized but illegals get a pass?,1.0,0.6666666666666666,2
G94PTGDP,“<user> How about parents Guide to Dealing With People Who have vaccine injured children ( fuck you by the way) <url>,-1.0,1.0,0
9KPDFLR3,"<user> BTW, not sure if you were purely trolling but some people can not take the measles vaccine (kids &lt; 1 year, for example)",0.0,0.6666666666666666,1
FNU1Y1L6,Kids should not be forced to get vaccinations by schools!! <user> <user> they're not guinea pigs!!!,-1.0,1.0,0
FWFJGEM9,"Mogul Media Records Present: Jennifair's hot single ""Paranoia Comsumes"" #MMR <url>",0.0,1.0,1
8S2TYK9B,"Chris Christie acted quickly to stem the virulent outbreak of Ebola in NJ, but feels it is not necessary to vaccinate against measles?",0.0,0.6666666666666666,1
Z1PK4BQH,Why wouldn't u vaccinate your child? Why would u not want to protect ur child from life-threatening diseases &amp; put other kids in danger?,1.0,1.0,2
4BL7DG4D,Someone literally just said that vaccines are a government conspiracy to make you die faster. 😑,1.0,0.6666666666666666,2
5X6OQLEQ,RT <user> Kids and Teens Get Free Immunizations For Whooping Cough <url>,0.0,0.6666666666666666,1
7TALGIVG,The consult with the other doc has ruled out measles...lol fucken really?! Measles?! -___-,0.0,1.0,1
JBVOZPTV,<user> <user> <user> we have an eye doctor appt at 8am &amp; then I have to get my blood drawn for my MMR titer so after that?(:,0.0,1.0,1
PQGFHO79,"Send a message, ask yr senators to help make sure all kids have access to life-saving #GAVI vaccines.
%0D%0A%0D%0A <url>",1.0,1.0,2
03H9PLRZ,<user> YOUR CHILDREN WILL DIE FROM A VACCINATION SIDE EFFECT,-1.0,1.0,0
B6U9OR69,“<user> Measles Proves Delicate Issue to G.O.P. Field <url> But WHY?  #vaccinessavelives #vaccineswork,1.0,0.6666666666666666,2
TZ1QG2YI,"So inspiring RT <user> Your weekly cynicism vaccine: ""Pakistani girls defy Taliban school bombings""  <url>",0.0,1.0,1
85B8L54L,"""<user> Conservative Neurosurgeon Ben Carson Says Vaccines Are A Public Health Issue <url> 1 thing I agree with him on.",-1.0,0.6666666666666666,0
B8SZWVQU,"""<user> Vaccinations don’t cause Autism <url>",1.0,0.6666666666666666,2
AJ2KZEVG,25 NYC people have been diagnosed with measles in one month. thankssss everyone who doesn't wanna vaccinate your kids!,1.0,1.0,2
RMX8GP74,<user> Human testing for #Ebola vaccine? They are scared of this #EbolaOutbreak. Live virus?! Level 4 suits for all!!,-1.0,0.6666666666666666,0
MAK28I6J,“<user> 13 new measles cases connected to California Disney theme parks <url>  Vaccinate your kids!,1.0,1.0,2
82LHBSJP,Day 17) Candy #immunityphotochallenge   @ Burnt Hills High School <url>,0.0,1.0,1
XC0THGUG,An example of amazing social media for social good is <user> blogging relay to help provide vaccines to children. #DigATL,1.0,1.0,2
GFUKJLQU,"Got the whooping cough vaccine, told husband he needed one too to prevent baby from getting it. His response #GigEm <url>",0.0,0.6666666666666666,1
SX3ZHND9,Are measles relatives to weasles?,0.0,1.0,1
E7FEJ5WS,"...and the lights are off.
#inspiration.. #mmr #david",0.0,1.0,1
MOEE9C2E,<user> <user> yeah im like a vaccine...im the disease but a weakened one ta stop people from contracting the worse kind,0.0,0.6666666666666666,1
N3HE7X92,<user> it's contagious maybe #momcongress &amp; <user> can find a #vaccine.Tell friends #public school is dying. <url>,0.0,1.0,1
Y2YW1MH6,WE HAVE MEASLES AT VALLEY! 💀,0.0,1.0,1
HYKES0CW,"Mom's ""angry as hell"" Facebook post about measles goes viral <url>",0.0,0.6666666666666666,1
397KZ8J7,<user> very true! Nothing in life is 100% but science shows #Vaccine pros greatly outweigh rare risks.,1.0,1.0,2
69I3AWU4,I think I'm about to get in a fb argument about vaccinations with this cretin I know from high school #VaccinateYourKids,1.0,1.0,2
DEF0OBUY,"“<user> Your Child's #Immunizations: Diphtheria, Tetanus &amp; Pertussis Vaccine (#DTaP) <url> + handwashing for health",0.0,0.6666666666666666,1
IKWR11VB,Brain Cancer Patients Sought for Clinic Trial of Vaccine <url> via <url>,-1.0,0.3333333333333333,0
1541DOCT,Road to 4k mmr ... Just winning and having fun with my old buddies :P Hehee &lt;3 @ aftiel's base <url>,0.0,1.0,1
8GYUJVOO,"If you are over 50 &amp; had chicken pox as a kid, GO GET THE VACCINE.....you DON'T want to get shingles.",1.0,0.6666666666666666,2
2R16QPQM,<user> She's lying to protect him. Remove the immunity and threaten her with me we seeing her child again. #AaronHernandez,0.0,1.0,1
SR2547IO,"Hah. Ha ha. 

Fucking vaccinate your children.",1.0,0.6666666666666666,2
E8PYBBDZ,"Why you should, and shouldn't, worry about measles: Measles has become relatively rare in the United States, thanks… <url>",-1.0,0.3333333333333333,0
0AP1PQMI,Shocking- “<user> Long-Term Disease Database Proves the Value of Vaccines <url>,1.0,0.6666666666666666,2
83XZC4TF,"Joe went to chain gang for TWO lil measles months And come back thinking ""thing"" means ""think"".",0.0,0.6666666666666666,1
BXQJJOCU,Despicable. “<user> Katie Couric casts her lot with Jenny McCarthy and the rest of the vaccine truthers <url>,1.0,0.6666666666666666,2
HU0N6SL1,<user> Mike you were great last nite! Amazing performance loved it when Ronnie Hinson started singing with y'all! Had JESUS MEASLES,0.0,1.0,1
VL1CNJ0L,"""At SIS-C slaughterhouses,visibly diseased animals-cattle infected with measles and tapeworms,covered with abscesses-were being slaughtered""",0.0,1.0,1
WOUP1SHH,RT <user> Real history: Vaccines not responsible for halting infectious diseases of 20th century <url>,-1.0,0.3333333333333333,0
REHN9VZ3,I want to go to Disneyland but I also don't want measles,0.0,1.0,1
YXTLQWUC,"#Measles cases linked to Disneyland, debate over #vaccinations great example of reversing medical progress <url>",1.0,0.6666666666666666,2
O1J5PFAR,"Illinois Measles Count Climbs To 13 Cases: Two more children in suburban Cook County have come down with measles,… <url>",0.0,1.0,1
9A0XGHD8,"Students at local high school get sick with whooping cough despite vaccinations, administrators say: An area high… <url>",0.0,0.6666666666666666,1
B46MPMDE,"If I ain't the illest nigga I'm its new vaccine, really more like poison",0.0,1.0,1
JC8O1OYN,MMR is playing iconic horror movie scores &amp; having callers guess. Apparently I SUCK TOTAL DICK AT THIS because I haven't gotten a single one,0.0,1.0,1
4GOBS3NO,<user> <user> believe me I'm fully aware. But are u aware the amount of mercury in vaccines injected to new borns is 4x FDA appr,-1.0,1.0,0
X46YZWSA,An excellent source of information: <url> #vaccinations #aintnomeasleshere #autism,0.0,0.6666666666666666,1
5M2D9IFR,"When?  Great o. O ""<user> #BREAKING: Sharp Grossmont Hospital's ER closed due to a suspected case of measles.  <user>",0.0,1.0,1
DJBKUDFL,<user> Stinkfist from Tool for my drive home! Nice MMR!,0.0,0.6666666666666666,1
LH976TME,"Start the school year right. RT <user> For Pete's Sake, Go Get Your Kids Vaccinated Already! <url>",1.0,1.0,2
2MH0OIYF,"<user> how tf did I get stuck with ""crystalkins"" 😳 that sounds like a vaccination for the measles or some shit",0.0,1.0,1
CO2CFY2E,New immunization requirements for Hoosier kids for 2014-2015 school year: INDIANAPOLIS — Indiana kindergartener... <url>,0.0,0.6666666666666666,1
FTENURQ0,California Legislature passes strict school vaccine bill: California lawmakers on Monday sent the governor a… <url>,1.0,0.6666666666666666,2
IRXN5DMU,Sen. Boxer wants all children at Head Start programs to get vaccinated-introduces legislation. #Measles #mapit <url>,0.0,0.6666666666666666,1
C04YE8RB,Clark County reports fifth measles case: An infant has become the fifth confirmed measles case in Clark County this… <url>,0.0,1.0,1
88Z6NYGF,I wanna go to Disneyland so badly and get measles 😍,0.0,1.0,1
JHBY3LG3,King County health officials warn of possible measles exposure: King County health officials say a child with... <url>,0.0,1.0,1
VJXPI6OR,An interesting article on a small phase I <user> that utilized a modified measles strand to treat myeloma #mmsm  <url>,0.0,1.0,1
0PA7DKVM,"Yes, I think we have both had MMR jabs in the last 3 years &amp; I'm certain t has bc he had lost his records &amp; had to get all redone 4 greencrd",0.0,0.6666666666666666,1
ID5H0GVF,"#pharmaceutical Vaccine Pharmaceutical Sales Representative - InventivHealth -  Fort Myers, FL  <url>",0.0,1.0,1
FICZWYJH,Students Line Up to Get Free Back-to-School Vaccinations <url>,1.0,0.6666666666666666,2
6QJ571QM,"LAST ONE. 
Vaccinate your damn children. I swear to god if I hear about this vaccination autism shit one more Time I'm going to kill myself",1.0,1.0,2
KEXNAUV1,What vaccine(s) should all babies receive before leaving the hospital?,1.0,0.6666666666666666,2
UGZQCE3T,FREE! Back-to-School Immunization Clinics start this Saturday at T.H.E. Register now. Call… <url>,1.0,0.6666666666666666,2
Q1R1YJHD,"“<user> Calif. officials say children and others not immunized against measles should avoid Disneyland after outbreak"" or VACCINATE???",1.0,0.6666666666666666,2
D2RU75UE,There is no immunity that can be built from a group of ladies talking about guy problems. Please bring back the germy kids.,0.0,1.0,1
IK2TXXBM,Let's go to Disney and get measles!,0.0,1.0,1
B697KFWI,Lol five babies diagnosed with measles in Chicago. #vaccineswork,1.0,1.0,2
UGNQLFJX,"<user> On average, people who complain live longer -- Releasing this tension increases immunity and boosts their health. <user>",0.0,1.0,1
J1R9ZEEQ,I don't even know how to express how I feel about parents who don't vaccinate children because of false studies that it causes autism,1.0,1.0,2
OBSE4DJM,3 people in the IE have measles 😩😷,0.0,1.0,1
CR4VCU12,"<user> <user> ""Anti-vaxx propaganda will not appear in the top results for a “measles” search.""",0.0,1.0,1
K2Q90HP6,"Very good #vaccine news and great news for kids!MT""<user> 83% of kids around world have received Tdap vax. <url>",1.0,1.0,2
DSL4KA47,Yuppie moms are all wrong. Transitions lenses cause autism not vaccines,1.0,0.6666666666666666,2
A8NR1AW6,<user> <user> figuring stuff out besides the possible pregnancy scare among others,0.0,1.0,1
H0EXONVQ,Health officials recommend certain people stay away from Disneyland as measles outbreak continues <url>,0.0,1.0,1
4O4K1KKO,"<user> <user> 

Some folks oppose vaccines.  Their kids could still get polio or worse!",1.0,1.0,2
W9R7ANDK,"Tiny increase in intussusception after 1st Rotavirus vaccine in series.  Benefit &gt; risk
<url> <url>",0.0,0.6666666666666666,1
K9ICHK0D,<user> <user>   If you weren't vaccinated you didn't go to school. What happened to that?,1.0,1.0,2
X3ZG8C9N,"“<user> Dear parents of unvaccinated child who exposed my cancer-stricken daughter to the measles, thanks! <url>",1.0,1.0,2
LYCIGLPG,"I swear, I don't even know why this vaccinating your children thing is a debate 😐",1.0,1.0,2
6D03MEDF,"The fella with the shingles on the tv ad is freaking me out. Is #BigPharma using extreme scare tactics so I will get a vaccine? 
Surely not?",-1.0,0.3333333333333333,0
ZARCCPZV,You were supposed to be the vaccine but you gave me the disease.,0.0,1.0,1
K0MKUPWS,"Withing drawing blood and giving this kid #vaccines, had to #poke him like  @ Harlem Hospital Mural Pavilion <url>",0.0,1.0,1
RA3I14D2,A big thank you on behalf of measles to all the dummies who don't immunize their kids,1.0,0.6666666666666666,2
JFJZZD7I,"<user> Our schools required you to be vaccined and boostered. It's a big controversy, but I agree with vaccine shots.",1.0,1.0,2
7PINN5WP,Feds: Immigrant kids given adult dose of Hepatitis A vaccine <url>,0.0,1.0,1
H9CSEGDD,parents have to fear sending their children to school because they might catch the fucking measles and die - it's a joke right?,1.0,0.6666666666666666,2
7UEMABXX,There's a measles outbreak. The governments at it again!,0.0,0.6666666666666666,1
9B1WHXX5,Finally rt <user> California cracks down on vaccine exemptions: <url> via <user>,1.0,0.6666666666666666,2
NKMUP2XU,<user> cause if you have a severe allergy to something it's wise to avoid it. Dumb question. Vaccinate or keep your kids at home.,1.0,0.6666666666666666,2
HES65ERI,"<user> Yes, there are many ways, but NOT vaccinating IS socially irresponsible. Vaccines do not cause autism.",1.0,1.0,2
0ADJXYEC,WHO THE FUCK HAS MEASLES?😷😡,0.0,0.6666666666666666,1
4N2NF4XU,"AIDS :  County gets funding for HIV/AIDS treatment, children's vaccines: The Victoria County Public Health… <url>",0.0,0.6666666666666666,1
QMZ7Q90N,Must. Stay. Awake. 👶😬 #baby #teething #immunizations,0.0,0.6666666666666666,1
WCD2AMS3,There shouldn't be a debate. You need to vaccinate your children.,1.0,1.0,2
NSJP73DN,"Not to be repetitive, but I could not be less shocked. No increase in ASD, even in genetically high risk. #vaccinate <url>",1.0,1.0,2
L7RHLPLD,"When you take your child to kindergarten, you need PROOF that your child has had their immuizations for measles, hepatitis, varicella.",1.0,0.6666666666666666,2
SYM6DZSM,"""<user> Kid asked -If yr vaccinated &amp;I'm not, HOWam I a threat2u? #CDCwhistleblower.. <url> AGREED
ProudlyUnvaccinated",-1.0,1.0,0
8ILZ2NQR,"Always a fun time getting vaccinated for #school #collegelife #sarcasm. Circle circle, dot dot, I've got my cootie #shot",0.0,0.6666666666666666,1
Y8O6RKU2,<user> I finally got the whooping cough vaccine a month ago. helps slow the spread of the diseases hopefully,1.0,0.6666666666666666,2
XMA4I55J,the health department lame af. talking bout be wise immunize lol,-1.0,0.6666666666666666,0
J6X78I94,Yo boy just ain't tryna catch no measles doe,0.0,0.6666666666666666,1
7XCKHR54,“<user> People who complain live longer. Releasing tension increases immunity and improves overall health.” <user> c I knew it,0.0,1.0,1
WFB0ADUY,"<user>  she was like , "" that my dads like the plague however they do have vaccines for those type of infectious diseases .""",0.0,0.6666666666666666,1
0MZTJ23Y,Brain Cancer Patients Sought for Clinic Trial of Vaccine <url> via <url>,0.0,1.0,1
LKSSZADY,"Explorers gave Native Americans blankets deliberately infected with measles, killing off 90% of the population with such biological weapon.”",0.0,1.0,1
58IB1OPO,Measles Still Kills 400 Kids A Day — And It May Be Making A Comeback <url>,0.0,1.0,1
6MXGGSBW,Measles is roughly 3 to 4 times more contagious than Ebola. Let's keep this in perspective <user>,0.0,0.6666666666666666,1
EF8NQM2E,"This small pox vaccine is killing me, my arm hurts so bad.",-1.0,0.3333333333333333,0
AU25H8WB,".<user> Possible case of #measles reported at #Philly museum, <url>",0.0,1.0,1
YFW6GEBS,I didn't go to school Monday or Tuesday therefore I was NOT exposed to measles :),0.0,0.6666666666666666,1
6X9NRJKU,Thomasville mother blames immunization shots on daughters’ autism <url>,-1.0,0.6666666666666666,0
FCHKKEDL,RT <user> Vaccinations The Measles and Medicaid Expansion <url> <user>,0.0,1.0,1
HSNNK69R,AM-News : Quadrivalent HPV vaccine effective in women with HIV: The quadrivalent HPV vaccine was safe and... <url>,1.0,0.6666666666666666,2
ACHTTN4X,Please vaccinate! Most of the anti vaxx crap is either straight up lies or people with a fundamental misunderstanding of statistics and math,1.0,1.0,2
P9SWC8XS,Law and Order SVU S10 E19 the case with the measles aired in 2009 here it is 2015 and we're living it,0.0,1.0,1
HPQ63SLS,“<user> Measles Virus Proves Deadly To Cancer  <url> 😊,0.0,0.6666666666666666,1
ICIZL0IC,I can't believe someone just honestly asked if immunizations can cause autism #facepalm,1.0,1.0,2
7CZ0S9M8,"If you think an attenuated vaccine is going to paralyze your child, I hope they get polio and blame you for the rest of their lives.",0.0,0.6666666666666666,1
V27JWHIW,Which one is more risky for childrena vaccination or going to get them from school with your own car?,0.0,0.6666666666666666,1
KWXJF3ZG,<user> my children had never gotten vaccinations. How can you poison your children!,-1.0,1.0,0
6SQPLPAL,"<user> <user> <user> <user> <user> Even with the vaccine, your child is still at risk of catching the disease.",0.0,0.6666666666666666,1
LMSX2YFO,How come a public health matter like preventing cervical cancer by immunizing girls is decried by <user> when the parents given opt out TX,1.0,1.0,2
J6KP7WJS,<user> <user> I just watched the melon drop. It was definitely better than whatever Jenny Measles is doing.,0.0,1.0,1
H9CH4U03,This dumb bitch basically tried to say hand washing will defend against the diseases vaccinations prevent. I hate ppl.,1.0,1.0,2
JMN392L8,"<user> <user> 

Idiots won't use condoms in risky situations.  An AIDS vaccine would be a good start.  Flu vaccine can't cover all",1.0,1.0,2
S7IB065S,"Officials: 6 measles cases confirmed in Illinois: Six cases of measles have been confirmed in Illinois, including… <url>",0.0,1.0,1
4TVTM2Z4,“<user> <user> U r à PIG Ferg!!🐷🐷” nahh I'mMr allnighter. He🍆 is the pig🐷/🐺/🐍😁😝😂,0.0,1.0,1
97ILGBYN,<user> let's use Ebola as a push for people to get #flushot #vaccinate against diseases we can eradicate.,1.0,0.6666666666666666,2
9LKLMD7J,<user> That used to be me. The sharp rise in autism doesn't align with drop in # of vaccinated. I ruled out vaccine/autism theory.,1.0,1.0,2
FRPLIEGY,You're psychotic if you are not vaccinating your kids.,1.0,1.0,2
XVAL9UY8,CDC Whistleblower Admits Suppressing Information Regarding Vaccines and Autism <user>  <url> #tcot via <user>,-1.0,1.0,0
W98J10WQ,PSA vaccinate your little dirty ass children,1.0,1.0,2
APXUMYDO,Measles vaccine attacks cancer in landmark study <url>,1.0,1.0,2
3BKPAFFR,Health: Researchers Testing New Vaccine That Could Lower Blood Pressure: A new way to lower blood pressure might be… <url>,1.0,0.6666666666666666,2
RYRCIY6X,Study: Military Kids More Likely To Be Missing Out On Routine Vaccinations: New research reveals kids in military… <url>,0.0,0.6666666666666666,1
2S526GF1,One of Seven California Disneyland-Connected Measles Patients Lives in Bay Area: One of seven confirmed cases of… <url>,0.0,0.6666666666666666,1
0JTP29C0,"""Maci, when you have kids... Get them fucking immunized."" -- words of wisdom from my mother #MeaslesProbs",1.0,1.0,2
SAO6IGOR,Measles Alert for Dulles Airport Travelers: A passenger infected with measles traveled through Dulles... <url>,0.0,0.6666666666666666,1
3QJ6UU9P,HB5364 [NEW] Health; immunizations; exemptions from immunization requirements; expand statements of exemption to ... <url>,1.0,0.6666666666666666,2
U7Q7IB4W,Disneyland Measles Outbreak: Infected Woman Took 2 Flights Before Diagnosis <url>,0.0,1.0,1
H0AR80GW,Vaccines and Autism <url> via <user>,0.0,0.6666666666666666,1
CB2MBLB7,<user> <user> A vaccine for tick-borne encephalitis is given to infants at 13 months of age in Austria. Symbiosis with deer?🌍,-1.0,0.3333333333333333,0
HYK7W3S6,HB1622 [Complete] Firearms; authorizing the carrying of handguns onto private school property; providing immunity... <url>,0.0,1.0,1
4Q1ROWZD,“<user> #NYC #Measles Outbreak Spreads to Lower East Side... <url>,0.0,1.0,1
VYL2F6QQ,"SB550 [Update] In child protective services, further providing for definitions, for immunity from liability, for ... <url>",0.0,0.6666666666666666,1
64FUQOCZ,King County measles case confirmed in traveler from Brazil <url>,0.0,1.0,1
EF6HU81M,"<user> Prior to vaccines, your child had a very high chance of death from one of the many diseases it protected her from.",1.0,1.0,2
41A0C3ZT,"#refugeecrisis
Can you imagine how many of these people have never been vaccinated against disease?
What is EU to do?",0.0,0.6666666666666666,1
UY0H7HCF,Pretty sure the girl who had measles at ECC just rolled up next to me... Normally people don't wear medical face masks😷,0.0,0.6666666666666666,1
X26PPKAJ,68 cases of measles in Ohio. The anti-vaccination movement is tantamount to denying the holocaust. <url>,1.0,0.6666666666666666,2
4RXSVAAG,N.C. aiming to require meningitis vaccine for school <url>,1.0,1.0,2
AIUQUHS7,Why you should worry less about Ebola and more about measles: <url>,0.0,0.6666666666666666,1
HAYGYZDB,"So strange, reading about AIDS, Ebola, measles... Quite the trifecta!",0.0,1.0,1
ZTJK0ODJ,“<user> <user> <user> <user>  paren de mmr #triodeseñoritas” trios los de las Tia's  del abuelito esos sin son tríos,0.0,1.0,1
OZE1YYA1,Do I get immunity for killing a few douchebags? I mean they'll likely rape someone in the future,0.0,1.0,1
VVVK8L1X,<user> Mandatory vaccines...my ass....over my dead body!,-1.0,1.0,0
NEX48ZBO,<user> <user> when #Ebola was a scare... Ppl bemoaned oh a vax. Now when there is 1 to prevent measles u don't... #BogglesMyMind,1.0,0.6666666666666666,2
SQ6HHH01,"#Autism, #Vaccinations <url>",-1.0,0.3333333333333333,0
KBKSBQH3,Why the fuck would you not vaccinate your kids?? You're not qualified to make claims that vaccines aren't good!!!,1.0,1.0,2
HVCCK7RH,"New Choices For Seasonal Flu Vaccines: WebMD Health NewsBy Brenda Goodman, MAReviewed by Michael W. Smith,... <url>",0.0,0.6666666666666666,1
VDR0F3A8,"Flu shot less effective this year because current flu virus has mutated, CDC says: This year’s flu vaccine is not… <url>",0.0,0.6666666666666666,1
HFJICYLC,Not only should they treat people where they obtained the disease but they should also provide vaccinations to those who reside in that area,1.0,1.0,2
USHOUH2G,#WorstDateIn5Words Vaccinations cause autism. Wake up.,-1.0,0.6666666666666666,0
E3RDKLNS,<user> How much do you want to bet her kids aren't vaccinated? Seriously looked liked the type.,1.0,0.6666666666666666,2
QSI20I2E,Measles outbreak at Disneyland is spreading fast! 😱,0.0,1.0,1
Y37YQNZ7,1 Confirmed Case Of Measles In Ventura County: VENTURA COUNTY (<url> — Authorities Friday... <url>,0.0,1.0,1
N920B92Y,If Your Reading This You Are Obligated to Come Buy... #MMR #madhatterdc #live  #dc #dj #dupontcircle… <url>,0.0,0.6666666666666666,1
IC1JUFVO,Man what if Balto risked his life to bring vaccines to the village and then the people living there said nah we don't  vaccinate our kids,1.0,0.6666666666666666,2
AXDKVDN6,So apparently the nasal spray live culture flu vaccination isn't going to work out for Desmond. He keeps throwing up. Poor baby. #sadface,-1.0,0.3333333333333333,0
4QYN15Z1,<user> <user> <user> lol nigga we can't get measles,-1.0,0.3333333333333333,0
39RJI5QQ,<user> i thought it was mandatory law to get your children vaccinated...,1.0,0.6666666666666666,2
QPTK0QFV,"Kisses spread germs, germs are hated, so kiss me baby, I'm vaccinated! &lt;3",1.0,0.6666666666666666,2
B4VVTUGA,"<user> w/my 3rd child I went slow, 1 vaccine at a time. Began to see health probs, plus research enlightening me. We stopped.",-1.0,0.6666666666666666,0
FRGIDXM2,During the process #ouch #vaccines #shots @ University of Maryland Health… <url>,1.0,1.0,2
QPQ8JYU1,AB2832 [NEW] Immunizations: vaccine injury information. <url>,0.0,0.6666666666666666,1
H3LD67D2,".<user>  it's so damn selfish, especially when some kids with weakened immune systems CAN'T be vaccinated on the proper schedule",1.0,0.6666666666666666,2
QMFS3JB5,<user> and where does that mention vaccines being a cause of autism? This is antivaccine rallying looking for anything to bite onto,1.0,1.0,2
TUR37NG4,Omaha Jackrabbit 2014 #nebraska #gravel #mmr #teamdundee @ Village of Kennard <url>,0.0,1.0,1
ZXK6NAH7,<user> <user> no he has measles,0.0,1.0,1
GA15NU91,NANNY STATE ALERT: Sen. Richard Pan to introduce legislation that would prohibit parents from opting out of vaccinating kids <user>,0.0,0.6666666666666666,1
2WO6WA7H,<user> as a mother of 3kids with Autism I believe vaccines have nothing to do with it I do think Autism is overly diagnosed also,1.0,1.0,2
V1LSRZYU,"My Neck Is So Sick , Got The Measles ..",0.0,1.0,1
CNQS59HI,"<user> <user> <user> I bring in the higher MMR players, duh",0.0,1.0,1
FUQDMZDH,"MMR TIME! (@ Virginia Mason University Village Medical Center in Seattle, WA w/ <user> <url>",1.0,1.0,2
16Z7E1LL,"CDC advisory committee recommends meningitis B vaccine for teens: Today, an advisory committee for the the U.S.… <url>",0.0,0.6666666666666666,1
N62BDAGN,From a record low of 34 cases in 2004 to &gt;644 in 2014. Endemic measles ain’t bean bag.,0.0,0.6666666666666666,1
ON73GTQR,<user> omg did you really have 5 tabs open about the measles?! 😑,0.0,1.0,1
1WX3F9L8,".<user> ""understands"" <user> anti-vax movement that has revived nearly eradicated measles. <url> <user>",1.0,1.0,2
IQPUXA77,My nephew is on the way to the ER they believe he may have the Measles.,0.0,1.0,1
LBTOBSAH,<user> I'm just glad he doesn't have measles,1.0,0.6666666666666666,2
TAYPG166,<user> here here <user>  we agree on vaccinations. #kidshealth,1.0,0.6666666666666666,2
QTGARIDL,Bring Your A Game Tonight <user> #mmr #mixmasterrod #dj #dc #openformat #follow #photo #pics… <url>,0.0,1.0,1
TUM5JPK8,Illinois Measles Cases Climb To 15 With 1 New Adult Sick: Health officials in suburban Chicago say customers of a… <url>,0.0,1.0,1
A35TNI6J,Vaccinate your kids for the sake of us all. #SVU,1.0,1.0,2
D8TVG1ST,Facts RT <user> Yup  RT <user> Lol RT <user> All these vaccines trigger diseases later on trust me,-1.0,1.0,0
TGBVW32H,Stadium Status...#mmr #mixmasterrod #follow #redskins #skins #win @ FedEx Field <url>,0.0,1.0,1
GBRDGSYT,not today meningitis || perfect (?) gift after vaccination. my own cup. #collegelife #health @ Frist… <url>,1.0,1.0,2
19RWOF6G,"🌀 We found a watering hole 🌀
.
.
.
#hiking #doghike #mapmyrun #mmr #underarmour #ruleyourself… <url>",0.0,1.0,1
1P0YHE4C,<user> <user> I can't prove where it came from but it is very likely spread from ppl who got disease cuz they weren't immunized,0.0,0.6666666666666666,1
XZW9GIT0,"i must admit that it was a survey about vaccinations for children under the age of 3, but whatever! #smallvictories #CPSnext?!",0.0,1.0,1
3A82YH5A,<user> maybe for certain ones but is there really any reason not to get a measles one? Like cmon that disease should be dead by now,1.0,1.0,2
MV6UM61W,Crowded Bart!! Ughh I hope I don't get measles🙏😑,0.0,0.6666666666666666,1
95ZO4IO7,<user> <user> <user> vaccines don't cause autism (what else you got?),1.0,1.0,2
B27UGQI5,Pet rabies vaccines for $5:   The Harford County Health Department is helping people afford rabies vaccinations... <url>,0.0,0.6666666666666666,1
1ZADWZFU,Ineed to get my TB &amp;MMR shots done,1.0,1.0,2
3DP4M7JX,"<user> doesn't want to vaccinate her kids. I would call her a fucking retard, but that would be insulting to the mentally handicapped.",1.0,0.6666666666666666,2
36UXUVR9,#lostfootage <user> fame_oliver2xx #slaghterfest2k16 #MMR @ The Coop <url>,0.0,1.0,1
Y83GUWHP,Want to really worry about something think about folks choosing to deny kids immunizations outbreaks with kids!,1.0,1.0,2
4QXTTCV3,Another study sees no vaccine-autism link: Although some parents worry about the sheer number of vaccines babies... <url>,1.0,0.6666666666666666,2
CY6H4FPJ,y'all better be keepin your measles up out of Virginia. I'm just sayin..,0.0,0.6666666666666666,1
HS66UJ0N,The uptight children that have piano practice after my normal kid. I can't. Go back to the country your diplomatic immunity is derived from.,0.0,1.0,1
9YQ73ZXX,Harnessing RIG-I Innate Immunity to promote selective Killing of reactive HIV reservoir cells… <url>,0.0,0.6666666666666666,1
XVYEGF3Z,I just beat Brady AND Christine it's like a tag team and they just lost to measles little me,0.0,0.6666666666666666,1
KYMCKLRN,316.1 million people live in the United States and 100 of them have the measles. 😒 #relax #MeaslesOutbreak #STFU 😠,0.0,1.0,1
NZDFZMSF,"<user> let me break this down for you. .5 ml of MMR into a child stops measles, mumps, and rubella. Lower that and kids get those",1.0,0.6666666666666666,2
AML06IYB,USSSA's Come Bat for Measles benefiting the American Heart Association in Lexington is quickly filling up!  Call Carrie 803.261.2698,0.0,0.6666666666666666,1
JU9K02F1,"#CDC #Vaccines, black babies and #autism? Video CDC Responds: Admits Omitting Vaccine Data: <url>",-1.0,0.6666666666666666,0
AS9P5DKJ,Cc: <user> RT <user> ▶ More than 1 in 10 US parents reject vaccine advice for young children; many question safety. <url>,0.0,0.6666666666666666,1
GZL9JJM9,B Roc(K)- BlackBarbie (Spoken Word) MMR by Franchise Liaison Music via #soundcloud <url>,0.0,1.0,1
W6IIZY8L,“<user> hula hooping on these hoes <url> <user> miss measles,0.0,1.0,1
PQ3V2GHS,Vaccinate your fucking children,1.0,1.0,2
PP4EHP9H,<user> <user> Too bad the #antivaxxers won't read this. #stupid   Thanks for bringing back Measles and Whooping Cough!,1.0,0.6666666666666666,2
144L1MG1,Great Job Andrew Wakefield!Congratulations on keeping children away from the Happiest Place On Earth! #VaccinesDoNotCauseAutism #Science,1.0,1.0,2
MGCNCJR6,MEANWHILE AT DISNEYLAND. #DISNEYLAND #FUNNYSTUFF #LMAO #MEASLES #MIKEYMOUSE #MINNIEMOUSE #DISNEY <user> <url>,0.0,1.0,1
2PYBDIRW,<user> MADDEN MOBILE COINS FOR SALE FROM A MMR PRO MEMBER LEGIT PLAYER.ANYONE INTERESTED FOLLOW N DM ME!!!! THANK YOU,0.0,1.0,1
NZDN0PSW,"“On average, people who complain live longer, Releasing tension increases immunity & boosts health.” <user> I AM doin somethin right",0.0,1.0,1
5T7RMAPZ,HB2101 [NEW] Public finance; Whistleblower Liberty Fund Act; immunity; award of funds; effective date. <url>,0.0,1.0,1
FDA0KA23,RT <user> Join a global vaccination effort so that all children get a shot at life. <url> #globalmotherhood #jnj,1.0,1.0,2
7NASHXUQ,"<user> Hospitals will know. Follow measles, other disease outbreaks in schools &amp; statistical blips in social assistance claims",0.0,0.6666666666666666,1
G29DBDTB,Measles tent at Kaiser <url> Check your immunizations!,1.0,1.0,2
NLNS154P,Baltimore City Health Department: Child Does Not Have Measles <url>,0.0,1.0,1
1Y0WOMK1,#AntiVaxxers should not exist. #sorrynotsorry #measles,1.0,1.0,2
V072BBSB,"Health department offers back-to-school immunizations, physicals: The Florida Department of Health in Duval County… <url>",1.0,0.6666666666666666,2
DILQWT87,<user> you are so right!  Bet that grand baby got her vaccinations.,1.0,1.0,2
6GPE5NLO,"MMR shot, lads. MMR shot. <user> <user> <user>",1.0,1.0,2
N0HFBWJ6,"#pharmaceutical Vaccine Pharmaceutical Sales Representative - InventivHealth -  Atlanta, GA  <url>",0.0,0.6666666666666666,1
RMT5WLWJ,“<user> Is Childhood Pertussis Vaccine Less Effective Than We Thought?  <url> <user> fitting tweet,-1.0,1.0,0
JKHS7MN6,"<user> the measles accusation was just stupid, especially when religious nuts in TX refuse to vaccinate against the disease
#inners",1.0,1.0,2
UO1XSHX6,UC System to Require Measles Shots: University of California students will have to be vaccinated against measles… <url>,0.0,0.6666666666666666,1
02I27CR4,"“<user> In 1980 when I served in Mozambique measles vaccination was just starting, before almost 1 child in 10 died.” #hhsbeavers",1.0,1.0,2
V8OMB724,Let's do this peeps!!! Vaccinate your kids and encourage the world as well. People ill cannot help us fight poverty. #GlobalCitizenFestival,1.0,1.0,2
Q9W6YKCH,"#MeaslesOutbreak Please immunize your children; I remember having to be quarantined, no vaccine when I was a child. <url>",1.0,1.0,2
VE1J4641,"<user> <user> vaccines kill brain cells, yes they may do their job, but it is at the same time hurting the brain",-1.0,1.0,0
A0ITIBYG,people who don't vaccinate their kids because they believe in dumb conspiracy theories that have been proven to be untrue piss me off,1.0,1.0,2
SFS1RIG6,"<url>
Mom whose child died after catching Chicken Pox advocates for vaccines.",1.0,0.6666666666666666,2
RB5PQI1V,"No matter how old I get, I will always be scared of blood extraction and vaccination. #medicalexam",-1.0,1.0,0
169TV76L,"Removing Polio, 500 million children got the vaccine, a bit more #GIS a tool to plan understand learn &amp; show #EsriUC <url>",1.0,1.0,2
1I11X2Y3,A tainted vaccine has killed 50 children in Syria. The bad news is they all have Autism now.,-1.0,0.6666666666666666,0
AQKXVYPS,Outbreaks Fuel a Renewed Push for Vaccinations: A measles outbreak in a vaccination-wary North Texas megachurch... <url>,1.0,0.6666666666666666,2
QOBSX60B,"How some brought measles back by choice ""<user> Well: Putting Us All at Risk for Measles <url>",-1.0,0.3333333333333333,0
ABK1JQDT,"“<user> Arizona health officials are monitoring 1,000 people who may have measles <url> <url> Tom Brady",0.0,1.0,1
U5XE107I,"""<user> <user> 
Instead of forcing vaccines will be better 4 u 2 learn more about the #Whistleblower <url>",-1.0,0.6666666666666666,0
Z2FJ3C7Q,Omaha Jackrabbit 2014 #nebraska #gravel #mmr #teamdundee @ Schlenker Farm <url>,0.0,1.0,1
NWYJJ7LO,If we should require vaccines shouldn't we check immigrants illegal as well for disease. #tcot. #hypocrisy,0.0,0.6666666666666666,1
MG2MWKSR,Health Officials Say It’s Not Too Late For Flu Vaccine: DETROIT (WWJ) – The official start of winter still days... <url>,1.0,1.0,2
GO4M2S10,Swiss Family Measles Outbreak. <url>,0.0,1.0,1
J7584KKG,"<user>  good joke about me!   Seriously my avi is about the sunlight on and around me, not measles. Thanks for judging!",0.0,1.0,1
FMICWH6T,"Next year whoever stars in ""measles: the movie"" is a lock for best actor/actress #AcademyAwards",0.0,1.0,1
RLUFGPSF,State confirms 6 cases of measles in Cook County: Lab tests pending for three babies diagnosed with measles at a… <url>,0.0,0.6666666666666666,1
ADN2LJ0X,#ReasonsToNotVaccinate You live in Santa Monica &amp; your child is Far to busy @ the Toddler Pilates &amp; Gluten Free Day Camp to get vaccinated,1.0,1.0,2
8S5L7M0M,"WaPost: Vaccine credited with big cut in chickenpox deaths, especially in children, CDC study says <url>",1.0,0.6666666666666666,2
EV8XXAAB,Ugh RT <user> Measles confirmed in D.C. <url>,0.0,1.0,1
8RRB1HCM,Unreported measles exposure: Patients at a health center in Mesa were exposed to measles nine days before the date… <url>,0.0,1.0,1
AJV8HGUY,<user> good job but not great.  Those are only half of the vaccines recommended by the CDC for adol,1.0,0.6666666666666666,2
N6OIHOQK,Picked a group topic yesterday 4 community health :vaccines &amp; the nuts who refuse them lol. &amp; bam CNN &amp; Huffington Post does a piece. Score!,1.0,1.0,2
67J8K8W9,#JennyMcCarthy won't inject her kid with #vaccines but she'll inject her face with #botox? She can't even raise her eyebrows! #RockinEve,1.0,1.0,2
WY3NGGZI,These folks against vaccinations for their kids are trying to bring back 'The Iron Lung'. #TBGWT <url>,1.0,1.0,2
462MB89E,Good column by Frank Bruni on the consequences of lies about vaccine links to autism.  <url>,1.0,1.0,2
KQGB9LP1,Via <user> Immune amnesia...Scientists Crack A 50-Year-Old Mystery About The Measles Vaccine. <url>,0.0,0.6666666666666666,1
ZI6A8PBA,<user> CA says 23% of measles cases vaccinated <url>,0.0,0.6666666666666666,1
DJKF6ME5,"Huck is like ,""It's my immunity and I need it now!"" #Scandal",0.0,1.0,1
ZR8M04KB,<user> I hope ur vaccinated 4 measles if you’re going to Orlando!,1.0,1.0,2
94UZ3261,"<user> <user> <user> <user>   Wait, if that was true how come people in the US are getting measles? Oh wait not vax'd",1.0,0.6666666666666666,2
G5Y35JOY,He said Shawty what you sippin on.... #HennyInMyCup #WhySoThick #MMR #ILuvvIt  pulseonwed @ Pulse… <url>,0.0,1.0,1
SS19856O,<user> I never had Beiber fever. I had Maslow measles.(; hope that made u smile & or laugh? (; I love u lots rock out 2night xoKarina,0.0,1.0,1
D4A3DOQS,How To Be a Responsible Parent Of Unvaccinated Kids by Boosting Natural Immunity <url> via <user> #fb,-1.0,0.6666666666666666,0
3BJ5P3QJ,<user> when parents choose to not vaccinate kids who are healthy enough to be vaccinated,0.0,0.6666666666666666,1
689ZI3NQ,<user> WHAT I TOLD YOU CUDDY #MMR #ManyMenRecords 🔥🔥🔥🔥 #Wicked @ Carli's Lounge <url>,0.0,1.0,1
MT7THRK4,My first Bacon Ride and I fell over on an MMR (dirt road) about a mile from Platte River State Park.… <url>,0.0,1.0,1
8LU2MFCC,<user> <user> <user> <user> <user> and are paying the price for lack of mmr requirements.,0.0,0.6666666666666666,1
QR4EJKHO,"Disneyland measles cases hit 145, identical to Philippines virus: There are now 119 measles cases confirmed in… <url>",0.0,1.0,1
Z0PTY4X4,"Amid measles outbreak, vaccines for teachers aren't required: While much of the attention in the ongoing measles… <url>",0.0,0.6666666666666666,1
YKMV0KZ1,HB1142 [Update] Further providing for immunity from liability; and providing for false reports of child abuse. <url>,0.0,1.0,1
94AUSJF1,"My opinion on people that won't vaccinate their kids: good, natural selection is happening. (Hint-you're not gonna be selected)",1.0,1.0,2
CAM6QIT1,Piper &amp; Louise at the vet for their annual check-up &amp; vaccines.  The kids are NOT happy! <url>,1.0,0.6666666666666666,2
KTTZEY3F,"<user> <user> yeah, I already upload to GC, TP &amp; MMR. DM is just another hassle.",0.0,1.0,1
MFBTU4BS,"How PP &amp; vaccine industry sacrifice the lives of children on the altar of medical profits &amp; eugenics  <url> ""<user>",-1.0,1.0,0
7R266Z2R,Because God forgot to create our immune system. In the CDC we trust. NOT. #SB277 #vaccineswork #CDCwhistleblower <url>,-1.0,0.6666666666666666,0
G8Q0TUZM,So interesting to read and learn about the lies the medical world tell society. I know my kids will never be vaccinated,-1.0,1.0,0
4VNZQLJM,"Doctor: On Average, Measles Will Infect 18 Other People <url>",0.0,1.0,1
WG5RCHAH,Oklahoma Caring Van provides free immunizations to children-kjrh.com #Garnett #Tulsa <url>,1.0,0.6666666666666666,2
WXW9T2ZW,"<user> Immunities, Baby... Immunities 😎",0.0,0.6666666666666666,1
U1BYC8B8,"Good lord ""measles parties"" really?? I'm not gonna sugar coat it, that is fucking retarded!!",1.0,0.6666666666666666,2
0GXAFNJ3,That baby needs a vaccine shot LOFL,0.0,0.6666666666666666,1
81N4TQNW,"<user> you'll enjoy this, it's about bad parents who don't vaccinate their children. <url>",1.0,1.0,2
0VO1U7L6,<user> <user> <user> Inform urself. Vaccines r not the cause of all those diseases. Get the facts not pseudoscience.,1.0,0.6666666666666666,2
WEKREWA3,"Feb 2015, #Ontario prov, #Canada, reported four confirmed cases of #measles from four different families <url>",0.0,1.0,1
RCRNFDJE,Fucking Measles. Who tf gets measles,-1.0,0.3333333333333333,0
VY5OPSAL,Great talk w <user> re #MeaslesOutbreak. #immunizations save lives &amp; are safe for almost all kids! #orleg <url>,1.0,0.6666666666666666,2
OIO37VFG,What's more negligent? Choosing not to vaccinate or forgetting to get your kids vaccinated?,1.0,0.6666666666666666,2
NBPJZ2UP,<user> Totally agree with you on vaccines. I think it should be considered child neglect to not get your kids vaccinated.,1.0,1.0,2
OIB67WEP,"Overheard in cle. Woman 1 ""Wouldn't that be some shit if I got measles. Or rabies. That would suck."" Woman 2 ""rabies would be a bummer""",0.0,1.0,1
PW6JO8U0,"Measles fans was dishing it out on Thanksgiving, so y'all gone take this roast session 😂",0.0,1.0,1
BW6PUVSA,#CDCwhistleblower in letter to Gerberding: “problematic” findings linking MMR timing to autism <url>,-1.0,0.6666666666666666,0
VX9VY0WS,How well-vaccinated is your child’s kindergarten?: The California Health and Safety Code requires elementary school… <url>,0.0,0.6666666666666666,1
0F1NWN7O,"“<user> Is <user> forcing CNN to suppress information about vaccines and autism? #CDCwhistleblower "" BS <url>",0.0,0.6666666666666666,1
SQM4PW7D,"Long day of work and getting the babies vaccinated & spoiled w/<user> you'd think Chloe would be exhausted by now, nope.",1.0,0.6666666666666666,2
0OAD2RLD,"vaccination shot to protect against measles, mumps and rubella, an exemption may be granted by signing a personal relief waiver.",0.0,0.6666666666666666,1
JC0X65RA,"#pharmaceuticaljobs Pharmaceutical Vaccine Sales Representative - Publicis Selling Solutions -  New Hyde Park, NY  <url>",0.0,1.0,1
DSDDXD9B,"Suspected case of measles reported in Lake County, Illinois <url>",0.0,1.0,1
Q46D5JHV,"Further more, not vaccinating is also a public health issue. It also endangers the lives of infants and those unable to receive vaccination.",1.0,1.0,2
762O38IJ,Measles outbreak: Father asks California school district to ban children who haven’t been immunized: Rhett Krawitt… <url>,1.0,0.6666666666666666,2
XDH771GR,"“<user> <user> <user>  <user> <user> thats nice..measles can be overcome"" not in babies and pregnant women",0.0,1.0,1
TUMMTW9K,"Daydreaming about running up to Jenny McCarthy and shouting ""Vaccinate This!"" - Than I hold up a baby, and lift an eyebrow quizzically.",1.0,0.6666666666666666,2
H8TCCARN,Wow! Waiting to get the measles vaccine and a woman walks in to get a Rx refilled.  Her birth year is 1915.  #ColorMeImpressed #LLAP,1.0,1.0,2
K52YJWA1,"Sometimes I'm pretty sure the anti-vaccine movement will kill me. Not of like, measles or anything, but probably from exploding of rage",1.0,1.0,2
UIL4HE6H,Going to get some Measles!,0.0,1.0,1
PK313VSZ,Would you rather have a kid dead from smallpox or a healthy autistic child? Just kidding vaccines don't cause autism win win!,1.0,1.0,2
Z8DOGGKJ,MMR vaccinations do not cause autism. Guardisil does not cause early-onset sluttiness. My scooter does not cause global warming. #juststopit,1.0,1.0,2
2RK8Z86X,"The #MMR looks great! ""<user> “<user> Miner fans representing in Las Cruces!  #MinerStrong <url> #MinerNation""",0.0,1.0,1
2CWJQ23X,<user> 2) find a common definition of fascism that applies to democratically elected government forcing vaccination for public health,-1.0,1.0,0
4MH3WYJG,4 year old kid with a fuckin pacifier in my area on the <url>  Bet those parents haven't vaccinated this troll kid either.,1.0,1.0,2
ZU5CMERT,.<user> my vaccine injured son thanks u for weighing in. Pre/post MMR #autism #CDCwhistleblower <url>,-1.0,1.0,0
PLK1QODM,Seasonal Flu Vaccines Being Offered For Children &amp; Adults: DALLAS (<url> – Fall has begun and... <url>,1.0,0.6666666666666666,2
ABYAS6TC,CO ranks #2 in unvaccinated kids putting everyone at risk because of science that was proven to be faked almost a year ago #vaccinateyourkid,1.0,1.0,2
A056OUXD,"We'll be on <user> #UpToTheMinute tonight talking flu shots, vaccines, and germ prevention for babies and pregnant moms",1.0,1.0,2
BESNN61I,Oomf momma need to get her child vaccinated before they catch these hand 👊🏾😅,1.0,1.0,2
7ZHR9W73,HEY! MORONS! Vaccinate your kids! Read this!   <url>,1.0,1.0,2
H1YFCRQO,And yall swear people who don't wanna vaccinate their kids are crazy lol okay,-1.0,0.6666666666666666,0
MFTKW5CR,<user> how do kids get in scholl w/o being vaccinated? There should be more stringent rules on that.,1.0,1.0,2
XUFWRY6I,What the News Isn't Saying About Vaccine-Autism Studies <url>,-1.0,0.6666666666666666,0
04O053VF,People debate about what causes autism. Vaccines yada  yada. talk to a mother with a child on the spectrum ! She only cares about her child!,0.0,0.6666666666666666,1
G3S2RDAA,#Oomf got the measles,0.0,1.0,1
AI6N7OT5,<user> <user> #PalmDesert high school In #RiversideCo has dozens of #Measles exposed students staying home.,0.0,0.6666666666666666,1
HVXPBCOS,"""<user> Ohio Dept. of Health emphasizing importance of vaccinating your kids <user> Ha!",1.0,1.0,2
LO6KLY0L,kendyl wont be allowed in school monday if i dont take her for a #varicella #immunization. WRONG DAY TO SCREW WITH ME.,-1.0,0.6666666666666666,0
2N8BW32H,<user> unless idiot parents don't vaccinate their kids again,1.0,1.0,2
MUNUXZH2,Finally getting my immunization records for school,1.0,0.6666666666666666,2
MS69VHCX,<user> its weird that i was bronze last season and now im high silver and my mmr is gold,0.0,1.0,1
4UF5LWRU,"GOP Agenda 2015: deny health insurance, no birth control, encourage people to not get vaccinated. #SeemsLegit #p2 #UniteBlue",1.0,0.6666666666666666,2
AW17QL36,"Post-disaster health communications, on-demand vaccine delivery + more ""How Drones Can Save Lives Around The World"" <url>",0.0,1.0,1
VCPWBUDY,best to ignore antiscience <user> <user> vaccines dont cause autism #CDCwhistleblower #hoaxstory <url>,1.0,1.0,2
81VOJPWF,I didn't pass out!!! Volunteer vaccinations for Levine Children's Hospital. #chickenpox #tb… <url>,1.0,0.6666666666666666,2
XEGER09Q,<user> how bad is the measles anyway really?,0.0,1.0,1
R0OURA1A,<user> yep.. Me too.. better to be vaccinated though. Just in case. work in the health field so it's sorta mandatory.,1.0,1.0,2
LOP0CANN,#Measles: The most infectious of all diseases by <user> <url> <user>,0.0,0.6666666666666666,1
5Y2YJJ6H,"<url>
Measles outbreak traced to Disneyland continues to grow..",0.0,1.0,1
BZBH8FDG,Finally someone tells it like it is! RT <user> VACCINES DO NOT CAUSE AUTISM OK,1.0,1.0,2
YZL1MS21,Pretty happy to hear that <user> is leaving the view. Stupid. Her opinions on autism and vaccines have done so much harm. #TheView,1.0,1.0,2
59NY55RM,AIDS vaccine created at OHSU may clear virus from body: An HIV vaccine created by researchers at Oregon Health &amp;... <url>,0.0,0.6666666666666666,1
9O0B89T2,#walgreens customer service failure. Do they provide #measles #vaccinations?  I'm still waiting for an answer. <url>,1.0,1.0,2
25MG3GQ6,"They said I wasn't gone be shit, lol looked like I proved them wrong #RRR #MMR #SRT10MG We Here Baby !!!… <url>",0.0,1.0,1
LQB4PNGY,"Come on parents, vaccinate your kids. RT: “<user> Whooping cough epidemic declared in California <url>",1.0,1.0,2
6PFWF2NK,#ConfessYourUnpopularOpinion Vaccinations are not needed and do harm,-1.0,1.0,0
ULSJISD1,"""I hear the malaria vaccine sucks..."" Who tf says that? #js to say this kid is strange would be an understatement",1.0,0.6666666666666666,2
SIE3LFPG,“<user> Obama welcomes a flood of illegal immigrant kids and now we have a measles outbreak? No kidding? Is Polio or Mumps next?”,0.0,1.0,1
KBNZUPKW,"<user> should learn what the childhood mortality was prior to vaccines. Kids still die from these diseases everyday. 
<user>",1.0,0.6666666666666666,2
DEGZO4QP,"Sandyhook was real, 911 wasn't led by the Jews, Darren wilson is a murderer, &amp; MMR vax doesn't cause autism. #todayisfestivus",1.0,1.0,2
SFRCDNVO,They tryna kick me out of school for a fuckin vaccine tho? Fuck type of shit is that?,-1.0,0.6666666666666666,0
W89QO7M3,"Listening,to mmr waiting for the storm",0.0,1.0,1
32R7T0AV,"Healthy Body Tip: For immunity &amp; overall health, start ur morning with a cup of hot water with fresh lemon &amp; ginger. Ur body will thank you!",0.0,1.0,1
98KOOCMC,<user> where do I go to get Ryno his middle school vaccinations? Too big for shots for tots? Ouachita Parish Health Unit?,1.0,1.0,2
9QDBN4Z6,Can they talk about measles vaccination rates too? RT Slate: Obama Holds Emergency #Ebola Meeting in Situation Room: <url>,0.0,0.6666666666666666,1
3N3JYDIK,"""<user> states [let] parents refuse to vaccinate their kids <url> <url> #6LazyStates#crackdown",1.0,0.6666666666666666,2
ZS30AMTJ,Measles cases largely in false believers.  Tx <user>  <url> <url>,0.0,0.6666666666666666,1
JX76UI8F,"""<user> Connecticut Sen. Murphy Wants Parents Warned Of Vaccine Refusal Risks <url>",0.0,0.6666666666666666,1
RCIHYR5F,“<user> Pants on Fire! Rush #Limbaugh blames #measles outbreak on #immigrant children #TNTweeters #UniteBlue Stupidity is contagious,1.0,0.6666666666666666,2
WAK9CYEU,HB1902 [Enroll] Motor vehicles; providing civil immunity for removing child from motor vehicle using forcible ent... <url>,0.0,1.0,1
WDV836X6,Most public school require vaccinations! #inners,1.0,0.6666666666666666,2
9R4PDL14,<user> Kids Don't Catch Chicken Pox At 1 As Much As They Do At 3-8 Especially 2 Months After The Vaccine Smart Ass..,1.0,0.6666666666666666,2
5YHA1GVE,Middle-aged man in Port Angeles confirmed with measles; source of exposure unknown <url>,0.0,1.0,1
WGLU7FJR,Autism and immunizations: Should you vaccinate? <url>,0.0,0.6666666666666666,1
PQUIL3S2,<user> <user> <user> Parents who don't vaccinate their kids without verifiable medical reason probably shouldn't have kids.,1.0,1.0,2
SDZS8BIY,<user> <user> <user> <user> No one wants their child 2 die.No 1 wants their kid 2 get a brain injury from a vaccine,-1.0,1.0,0
A3PXDMBF,#CDCwhistleblower #autism #hearthiswell #AutismSucks #vaccineinjured <url>,-1.0,1.0,0
OEM9NMGD,Surgeon General: Vaccinate your children: Surgeon General Vivek Murthy gave a clear message today to parents about… <url>,1.0,0.6666666666666666,2
7KS841N4,"Thanks to Dr. Lipkin for pointing out danger of phony science, vaccines, treatment, etc. Troubling for any disease and too common. #phps12",-1.0,1.0,0
FTJI39IG,Disney Tie Hides Biggest Measles Risk as Adults Catch It - Bloomberg Business.  <url>,0.0,1.0,1
YJQNRXYM,"<url>
Maps show consequences of not vaccinating kids.",1.0,0.6666666666666666,2
HMVPFR8L,"Yikes! Vaccinate, people!! ""<user> Measles is extremely contagious. The virus can stay in the air for two hours, <user> says.”",1.0,1.0,2
HJ8YP9YP,"Welcome to our newest big back grips dealer, mMr. Sal Rivas Ripped by Rivas Training Center… <url>",0.0,1.0,1
X74TUAU3,"Apparently she saw signs up in airports in the US, France &amp; Australia warning of current measles outbreaks:( t has a small rash but no fever",0.0,1.0,1
DEQ7WPEG,<user> <user> it's convenient for them to be vaccinated by their parents but not vax their innocent but germy little kids,1.0,1.0,2
IB660N3N,"Yup, this and whooping cough was all a grand time “<user> 17 Reasons Why No One Should Ever Vaccinate Their Kids
<url>",1.0,0.6666666666666666,2
W0J0U39G,"Amid growing vaccination debate, measles continues to spread and is now in New York state <url> via <user>",0.0,1.0,1
X9XGP8C5,Why Adults Are More Likely To Be Hit Hard By The Measles Than Children <url>,0.0,1.0,1
RRJ8MMCO,"#Flu vaccine may soon be required for up to 150,000 kids in NYC. Details up next on <user>",0.0,0.6666666666666666,1
D7X40W1F,"People, just get your kids vaccinated my gosh.",1.0,1.0,2
4TGFM4S8,<user> Absolutely brilliant! Let's protect all our kids; this T1D parent agrees!#vaccineswork #GrandmothersKnowBest #ready4hillary,1.0,1.0,2
O2OPIX2I,Vaccine baby <url>,-1.0,0.6666666666666666,0
X4FN4MAH,"“<user> On average, people who complain live longer -- Releasing this tension increases immunity and boosts their health.” This is me!",0.0,1.0,1
PL1TD0VJ,<user> - #DeadBuzz #TalkingDead - Measles.,0.0,1.0,1
FOO5GCMV,Ohio is the ONLY state in the Country that doesn't mandate vaccines for child care. Get your kids and family vaccinated.,1.0,1.0,2
B9XJ9ICZ,“<user> Nearly two dozen medical studies prove that vaccines can cause autism  <url>,-1.0,1.0,0
CTTQFSDB,<user> being tired for a long time will make me sick at the end cuz my immunity for diseases will weaken,0.0,1.0,1
NGHS9EE5,DPH Reaching Out To Patients Possibly Exposed To Measles: BOSTON (CBS) — The Department of Public Health says a... <url>,0.0,0.6666666666666666,1
W335PR4F,"AIDS N : Many youth with HIV may be susceptible to measles, mumps and rubella: An estimated one-third to one-half… <url>",0.0,1.0,1
AQPBOWPU,NC senators file bill to end religious exemptions for childhood vaccines: Some North Carolina senators worried… <url>,1.0,0.6666666666666666,2
2VOUL8US,"“<user> On average, people who complain live longer -- Releasing this tension increases immunity and boosts their health.” Livin till 💮",0.0,1.0,1
KMEY02QS,"Police scared to do their ""job"" because they want authoritarian power wth immunity. Here I thought we cherished freedom in this country.",0.0,1.0,1
M8KXM35G,Measles was virtually eliminated in the United States in 2000... highest number of cases in two decades last year.,1.0,0.6666666666666666,2
D8YA2FIG,"Parents dead not vaccinating their children..white people really be takin' this ""It's a free country, I can do what I want"" shit way too far",1.0,1.0,2
XISEX9UX,Vaccination Controversy Grows Amid Measles Outbreak <url>,0.0,1.0,1
2Q4U4PDE,American Medical Association endorses ending non-medical exemptions for vaccinations <url>,0.0,0.6666666666666666,1
FKBZ0B4H,"4/30- 7-10 North Atlantic right #whales. One breaching! Finback #whale. Humpbacks Nile, Measles, Evolution feeding w/ great tail shots!",0.0,1.0,1
VD6RNESJ,"Anti-vaccination movement at work RT <user> Outbreak of measles in Ohio infected 68 people, adding to 18-year high of U.S. measles cases.",1.0,0.6666666666666666,2
GQLLZF1N,"Seattle Times, page one: 300 schools failed to report vaccinations as required, state says. <url> story by <user>",0.0,0.6666666666666666,1
CFLIQGF1,"Sad RT <user> 6 dead as vans carrying polio vaccination team hit by roadside bomb in Pakistan's northern Khyber Agency, authorities said.",0.0,0.6666666666666666,1
V0SNF47M,#pqa Vaccines allow less use of #antibiotics Good health management program #pork #ag,1.0,0.6666666666666666,2
MPJB6FX6,"MT bad ""<user> Worrisome data: OH measles outbreak is 68 cases, the highest #  reported in any state since 1996. <url>",0.0,1.0,1
18X7KXP0,<user> yeah theres been thousands of kids who have died horrible deaths because their parents refused to vaccinate in fear of autism,1.0,1.0,2
7LZV611P,Measles cases turn attention to bounty of childhood vaccines <url>,0.0,1.0,1
XBQS2G0G,"AIDS N : qHPV vaccine reduces risk, costs among older HIV-positive MSM treated for HGAIN <url>",1.0,0.6666666666666666,2
HAOS91CB,"Immunization debate: There will always be a debate regarding children and immunizations.""I knew that I didn't... <url>",0.0,0.6666666666666666,1
XZ2XCORX,"#studioflow #maryland #nevernotworking #MMR #BBoyEnt #TeamFreePour #HumbleBeginnings @ Lanham,… <url>",0.0,1.0,1
P4RS2W5W,Remember when you got the vaccines 1day before school? DON'T WAIT 2 #RegistertoVote <url> #Voto2014 <url>,1.0,0.6666666666666666,2
43MWGI00,Centers for Disease Control: This Year’s Flu Vaccine Doesn’t Work <url> #health #flu #cure #failure #sick #CDC #really?,-1.0,0.6666666666666666,0
0G1OZZCB,"Parents say no child has contracted polio in yrs, so no need for a vaccine. Vaccines are a victim of their own success #VaccineWar",1.0,0.6666666666666666,2
MBUERZH8,"Perry Was Right on Requiring HPV Vaccine, Schools Should Follow Suit: View - <user> <url>",1.0,1.0,2
7BTXS6MP,"""<user> ! <user> <user> imagine how mad you'd be to watch your healthy child crash hard after vaccine then doctors mock you""",-1.0,1.0,0
52J98UTY,<user> <user> <user> <user> for example those with immune problems or babies below the vaccination age.,0.0,1.0,1
YAF1EZJ2,<user> illegal to refuse vaccines. 2) It has been debunked several times and there is ZERO link between vaccines and Autism.,1.0,0.6666666666666666,2
IZIA9OBT,<user>  A kid with measles running a temperature of 104 degrees can damage the brain. I think that's what the caller wanted to say.,0.0,1.0,1
3NJACDTA,just watched a MMR truck hit a cat. you bastereds,0.0,1.0,1
PUW8DFEJ,<user> <user> <user> Why is the infant mortality rate so high in the 2 most vaccinated States?,-1.0,0.6666666666666666,0
RG889QS6,Washington state panel mulls bill to trim vaccine exemptions: Personal or philosophical opposition to vaccines… <url>,0.0,1.0,1
924IYQJH,Vaccinate your FUCKING kids!,1.0,1.0,2
OOSJBRI1,GET YOUR KIDS VACCINATED BYE,1.0,1.0,2
CTH8D2JT,Getting our flu and wooping cough vaccine tomorrow. Surreal that our baby girl will be in our arms soon. How soon? Anyone's guess. #love,1.0,1.0,2
W7VP743U,<user> if it was around like 3:10 ishh then ya that was mmr,0.0,1.0,1
BS0YD04R,“<user> BIG NEWS EVERYONE: I'm leaving The View to spend more time getting kids measles.”,0.0,0.6666666666666666,1
Y8J1Y3QS,<user> I hope your shitty little kids get measles,1.0,0.6666666666666666,2
9MVLOTVA,NYS health officials on high alert after a college student with measles takes an Amtrack train from New York City to Albany #news12wc,0.0,0.6666666666666666,1
XKUSFLQ6,VACCINATE YOUR KIDS #nomeasles 🙅,1.0,1.0,2
E6UJFJ30,Too bad Repubs cut cut cut the budget CDC most likely would have had a vaccine for Ebola by now,1.0,0.6666666666666666,2
6YL4DIUZ,Being responsible with my travel and flu vaccines. (@ MSU Olin Health Center) [pic]: <url>,1.0,1.0,2
F94I4925,Doctor versus doctor over whether to treat those children who's parents elect NOT to #vaccinate. <user> tonight,0.0,0.6666666666666666,1
Q3BBZ9A5,Out here catching measles at Disneyland hahaha #imkidding #idonthavemeasles #ipromise @ Disney… <url>,0.0,1.0,1
IK37S8QV,<user> <user> my sis in law is anti-vaccine. I'm a retired nurse. My kids/grandkids all vaccinated.,1.0,1.0,2
G10OAZAR,"""I think you had all your vaccinations. I mean, probably, right?"" I'm going to get the measles because my parents are Gen Xers.",0.0,0.6666666666666666,1
EISYYCLA,"Dr.: We're going to give your child a vaccine to save its life. 
Alicia Silverstone: As If!!!!",1.0,0.6666666666666666,2
XQ9G3KIF,Vaccines important to health but need to be affordable for better access and implementation. <url>,1.0,1.0,2
ZCOLETM5,CIA: No more vaccination campaigns in spy ops <url> via <user> Harm from protected medic status ruse will linger,-1.0,0.6666666666666666,0
XJTVFT28,"Sex is known to produce health benefits such as stress reduction, weight loss, increased immunity, and improved cardiovascular functioning.",0.0,0.6666666666666666,1
JUPCYLTX,Managing EMS resources across multiple counties at MMR @ Mobile Medical Response <url>,1.0,0.6666666666666666,2
36TOAZNJ,<user> #GOP STOP blaming #Immigrants first #Ebola now #measles Which diseases?brought their ancestors? #AINF <url>,0.0,1.0,1
7NO7UZ2W,<user> <user> Jail any parent who didn't or won't vaccinate their children. They are spreading a bilogical weapon.,1.0,1.0,2
NON38ZMO,"Thank You, <user> fighting 4 CHIP Children's Health Insurance Plan which covers vaccines
#UniteBIue <user>  <user>",1.0,0.6666666666666666,2
XPG3N8VW,"""Guys, don't vaccinate your kid but feel free to puff an e-cig over their crib"" -Jenny Macarthy",1.0,1.0,2
VO4NZD19,Maryland Health Officials: No Other Measles Cases Reported <url> via <url>,0.0,1.0,1
HY4NU6E4,So important! #publichealth RT <user> Celebrate Health! It is National Infant Immunization Week <url> #vaccine,1.0,1.0,2
R9AUX3W7,<user> thank you for being a voice of truth in this land of corruption. The world need to see <user> and know the truth. #vaccine,1.0,0.6666666666666666,2
G6D6SGEV,Denton County health officials urge residents to get measles vaccination in lieu of confirmed cases: Five... <url>,1.0,1.0,2
77Y02KQ8,"Vaccinate yourself against ""excusitis"" It's a failure disease! -I love this I found from this book called the magic of thinking big",0.0,1.0,1
0Y9PUJNN,<user> are people in the us still required to b vaccine for polio?,0.0,1.0,1
I58O9S1Z,It's time to make vaccinations mandatory. There's too many stupid people trying to bring back eradicated diseases out there.,1.0,1.0,2
J39KOUBW,<user> <user> <user> #scaretactic..Finish..In developing countries/NO MMR deaths in US for 10yrs/108 deaths w/MMR vaccine,0.0,0.6666666666666666,1
M47IB2JK,Great documentary on PBS right now on vaccine refusal and effects on public health/outbreaks #vaccinesNOVA #vaccineswork,1.0,1.0,2
GTFDULSP,<user> <user> Roald Dahl lost a daughter to measles. <url>,0.0,1.0,1
5K6RMU58,How much would it cost govt to admit vaccines play a part in autism,-1.0,1.0,0
UARA5ZAH,"AIDS N : HIV, AIDS Cure &amp; Treatment: New Findings on Vaccine Response Out : Latinos Health News ...: LOS ANGELES,… <url>",0.0,0.6666666666666666,1
IU0TIJDI,Living in a time where the sperm I used to waste on Jenny McCarthy is doing better than some of the sperm that became kids. #vaccineswork,1.0,1.0,2
9MVLSOM1,<user> <user> <user> <user> I've had my measles and typhoid and dysentery shots. #BringIt,1.0,1.0,2
5SWIJ4BF,"Vaccinating schoolkids cuts flu in communities: Giving flu shots to schoolchildren also protects others, a new… <url>",1.0,0.6666666666666666,2
4V2DABZV,My mom believes the government is responsible for the measles outbreak and that there trying to get rid of the population. I agree though.,0.0,1.0,1
0MQU7QEF,"Sarah, my guru. She knows. #truthsayer #sex #immunity <url>",0.0,1.0,1
LSNRAQ2U,Free immunizations today at Children's Museum of Houston: The Children's Museum of Houston has teamed up with the... <url>,1.0,1.0,2
PR6Y3QMA,Oh and about the measles outbreak - the media blowing something out of proportion.  Ya.  That never happens.,0.0,1.0,1
YYDUS27F,<user> I have watched women stand in line for hours; after walking miles with children in their backs; for the privilege of vaccines.,1.0,1.0,2
19U3LIVI,"rich white dudes talking about shit they know nothing about - it's not new, but vaccinating your children isn't a ""freedom""",1.0,0.6666666666666666,2
KFIQ8IR7,"Agenus/GSK malaria vaccine candidate shows success in children: Agenus Inc. (Nasdaq: AGEN), a Lexington biotech... <url>",1.0,1.0,2
YQQSRGYC,It's a shame the children have to suffer due to their parent's ignorance over vaccinations.,1.0,1.0,2
LJIX1KZD,"""<user> Health Dept: SB46 Visitors May Be Exposed To Measles... <url> Glad we didn't go! #ifyouknowmeyouknow",0.0,1.0,1
9H54DEMD,Stop being granola and vaccinate your children! 👿,1.0,1.0,2
R4MUCMJ2,"<user> If parents exempt out of immunizations required for school, are other parents notified of the risk?",1.0,0.6666666666666666,2
C1OG2TDS,"""Children getting ill after vaccinations"" Shame on him. He is commenting about vaccinations based on rumors. He defy's evidence 4 rumors""",1.0,1.0,2
WUT72J5G,Get your kids vaccinated #antivax <url>,0.0,1.0,1
7T27KK8L,Shauna Weatherby recommends talking to your doctor abt your sexual health and getting your children the HPV vaccine. #CS16 <user>,0.0,0.6666666666666666,1
1FLHBFK9,.<user> <user> Pple don't hav th right 2put othr children @ risk. We ban pocket knives. Ban unvaxed kids. #vaccineswork #sb277,1.0,1.0,2
7O92L0SK,“<user> Read Roald Dahl's Heartbreaking Endorsement Of Measles Vaccination <url> <url> #Measles #Vaccinate,1.0,1.0,2
S17ZU0LC,This Baby Is Exactly Why Everyone Needs To Vaccinate <url> via <user>,1.0,0.6666666666666666,2
72145C8C,"Jenny McCarthy is fine with smoking, although it can kill, but she's against vaccinations, because they may cause Autism?",1.0,1.0,2
L18R4PP0,"Measles case confirmed in Oakland County; vaccinations offered: Oakland County will offer measles, measles, mumps… <url>",0.0,0.6666666666666666,1
89AB846O,<user> #CDC lied and hid data that black boys have an 340% uncreased risk of developing autism after MMR #CDCwhistleblower help!?!?,-1.0,1.0,0
CEO5VSC5,I probably won't vaccinate my kids either to be real. That shit is a joke.,-1.0,1.0,0
BUJI1S1D,"<user> <user> not even being funny, but if the vaccines actually work and you're vaccinated, how are the unvaccinated harmful?",-1.0,0.6666666666666666,0
JDA2QDV5,"Study of more than 95,000 kids finds no link between MMR vaccine and autism <url>",1.0,0.6666666666666666,2
7W66QMPD,Strange coincidence. Measles outbreak coming upon the heels of the huge immigration wave in 2014. Mystery of the week.,0.0,1.0,1
PK5MVH6B,HB1251 [NEW] Providing for health insurance coverage for immunizations administered at a pharmacy by a pharmacist. <url>,0.0,0.6666666666666666,1
C0RQAWOZ,New chickenpox vaccine requirement for high schoolers this year <url>,0.0,0.6666666666666666,1
WLISM3K7,"<user> <user> <user> The diffusion of responsibility is such that... Well, measles ain’t glitter.",0.0,0.6666666666666666,1
XSFK6BVM,"RT <user> Can I get a ""personal belief exemption"" to keep your non vaccinated kid out of my school? #vaccineswork",1.0,1.0,2
H6P6CT2Z,"Public Health Prpdness tomorrow RT ""<user> Measles is risk in areas hit by Ebola <url> <url>",0.0,1.0,1
1EJ1LR2N,#WaysToGetShot go to a local Safeway or Giant and ask for a flu vaccination,1.0,0.6666666666666666,2
JNGUW4HM,<user> you go bill from West Deptford! #MMR #Trees,0.0,1.0,1
QFRA4MOE,9months physical and vaccines! :/ (@ Kids &amp; Teens Medical Group) <url>,1.0,1.0,2
8NICJ1YV,"Measles outbreak: Vaccinate kids or find new doctor, pediatrician says <url>",1.0,0.6666666666666666,2
U0I0PLEI,I dont vaccinate my kids. #RuinThePartyIn5Words,-1.0,0.6666666666666666,0
UUCYNF62,"<user> tonight you referenced ""measles parties"".  They appear to be an unsubstantiated rumor.  Please correct. <url>",0.0,1.0,1
KKLNXCKJ,"Vaccination is not just for kids. Adult recommendations here, courtesy of  <user> : <url> #wellness #healthyliving",1.0,1.0,2
CHEPKM5Z,"German Biologist Who Denied Measles Exists Ordered To Pay More Than $100,000 <url>",0.0,1.0,1
I5E5U0WY,Doctors recommend HPV vaccine as early as age 9: Human papilloma virus--a sexually transmitted disease--can be... <url>,0.0,0.6666666666666666,1
7T2T6ZZQ,Measles on campus. Hopefully most students are old enough that they got vaccinated before parents became idiots.,1.0,1.0,2
38J1FDAQ,"“<user> On average, people who complain live longer-Releasing this tension increases immunity and boosts their health” Ill live forever",0.0,1.0,1
C48CX8OK,"Learning ""The Truth"" behind the myth of vaccines. Representing <user> #shermanpride… <url>",-1.0,0.6666666666666666,0
H628H2HG,<user> you can sleep when your dead,0.0,1.0,1
TP2GS84L,"""<user> Measles continues to spread in Orange County <url> not good.  Vaccinate",1.0,0.6666666666666666,2
GBW44VTH,"On average, people who complain live longer. Releasing this tension increases immunity and boosts their health. 5:15pm",0.0,1.0,1
DYAUSKSC,Study: Vaccination against measles may have other benefits: New research suggests the measles shot comes with a… <url>,1.0,0.6666666666666666,2
MSO4C9Y9,"#MEASLES update: Tarrant Co. Health Dept says if no more cases by second week of Sept, outbreak is likely over. Total cases so far: 16.",0.0,1.0,1
PXDPGULC,Did you get your flu shot? According to lane county public health the immunization rate is low for Oregon as a whole #liveonkmtr,0.0,0.6666666666666666,1
KKP8DVLF,#cooties shots (@ Allegheny County Health Department Immunization Clinic - <user> <url>,0.0,0.6666666666666666,1
0IUEC7W0,There is none? “<user> <user> what do you say to the science that the vaccine causes measles ?”,-1.0,0.3333333333333333,0
ZAJJ4EAN,<user> i bwt they wont because its a kid show... stupid kids they do not have immunity from the law!! Sue them! Ha,0.0,1.0,1
I8U18C1X,"<user> “State-required vaccines”.  

So how is it these kids are allowed to attend at all?",1.0,1.0,2
GIES63NS,"<url> All the taxpayer money wasted at CDC, Canada comes up with vaccine. Pitiful",0.0,1.0,1
Z8R6YX1G,Just had Aurora's first immunization appointment.  That was the worst.  Poor baby.  :(,1.0,0.6666666666666666,2
924VBFSA,"Finally, the truth is coming out. This vaccine changed my life..
#investigatebeforeyouvacinate… <url>",-1.0,0.3333333333333333,0
CFWPBHRP,DisneyLand overrun w/ measles outbreak b cuz some parents feel kids don't need 2 b vaccinated but what about other ppl ur kids make sick 😡,1.0,1.0,2
Z74GDBVY,"Vaccines contain formaldehyde, ethylene glycol (antifreeze), phenol (disinfectant / pesticide), and aluminum.",-1.0,1.0,0
7T36YO61,"“<user> As measles rises, doctors drop anti-vaccine parents.” Including Ms Jenny ihope",1.0,0.6666666666666666,2
HVXVF4P3,"Terrible pickup line: ""Would you vaccinate our children??""",0.0,1.0,1
8ZX9BOMZ,I don't understand why people can't just vaccinate their kids!!!!,1.0,1.0,2
FOTIE9MG,“It’s very frustrating.It’s hard to see a kid suffer for something that’s entirely preventable.” #vaccinations #Marin <url>,0.0,0.6666666666666666,1
VQEV0FFX,"Measles Outbreak: To Vaccinate Or Not Vaccinate: With the potential to affect thousands, the recent outbreak of… <url>",0.0,1.0,1
4WUBBSCM,Quarantined for measles? <url>,1.0,0.6666666666666666,2
Z7OHB5VM,Downloadingg #MMR mixtapee !(:,0.0,1.0,1
26PNSJFC,Health department packed. Chyy y'all better get y'all child immunization shot.,1.0,1.0,2
DAP8S1EA,They're worried about American kids not getting Vaccinations while they let unvaccinated illegals flow freely into the country,1.0,0.6666666666666666,2
GWT4NCYX,"<user> <user> <user> Yet U "" health experts""R fanatically pushing #vaccinations as the sole credible response",-1.0,0.6666666666666666,0
7UZJ0V66,"If you are a vaccinated parent of unvaccinated child n they get measles, is your fault, plain n simple n you are a bad parent! #badparent",1.0,1.0,2
7XNPWE7K,"<user>  ""If that kid lived with me this wouldn’t happen;” ""None of this would have happened if you had skipped that vaccine;”",-1.0,0.6666666666666666,0
US3KVTA9,<user> Better than measles! #tamiflu,0.0,0.6666666666666666,1
T6MW5769,AIDS N : Could mimicking infants' immune response produce a faster-acting HIV vaccine?: An HIV vaccine based on how… <url>,0.0,0.6666666666666666,1
GS3AO107,<user> I hope you had an MMR booster recently.... Enjoy the house of mouse! #thefuzzycuffs I'd like to see a movie tomorrow.,1.0,0.6666666666666666,2
NITP69Z0,<user> Thought u'd find this interesting as a flu shot enthusiast.Chattanooga man paralyzed after getting flu vaccin <url>,-1.0,1.0,0
XZ2KVK5H,“<user> Nine visitors to <user> have been infected with measles: <url> <url> <user>,0.0,1.0,1
MRIKTSQS,<user> A popular one is to cite the profits made on vaccinations. Or correlations to autism based on the CDC vaccination schedule.,-1.0,0.6666666666666666,0
GXDD9QQV,Check out our Measles coverage. Lots of good stuff here. <url> #fb,0.0,1.0,1
M1YXZWK6,Y'all thought #Ebola was nasty? Check out the measles at #SuperBowlXLIX. #idiots,0.0,1.0,1
MHNOHVAI,Oh yea and that Doctor who linked autism and vaccines? He got his medical licenses revoked for fudging evidence.,1.0,0.6666666666666666,2
ERSI1P72,“<user> Mandatory #vaccines are coming. Enjoy.”nah ain't about that,-1.0,0.3333333333333333,0
SHK2PHLD,<user> Some parents fear the chemicals used to bundle the vaccine into a 1 shot cocktail will cause harm,-1.0,0.6666666666666666,0
LCF5WN6L,"If we can include ""patriotic"" as a part of ""get yer kids vaccinated"", that could work. Maybe add the national anthem to the background sound",1.0,0.6666666666666666,2
LLKMUPZ9,"<user> when my sister had it, my parents hoped I would catch it too, but I never did. She caught mumps and measles too I think. Not I",0.0,1.0,1
PSHIO59A,"""<user> People who complain live longer because complaining releases tension and increases immunity while boosting health."" #females",0.0,1.0,1
1ADIMD5J,Gilbert pediatrician speaks out after kids' measles exposure: Tim Jacks writes open letter to parents who don't… <url>,0.0,0.6666666666666666,1
7A1IBEIB,i will forever be against parents not vaccinating there children,1.0,1.0,2
5PECT065,Starting all my immunizations today. It takes 6 months to complete all the ones you need for nursing school. Good thing I don't mind needles,1.0,0.6666666666666666,2
V78POAZQ,Possibility of getting Measles if you went to Disneyland in December? Well fuck? Lol,0.0,1.0,1
248BX936,"All tuckered out from their vet visit. Good health, and vaccinations done for another year. <url>",1.0,1.0,2
7RLE2RU7,I bet the person who exposed super bowl fans to the measles was a Giants fan!,0.0,1.0,1
JY7C1G8B,"California Parents Hold Measles Parties For Their Children: In California, some parents are doing all they can to… <url>",-1.0,0.3333333333333333,0
I4J8IHBV,My shmoopie baby nephew smiled through the pain of his vaccinations yesterday. He's such a… <url>,1.0,1.0,2
VA8FGU9M,<user> very likely....although the vaccine didn't exist when we were kids. Docs gave me Zostavax after it was approved in 2006,1.0,0.6666666666666666,2
6D8T6DKC,"“<user> Measles vaccination clinic draws a crowd.
<url> <user>",0.0,0.6666666666666666,1
6JC80XN3,HB1726 [Update] Volunteer Professional Services Immunity Act; extending immunity for elementary school activities... <url>,0.0,1.0,1
4G4NC6OM,The <user> comes out hard against #AntiVaxxer movement: <url> #measles #MeaslesOutbreak <url> #SB49,1.0,1.0,2
7VDYTPI8,The Power of Truth Rally 2005.. 10 years later Trace Amounts Documentary. #Mercury #VaccinesInjure #CDCwhistleblower <url>,-1.0,0.6666666666666666,0
S8AEDT7Y,"BOO! <user> Measles cases in the US *triple* in 2013. Why? Unvaccinated people. Yes, it’s that simple. <url>",1.0,0.6666666666666666,2
9N46OULD,Marin vaccine skipping raises concerns of polio resurgence: The measles outbreak originating in Disneyland brought… <url>,1.0,0.6666666666666666,2
GWIYTC34,"With Brooks Brothers releasing the 'Gatsby' line, i cant help but get hype I can't wait till everyone's driving town cars &amp; getting Measles",0.0,1.0,1
3BDVI80J,There's a simple way to decrease the number of parents who choose not to vaccinate their children <url>,1.0,1.0,2
ZBZH065J,<user> smallpox and polio along with many other childhood diseases have either been eradicated or greatly reduced through vaccinations,1.0,1.0,2
U1620EZP,Measles Warning Posted At Milpitas Dave &amp; Buster’s Restaurant In Great Mall <url>,0.0,1.0,1
4BAXMG9M,My child has a shitty immune system and relies on you vaccinating to live. #EveryChildCounts #vaccinate #vaccinesdontcauseautism,1.0,1.0,2
EJB2TMCI,S413 [NEW] Requires insurers and State health care coverage programs to cover cost of HIV vaccine. <url>,0.0,1.0,1
8PLIWTFH,"At the hospital....... Apparently Im patient zero for the reoccurrence of the measles, that's the best #yuck",0.0,1.0,1
Q1AO18C4,So apparently a bunch of <user> players missed the MMR booster shots? #mumps,0.0,0.6666666666666666,1
BWJ8OF3A,US measles tally already among worst in 15 years <url>,0.0,1.0,1
ZIAYHKYQ,"<user> 50% opposed to flu vaccine?  Seems nutty to me. I always get mine since I've had kids, because I make them get theirs. Only fair.",1.0,0.6666666666666666,2
I6Z9PX1U,Extra #cayenne please🔥 #greenjuice #greens #immunity #health #selfcare #coach #nutrition… <url>,0.0,1.0,1
6X59MN9R,"Presenting on the importance of influenza vaccination. Get vaccinated! Protect children, protect coworkers, protect family, protect yourself",1.0,1.0,2
1108S7FI,<user> so does the fact that measles and such are appearing again due to vaccine hyperbole,0.0,0.6666666666666666,1
L1N4PJXV,.<user> #measles is an incredibly contagious and preventable disease #reiders <user>,1.0,1.0,2
5DZZ2MND,<user> #GOP STOP blaming #Immigrants first #Ebola now #measles Which diseases?brought their ancestors?#AINF <url>,0.0,0.6666666666666666,1
6GWXJRB5,"#mmr
Where you at?! #pedalpalooza",0.0,1.0,1
1H2FO31P,"<user> This is how that measles thing started, didn't it.",0.0,1.0,1
K0EYBJXF,Yo wtf the gov is letting all these people in who DON'T have their immunizations &amp; people are getting measles...WTF!,1.0,1.0,2
LB8MCP2W,HPV vaccine and a Tetanus shot. Fml. I'm gonna cry like a little kid.,1.0,0.6666666666666666,2
NTG7X0QP,"“<user> As measles spreads, so does anxiety <url> <url>",0.0,0.6666666666666666,1
DUL61J69,<user> I think it's a solid pick unless there's a measles epidemic at Salisbury.,0.0,1.0,1
GK1LWFT5,SB383 [NEW] Providing immunity from civil and criminal liability to certain health care providers for performing ... <url>,0.0,0.6666666666666666,1
GNTZJI4L,"Future topics? Healthcare-associated infections, Hep C, climate change and vector borne diseases, vaccine misconceptions #PubHT",0.0,1.0,1
IBL906O0,"<user> I get that I have three sons on the spectrum, and that the possibility that is a result of vaccine injury is very real.",-1.0,1.0,0
8PBYQDD7,"“Health officials investigating after 5 children under age of 1 at daycare near Chicago diagnosed with measles"" <user> WTF!?",0.0,1.0,1
4XKLST95,Outbreaks of #measles and #tuberculosis in US.  Two diseases that had been pretty much eliminated here.  #Obama,0.0,0.6666666666666666,1
VQ67L79U,Forget #vaccines. Let your child build up its own defense by bathing it in only dirt! #logic #natural#,-1.0,0.6666666666666666,0
BVL563K7,i've been coughing all day and thanks to <user> i'm convinced it's polio/measles/mumps/rubella/hepatitis/rotavirus/pneumococcus,1.0,0.6666666666666666,2
T5PK1ZEP,"""Oh I dont want to vaccinate my child."" Have fun taking care of your child when the common cold becomes a fucking death sentence",1.0,1.0,2
XC39VTUU,Calif. Measles Outbreak Revives Debate Over Vaccines <url>,0.0,1.0,1
EJKI9IKQ,Yes! RT <user> There's a simple way to decrease the number of parents who choose not to vaccinate their children <url>,1.0,1.0,2
GS9O3T12,"<user> ""Measles Virus Entry Through SLAM Governs Efficacy of Mantle Cell Lymphoma Radiovirotherapy,"" = Viruses used to treat cancer.",0.0,1.0,1
HZ6H23R4,<user> <user> I just do what they tell me to do! I know a lot of moms don't want to vaccinate bc of the autism connection. xx,0.0,1.0,1
0KWVY3D9,Vaccinate Minnesota children! Support HF393. Minimize exemptions. #vaccineswork <user> #MNAAP #thekidssentme <user> <user>,1.0,1.0,2
1RZ5O9YX,"Suffer the Children: The Vaccination ""Debate"" Gets the Measles <url> /cì#mm",1.0,1.0,2
53JGB6WO,"“On average, people who complain live longer. Releasing this tension increases immunity and boosts their health.” Well I'm living forever 😂",0.0,0.6666666666666666,1
MCX0MAM2,"""<user> #Utah health officials monitoring 200 people for possible measles exposure: <url> vaccinate!",1.0,0.6666666666666666,2
QPH6T8Z6,AM-News : Decades of Old Research Leads to Possible HIV Vaccine For Kids: Researchers at Duke University have... <url>,0.0,0.6666666666666666,1
GWKCININ,Worried about the #measles outbreak? Local doctors answer your questions 4-630pm <url> Click: <url> #KPRC2,0.0,1.0,1
LGSRS0AI,Why weren't volunteers notified <user> BREAKING: people exposed to measles at MGH. <url> via <user>,0.0,0.6666666666666666,1
5HOY9TVL,Went to the health center. They told me I only needed one vaccine. Ended up getting 3 shots. This is why I have trust issues,-1.0,0.3333333333333333,0
LRQRINAG,"Also can't stand when people just are too lazy to get their new puppy vaccinated, like have fun watching it die a slow painful death.",1.0,1.0,2
MW2BT88Z,"<user> does it help? Yeah, but a flu vaccine doesn't automatically make the right antibodies.  Bigger probs w/ infant/child vaccination",0.0,0.6666666666666666,1
HTBWVAYP,"It's odd that we worry so much about disease when hunger kills millions and we already have the vaccine and the cure.
#foodwaste",0.0,0.6666666666666666,1
1P7VBHO0,"Like, how about we give you measles and ask you how it feels?",0.0,0.6666666666666666,1
SCYWF4OV,"<user> vaccines cause SIDS, Autism, Fluoride causes Down Syndrome, LBJ'S hit man MARSHAL'S finger print matches pinky on Oswalds rifle",-1.0,0.6666666666666666,0
R410BGDA,We should NOT be having a measles outbreak in this day and age.  Vaccinate your child so THEY don't suffer with the measles!,1.0,0.6666666666666666,2
1MYX55KC,".<user> closes newser: ""Oh, and by the way, have your kids get inoculated."" #vaccinations <url>",1.0,0.6666666666666666,2
2OQGH5M7,WHO to begin large-scale testing of Ebola vaccine in Guinea: The World Health Organization will start large-scale… <url>,0.0,0.6666666666666666,1
2XZS9EL5,"Study of more than 95,000 kids finds no link between MMR vaccine and autism <url>",1.0,0.6666666666666666,2
KSSYIY4R,<user> I know it's crazy. There's literally no evidence based literature that shows any correlation between autism &amp; vaccines.,1.0,1.0,2
G29B7BWX,<user> Maher is desperately misinformed on many Issues. I was shocked when he told people not to vaccinate their children. He's a jerk.,1.0,1.0,2
44G1WIPG,I hate listening to these opinions about not vaccinating your children.,1.0,1.0,2
T0GEB28Y,"Paul Erwin, TN Dept of Health, says Cuban students cannot understand how US could have measles outbreak! <user> <url>",0.0,0.6666666666666666,1
Q51UWP19,give your poor kids their vaccinations. There is NO proof that they cause autism and it will save their lives!!!!!!,1.0,1.0,2
OVBDPBKU,"AM-News : Chinese HIV vaccine finishes safety testing: A new HIV/AIDS vaccine, developed by Chinese scientists, has… <url>",0.0,0.6666666666666666,1
IUUKHPAF,<user> I could care less of you vaccinate your kids. Just keep them away from mine!,1.0,0.6666666666666666,2
4DZ8V88B,A nice commentary on the ongoing measles outbreak that was traced back to disneyland.   <url>,0.0,1.0,1
WHK7VI7D,Colorado’s New Immunization Rules: Politics Trump Health: So Colorado just made it a little harder to get a non… <url>,1.0,0.6666666666666666,2
6Y1EGUWM,To all pro lifers who are pro vaxx: Did you know there was aborted fetal DNA in vaccines? Add to list of vaxx ingredients u don't know.,-1.0,1.0,0
J6LZOXBF,This tweet has gone viral: it has the measles.,0.0,1.0,1
0CEYWSP8,"“<user> The science is clear: The earth is round, the sky is blue, and #vaccineswork. Let's protect all our kids.""",1.0,0.6666666666666666,2
KDYY6CCM,"#MDG456Live. From 2010-now, partners in EWEC have tripled, MMR has dropped <user> happy to be a part",0.0,1.0,1
C03U5T0Q,Great #foxnews got measles? Call a cardiologist. He's a doctor we'll talk to him. Don't try a infectious dz dr,0.0,1.0,1
8DX51X8B,"The little short , light skin dude in #MMR kills me when he curse ",0.0,1.0,1
GIGS057L,<user> <user> there was no such thing as a chicken pox vaccine when we were kids! I had it like a man! (Or a 5 year old boy),0.0,0.6666666666666666,1
KLN6YETQ,Health Officials Confirm Case Of Measles In Northern Suburbs <url>,0.0,1.0,1
T77EEFO1,California Legislature passes strict school vaccine bill: California lawmakers on Monday sent the governor a… <url>,0.0,0.6666666666666666,1
Y7WNVNLZ,I really hope I have my measles shot,1.0,1.0,2
M7JKJN82,"“<user> The Rand Paul said that parents should not be required to have their children get measles shots. #CantStandRand!"" Anti science",1.0,1.0,2
AVL2ZBTW,"#Ebola Ebola, Measles And Chris Christie's Inconsistent Healthcare Beliefs - Forbes <url>",0.0,0.6666666666666666,1
RFR0G0KX,"<user> GMO's, poor diet, poor air &amp; water quality, vaccines, chemtrails et al.",-1.0,1.0,0
Q35FPNB0,Measles getting spread at Disneyland BC DUMBASSES DONT VACCINATE THEIR KIDS,1.0,1.0,2
OGHHELLE,"<user> VACCINE INJURY IS REAL.  STOP BEING A SHEEPLE
#CDCwhistleblower",-1.0,1.0,0
DUBG9PYK,"""You need 3 or 4 MBAs to equal an #MMR"" thanks Charlotte",0.0,1.0,1
AU1PDU7S,<user> <user> <user> <user> <user> there is no debate... You get kids vaccinated.,1.0,1.0,2
8V7PZJO3,Yellow Fever vaccine? Not so much fun.    @ Passport Health NYC <url>,1.0,1.0,2
TG4VXBI8,Kids must be vaccinated under new California law. <url>,0.0,0.6666666666666666,1
SKVIDGYP,Happy MLK Eve...We Are Open Til 2:30 Bring It <user> #mmr #mlk #washingtondc #dupontcircle… <url>,0.0,1.0,1
XOXRXRED,"Preparing to discuss how to overcome parental fear of #immunizations w/ #KC <user> Be consistent, insistent, persistent w/ empathy &amp; love.",1.0,0.6666666666666666,2
WHGQMMM7,"Understanding Thimerosal, Mercury, and Vaccine Safety <url>",0.0,0.6666666666666666,1
2A4SF4K7,"<user> <user> Waldorf schools are notorious for their low vaccination rates. We won't set foot in one, even for public hearings.",1.0,1.0,2
12XW5P24,I don't deserve to be at this MMR. I'm carrying sooooo much.,0.0,0.6666666666666666,1
RZINES6F,fake drugs “<user> Natural News: HPV vaccines: Gardasil becomes a market dud in wake of informed backlash <url> #mmot”,-1.0,0.6666666666666666,0
U5SB6XM7,2 discon's straight -_- no mmr for me,0.0,1.0,1
OPR5BDA8,Disneyland Measles Outbreak Another Lesson in How Stupidity Can Kill - <url> via <user> RT! LIVES DEPEND ON IT!,1.0,1.0,2
0YX6EA35,"<user> <user> Yes b/c for health reasons some children can't be vaccinated -
you're putting everyone at risk. Move to the woods, bye!",1.0,0.6666666666666666,2
2HPREIKB,"<user> In Ethiopia 32 <user> members were able to immunize 1,000 children against polio <url> <url>",1.0,1.0,2
NYUVN6GP,<user> I agree with you but parents should have to vaccinate their children,1.0,1.0,2
G56AV35U,Time for seasonal flu shots!!  See your local health dept nurse!  She is an expert at vaccine administration!! Cheapest price in town!!,1.0,1.0,2
Z7109K08,Numbers show thousands of Bexar County parents skip measles vaccine: An outbreak of measles that began in… <url>,0.0,0.6666666666666666,1
92T75VI3,Vaccinations are a gift to our children. The reasons these killing and debilitating diseases R not active is because of vaccines. It is,1.0,1.0,2
OFVJXEDO,Reading more about measles makes me increasingly appalled at non-vaxers. It's an RNA virus. Like HIV/AIDS. aka-REAL DANGEROUS. come ON.,1.0,0.6666666666666666,2
K3O1A2AO,<user> haha pharm kids ❤ I have to be CPR certified along with my immunization certificate in case someone is allergic or something,0.0,0.6666666666666666,1
U7JD7HFY,The Games About To Change <user> #mmr #dc #dj #dmv #djflyer #downtowndc #dupontcircle… <url>,0.0,1.0,1
O3E0E67W,"<url>
Childhood vaccines news",0.0,1.0,1
0STNE2MG,Getting my vaccines ! #china #nervous #moving .. With Cheryl (@ Southern Nevada Health District) <url>,1.0,1.0,2
S71DRG7D,"<url>
Jon Stewart turns to zombies to explain measles.",0.0,1.0,1
T207OL3W,How many people have to get measles for it to be an #outbreak ?,0.0,1.0,1
VCAQ7YC4,<user> did you just compare vaccinating your dog and kids...,0.0,1.0,1
7D9KUZ4B,Today-1885-Louis Pasteur successfully tested his anti-rabies vaccine on the child who later became Pasteur Institute director.,1.0,0.6666666666666666,2
YITBO4EH,"I’m Autistic, And Believe Me, It’s A Lot Better Than Measles
<url>",1.0,1.0,2
4XLYINGN,"<user> <user> it's spreading like crazy!!! Hundreds of people exposed, measles highly contagious.",0.0,0.6666666666666666,1
4X1OTJFH,The measles outbreak couldn't be something done by terrorists? Just asking #MeaslesOutbreak #EdicionNocturna <user>,0.0,1.0,1
CBK7LA4O,What's the Difference Between #DTaP and #Tdap #vaccine? #AsktheExpert <url> #health,0.0,1.0,1
5TTEQHU9,#vaccinations All they had when I was young was smallpox. Measles affected my eyes. Sister got polio like many others. Both preventable now,1.0,0.6666666666666666,2
IZ08OE6T,"NOT inspiring to hear Another Brick in the Wall this AM. My gr 8 class voted to sing it at grad (vetoed) &amp; then I heard it on MMR, not MGK.",0.0,1.0,1
S6KH138N,AIDS N : FIT Biotech Oy: FIT Biotech's HIV vaccine demonstrated to be safe and well tolerated in two clinical ...:… <url>,1.0,1.0,2
Q2EVMR4K,((Cada Dia)) Vaccines Are about profit not health: I promise you the FDA won't heal America. If they could why haven't they done it y...,-1.0,0.6666666666666666,0
MJNGKTU2,<user> That's it!!!! I found out I seizured when I got my MMR. Maybe that's why I'm so screwed up. :),0.0,0.6666666666666666,1
0OZ9QXWE,"Austerity is not a Vaccine to Crisis... It is a Parasite with Pandemic Potential! It Drains Life, Killing Slowly! #OccupyColumbus",0.0,1.0,1
FG1CHFGI,Lack of vaccinations may lead to measles epidemic <url>,1.0,1.0,2
RW5FZ5I4,"Not sure if Sharyl Attkisson is a vaccine truther, but she sure does ask a lot of questions. <url>",0.0,0.6666666666666666,1
C7AJAJ0S,Status update: LC still does not have measles.,0.0,1.0,1
5ZQ05RLZ,Bout to drop the hottest vaccine. 💉 @ Piper High School / BRACE <url>,1.0,0.6666666666666666,2
OUQ4A7S6,"AIDS N : BioArt : Katharine Dowson's Brain Boxes, Crystal Chromosomes &amp; HIV Vaccine Work <url>",0.0,0.6666666666666666,1
LD0JY5CM,<user> careful there's a measles outbreak!!!,0.0,1.0,1
PDJHCBO2,<user> Obamacare  took millions of dollars from CDC that's why we have no vaccine thank the Democrats,1.0,0.6666666666666666,2
GY0QXLM3,"Every Last Child, Reviewed: Can the WHO vaccinate every child in Pakistan for polio? Not if the Taliban can help it. <url>",1.0,0.6666666666666666,2
DOMEZ2XE,Mom Of Meningitis Victim: ‘I Lost My Baby Girl To A Vaccine-Preventable Disease’: A Centers for Disease Control and… <url>,1.0,0.6666666666666666,2
YBD3MAA2,SB277 [Passed] Public health: vaccinations. <url>,1.0,0.6666666666666666,2
VD4BBKEO,"<user>  I've been saying this for years.They have low/No sanitary standards, not vaccinated, going to kill us and our kids. #NoIllegals",0.0,0.6666666666666666,1
AILPZS7I,<user> <user> The promethean enthusiasm is infectious. Like measles.,0.0,1.0,1
WBZX647L,Access to Fitchburg school is limited amid measles scare <url> Most read by neighbors in #Fitchburg #MA,0.0,1.0,1
3X6JBU5K,reminder to vaccinate your fucking children thank you,1.0,1.0,2
M3J3R2A2,<user> <user> koalas in San Diego zoo are all vaccinated for all diseases upon birth,1.0,0.6666666666666666,2
ZEUFB8K4,The MMR is headed to New Mexico to take care of some business tonight &gt;:) #MMR #OrangePlumeBand,0.0,0.6666666666666666,1
RR34SEKL,"“<user> The science is clear: The earth is round, the sky is blue, and #vaccineswork. Let's protect all our kids.""",1.0,1.0,2
FMG8ARQN,"So, this NHL a mumps outbreak kinda highlights the importance of vaccinating your kids or something, right?",1.0,0.6666666666666666,2
I8KQ67P2,"WHY, PEOPLE? RT <user> 22k NY school kids aren't vaccinated: Look up any NY school's vaccination rate here: <url>",1.0,1.0,2
6OAQZHCL,"<user> <user> <user> #roadto25 - also, still no <user> Smh. He coulda been 5k MMR by now... <url>",0.0,1.0,1
C179CATX,"If vaccines don't cause autism, what's stopping you from faking autism and winning millions in vaccine court like others? y r u still poor?",1.0,0.6666666666666666,2
WCDN1ZSY,"""Love

is a measles and everyone has to go through this"".",0.0,1.0,1
DJ7TPFS2,RT <user> Why Mumps And Measles Can Spread Even When We’re Vaccinated <url>,0.0,0.6666666666666666,1
1IK8BN7T,Death threats made to office of state vaccine bill author: Death threats made to office of state vaccine bill… <url>,0.0,1.0,1
QH03ZNAL,RT <user> Vaccinations The Measles and Medicaid Expansion <url> <user>,0.0,1.0,1
QLQ2MDL1,VACCINATE YA FUCKING KIDS,1.0,1.0,2
W8X962IY,Measles scare in NY <url>,0.0,1.0,1
IQSW8EV9,Glad I got vaccinated! “<user> HEALTH ALERT: A case of meningitis has been reported at Monmouth University <url>,1.0,1.0,2
2LEWGWGW,<user> measles*,0.0,1.0,1
WZLMJGHH,<user> Should those kids that have been exposé been vaccinated anyways?,1.0,0.6666666666666666,2
YR5YY01G,"More measles cases tied to Disneyland, Illinois day care: Health officials say the number of U.S. measles cases… <url>",0.0,1.0,1
TUUJJDOK,<user> a tasty BLT with a side of MMRV vaccine! <url> #autism #vaccines #deadlybitchbabble,0.0,0.6666666666666666,1
K8CJA829,"I'm hungry, I can't understand this teacher, and  student health lost my immunization stuff......Over today.",0.0,1.0,1
HC4G7MPJ,Why do people fear the #vaccine? <user> looks into the deep-seated cultural reasons <url>,0.0,1.0,1
11LBFSWX,Moorpark College Notifies Students About Potential Measles Exposure <url>,0.0,0.6666666666666666,1
SC0YD4P7,"Exciting!

Synchrotron yields 'safer' vaccine <url>",1.0,0.6666666666666666,2
HJXM9V2V,<url>  But my friend from Colorado said NOT to vaccinate my child.   Uh oh.,1.0,0.6666666666666666,2
6VA23VDA,In which I nerd out about Christian Science and consider religious exemptions from vaccines: <url>,0.0,0.6666666666666666,1
OATCYIH5,<user> measles.,0.0,1.0,1
QNM5XFR2,"<user> <user> we r taking a beating in media. But vaccines can cause harm! After DPT shot my son had seizures, brain damage +#autism",-1.0,1.0,0
U74T1008,Microbiologist at state lab testing for measles.  If testing Ebola she would be in a level 3 lab w/ more protection <url>,0.0,1.0,1
DA3Y6WDW,Help UNICEF Make Full Immunization for the World's Children a Reality - The Hunger Site <url> via <user>,1.0,1.0,2
6YY5KD4W,New York to require schoolkids receive meningitis vaccine: The state Legislature has voted to add meningitis to the… <url>,0.0,0.6666666666666666,1
SFQMFCW0,"<user> If there are any weird things ilke bedbugs or measles,there certainly will be a PBB segment.",0.0,1.0,1
MN0H6EDS,Measles case confirmed in central Indiana: State health officials have confirmed a case of measles in central... <url>,0.0,1.0,1
FPKP7QLI,“<user> Measles Vaccination Rates: Tanzania Does Better Than U.S. <url> <user>,1.0,0.6666666666666666,2
5P4LF324,With my baby for her first set of vaccines. Hope it does not become crazy today. Sorry Sarai but it has to happen. Love U though.,1.0,1.0,2
L3OUMQ7F,The measles debate continues. Tnx SVU.  #SVU,0.0,1.0,1
X07V1W60,Health officials promote flu shot during National Influenza Vaccination Week: National Influenza Vaccination Week... <url>,0.0,1.0,1
HYUQ0YS7,"EVery PErson That Does NOT Vaccinate their Children.......,,,,,REaD THIs!!!!!!!",1.0,1.0,2
BITLP4LN,I'm so proud! My home schooled till highschool Waldorf kids are grown up! No #vaccines NO… <url>,-1.0,1.0,0
SBGUZ4FG,CDC's JE Vaccine Information Statement Update <url>,0.0,0.6666666666666666,1
5Q5NVOMH,"<user> touché, but we have a vaccine for measles. I mean, all our bases look covered",1.0,1.0,2
SJZTSIEF,Ohio's measles vaccination rate among lowest in country <url>,0.0,0.6666666666666666,1
TI5RSWBA,"New Choices For Seasonal Flu Vaccines: WebMD Health NewsBy Brenda Goodman, MAReviewed by Michael W. Smith,... <url>",0.0,0.6666666666666666,1
JUJEIGAT,<user> My husband was paralyzed by Guillian Barre' caused by the flu #vaccine. GB was listed on shot disclaimer.,-1.0,1.0,0
8RN6CF47,HB2279 [NEW] Public health and safety; providing immunity from prosecution for drug-related offenses under certai... <url>,0.0,1.0,1
WHGN7YA7,"<user> Yeah then listening to Bill Gates talk about ""Depopulation through vaccines"" has me feeling like a conspiracy theorist",0.0,0.6666666666666666,1
OW0G8TKD,"<user> <user> Yuppers, she is 16 and no matter how much data you put in front of me I will vaccinate my child, I value her life!",1.0,1.0,2
HQUUQALN,"“<user> measles cases in the US reached a 20-year high, 288 cases reported in 2014.  <url> yikes. Please vaccinate!",1.0,0.6666666666666666,2
0R0F4U06,Number Of Measles Cases &amp; People Getting Vaccinated Growing: NORTH TEXAS (CBS 11 NEWS) – The measles and the... <url>,1.0,0.6666666666666666,2
3DZVOT04,"Prevent the #flu""<user> Public Health nurses talk flu vaccine <url> #PublicHealth #News”",1.0,1.0,2
LVJTQP6B,W I T MY W O E S #CREWLOVE #jennifair #mmr #smoknfaces #somage #mogulmedia #nyc #chicago @ Taj… <url>,0.0,1.0,1
DISEEXME,"""Progress on eliminating measles has stalled, WHO warns"" - <url>",0.0,0.6666666666666666,1
KK8LVLJA,Madison Martin Margiela for H&amp;M long dress- size 6- REDDZ price $50 #mmr #maisonmartinmargiela… <url>,0.0,1.0,1
9KUXG4UK,Austrialia to deny benefits to families that don't vaccinate their kids <url>,-1.0,0.3333333333333333,0
U2LBIDK5,WTF is this Bullshit...........The Center of Disease Control Says Ebola Vaccine Only Works On White People! <url>,0.0,1.0,1
FLL71G8H,"Now I'm murdering in all my ranked games. Figures when season is over. Oh well, free MMR boost.",0.0,1.0,1
TP01OVXD,"#GirlsLikeItWhen you have a high MMR 
#LeagueOfLegends",0.0,1.0,1
QNJ8UYP2,Thanks Jenna. :( “<user> Measles cases in Washington have quintupled <url>,0.0,1.0,1
ZYPAMCOX,Initial outbreak of measles was at Disneyland,0.0,1.0,1
0TIFZ2P2,"#blizzardof2015 is God's way of punishing New Englanders for #DeflateGate, next I hope Belichek gets boils and Brady gets the measles.",0.0,1.0,1
M74YMX54,"<user> #KellyFile
The debate is over. Vaccines DO NOT cause autism. Take that liberals.",1.0,1.0,2
O364RHBM,I hear <user> on MMR with <user> 😃,0.0,1.0,1
3ZK9ABQG,😷: measles emoji,0.0,1.0,1
PGQ2IPFI,"<user> <user> I have a child w/ severe autism. Vaccines didn't do it. Even if they did, I'd take that over losing a child to measles",1.0,1.0,2
JF9TKOQV,Fucking vaccinate your children YOU UNEDUCATED IMBECILE,1.0,1.0,2
8B1WXT9T,"SA health agency disagrees w/ DA Nico LaHood, says vaccines don't cause autism via mySA <url>",1.0,0.6666666666666666,2
0T1D5FZ2,3 Cases Of Measles Reported In OC: SANTA ANA (<url> — There has been three confirmed cases of... <url>,0.0,1.0,1
LV0G8EV9,White Christian ppl just aren't safe anymore! #ebola #Obama #illegals #guncontrol #FreeCommunityCollege #measles in #Disney MY GOD! #CBS,0.0,0.6666666666666666,1
H4H8VCD2,Sis been in the city last night..... <user> ..... #foreverme #YPC #MMR #BBoyEnt #burglife <user> <url>,0.0,1.0,1
05EKO7JK,"Why is China having #measles outbreaks w 99% compliance 2 #MMR #vaccine? 
#vaccineswork ???",0.0,0.6666666666666666,1
4S2I8PPD,This bitch leaking Tatar sauce mayonnaise cottage cheese health dept need to be getting a vaccine stronger than Ebola bitch foh,1.0,0.6666666666666666,2
Z0SM0XLD,<user> you should have gotten vaccinated for meningitis prior to school however there is viral and bacterial which only is vaccinated for,1.0,1.0,2
ZZJL8RZU,"""<user> People who complain live longer. Releasing tension increases immunity and improves overall health."" <user> im nvr dying",0.0,1.0,1
MGD4D69O,Measles in the shape of Julianne Hough's face #AdorableIllnesses <user>,0.0,1.0,1
6AR09H43,Disney parks-linked measles outbreak grows to 70 cases <url>,0.0,1.0,1
AX1V3TDZ,"It's #science: Parents who don't #vaccinate kids compromise ""herd immunity"" &amp; threaten other kids <url> #health #children #fb",1.0,1.0,2
APLYIMED,"Thanks, Anti-Vaxxers. You Just Brought Back Measles in NYC. <url> via <user> VACCINATE PEOPLE! UGH",1.0,1.0,2
JTEMSEJ0,People who think that doing a juice cleanse will keep them healthy are probably the same people who think vaccinations cause autism,1.0,1.0,2
R9C2LTPB,Getting my passport and vaccinations prepped. #scared #excited,0.0,0.6666666666666666,1
0KM24I6H,Waiting for <user> to take the stage <user> brings complete concert coverage! MMR winners here 2! <url>,0.0,1.0,1
3Z7BRB66,Every cause needs a champion - Dr Lucas Otieno. We see this every day in our amazing health workers. #vaccineswork <user>,1.0,0.6666666666666666,2
2IP605V9,"Measles can spread further than thought on airplanes: On airplanes, measles can spread beyond the passengers... <url>",1.0,0.6666666666666666,2
CTH4P6P6,"<user> I know kids can die, but I had measles, mumps and chicken pox around 1 year of age. I've seen what they can do to an adult.",0.0,0.6666666666666666,1
7YIV2LXD,So who can help <user> land promote <user> 's MMR BBQ this year? May 20th. Simple flyers to make &amp; pass out. Who's up for this?,0.0,0.6666666666666666,1
U3WPQXNF,Everyone keeps saying my rash is chicken pox or the measles 😑😂,0.0,1.0,1
XFIUWWBP,Parents who don't have their children vaccinated against measles should be arrested and have their children taken away from them.,1.0,1.0,2
LJ4TX7IG,"<user> <user> <user> So you want be vaccinated and will risk your health and the health of yourself, children and others?",-1.0,0.6666666666666666,0
566JHBTW,"Doctors Debate Need for Child Vaccinations: The start of the school year is getting close, which means parents... <url>",0.0,0.6666666666666666,1
HW3YZVAD,Shout out to the MMR Preston & Steve black listnas! (@ Burbon Blue) <url>,0.0,1.0,1
S0V7GT6P,I had measles when I was 7. It didn't make morning news.,0.0,1.0,1
CQQLAEWG,<user> <user> Is Imus really telling people to chill until facts are out about Ebola? What about the fake vaccine-autism crap,1.0,0.6666666666666666,2
BLN3FPQW,The Importance of Vaccinations and Immunizations for Children <url>,1.0,1.0,2
UMT2WVY5,Visiting my two queens <user> #MMR,0.0,1.0,1
C4RK17S6,"""<user> #CDC tells healthy adults not to forget flu vaccine
<url> <url> <user>",1.0,0.6666666666666666,2
6GPIJOD2,"Can we please mount a campaign to have idiots who refuse to vaccinate their kids cited for child abuse and endangering a minor, at least?",1.0,1.0,2
FZ45K3H5,"#TheRegistrationSocial
Jan 12-14 / 5-8pm
The Baltimore Gallery...
☑Download MMR 103.1 from… <url>",0.0,1.0,1
0RS4G0HI,"<user> <user> the HPV Vaccine, eliminating diseases, Etc. They just focus on one thing and it is a problem but it doesn't",-1.0,0.3333333333333333,0
ZPVSIFXJ,"Expert Q&amp;A: Childhood Vaccine Safety: WebMD Health NewsBy Kathleen DohenyReviewed by Jennifer Shu, MDFor parents,... <url>",1.0,0.6666666666666666,2
EH6LZXL3,"At this point yall better know its spirit week which means I get immunity from weird looks when I show up at school in full xosume ok
Ok",0.0,1.0,1
OBWXVRDT,"POLL: Getting Non-Medical Exemptions For Children’s Vaccinations: Referring to students in public school, do you… <url>",0.0,0.6666666666666666,1
2T642NYZ,"So there I was, MMR 1900, with a room full of people in the 1400s",0.0,1.0,1
8DPKY3RL,#SINS  #MMR <url>,0.0,1.0,1
XBA3HZK7,HB5126 [NEW] Health; immunizations; promulgation of certain rules by the department of health and human services ... <url>,0.0,0.6666666666666666,1
FQ60U4JM,"“Nationalism is an infantile disease. It is the measles of mankind.”

☯ Albert Einstein",0.0,1.0,1
BMSLSSEI,Save time at the pharmacy. Use this screening checklist to see what vaccines your child needs: <url> via <user>,1.0,0.6666666666666666,2
DL1SB6SE,"Wow North America, wow via <user> Measles vaccination rates in parts of Africa surpass those in North America <url>",1.0,1.0,2
N2XA554J,15th Measles Case Confirmed in Illinois: Cook County health department officials confirmed a 15th case of measles… <url>,0.0,1.0,1
45W4QN7O,<user> Communities need to maintain vaccination rates of at least 92% to prevent measles outbreaks,1.0,1.0,2
N0X2V47U,"<user>
Here I thought WHITE SUPREMACIST was disqualifying enough but, <user> vaccine conspiracy theorist HOLY SHIT! Completely nuts.",0.0,0.6666666666666666,1
EI10PS46,<user>  your ignorance on vaccines isn't just dangerous to your innocent child but to others around you. Shame on you.,1.0,0.6666666666666666,2
1OKPMDPX,"Whoever said Orange is the new pink, is seriously disturbed. “<user> Measles is the new Ebola”",0.0,1.0,1
1S8T5KJG,<user>  not vaccinated your child is abuse &amp; incredibly ignorant. Hope they learned from this situation they created,1.0,1.0,2
D7F2ZAHV,"""Don't be an idiot. Vaccinate your future freaking kids people."" -Microbiology professor 😂😂😂",1.0,1.0,2
CGIBDFOA,NC health agency reminds people to get measles vaccination <url>,1.0,1.0,2
B0IK3CH3,"<user> She's fine. Ear infection, antibiotics for a tick bite, blood drawn, vaccinations. Poor baby.",1.0,0.6666666666666666,2
BFYZT5R9,GradNite better not be cancelled because of the measles outbreak! 😡😡,0.0,1.0,1
TP0MIEXK,<user> TY. Fought hard 2 NOT vaccinate my kids. Yrs of ppl's judgements. Don't get hurt; get smart,-1.0,0.6666666666666666,0
J0XLJXI5,RT <user> MT <user> a measles outbreak reveals the true cost of vaccine refusal <url>,1.0,1.0,2
XAICHIUP,"#VaccinateYourKids and save lives.  It is not a personal choice, it is public health.  <url>",1.0,1.0,2
GK4X73HZ,<user> <user> That's called heard immunity.,0.0,0.6666666666666666,1
5S1HWIN8,Vaccines cause autism debate right now <url>,-1.0,0.6666666666666666,0
QYB83RNS,#measles update: infants quarantined in #SantaMonica <url> #MeaslesOutbreak #health #BREAKING,0.0,0.6666666666666666,1
HIR0HBGP,<user> <user> and just how exactly does an unborn baby have anything to do with this article on vaccines? #smh,0.0,1.0,1
VWWG8DL0,"Send a letter to our senate letting them know you are for SB 277 2016 PUBLIC HEALTH VACCINATIONS

 <url>",1.0,1.0,2
GA2BE0RI,"""<user> Want MMR to come to your backyard? <url> <url> but don't think my 10x10 yard will work😏",0.0,1.0,1
HSWPR0XE,Measles Killing Kids Is The New Freedom: <url>,0.0,0.6666666666666666,1
NFUYEHRT,Updated shots!!!! No more vaccines until Im 65yrs of age. #Winning @ Chase Brexton Health Services <url>,1.0,0.6666666666666666,2
BW9F8LK4,"""<user> Vaccinating Kids Over The Past Two Decades Has Prevented More Than 700,000 Of Them From Dying <url>",1.0,1.0,2
INJDXP9X,CDC: Many U.S. Adults Not Getting Key Vaccines: Many U.S. adults are skipping recommended vaccinations that could... <url>,0.0,0.6666666666666666,1
QD8CCFHE,"SB550 [Update] In child protective services, further providing for definitions, for immunity from liability, for ... <url>",0.0,1.0,1
53O37ZPY,“<user> #SINS #SINS #SINS #SINS coming soon Ladies &amp; Gentlemen #MMR <user> <user> … <url>,0.0,1.0,1
1258AMHH,<user> also parents who refuse to keep their kids alive by vaccinating them bc he they think it'll make them autistic,1.0,1.0,2
8CL3LFMV,I love how they say it's our choice whether or not to immunize but if I were to refuse I would get my kids taken from me 😂,-1.0,1.0,0
AUTP3M7V,Waiting to be immunized for TB! I'm scared bc needles r the actual worst!!! ..... Srsly I'm rly scared and I feel I'm awaiting my death rn!!,1.0,0.6666666666666666,2
E03N9PP9,"<user> depende de tu mmr actual. En promedio, tiende a ser similar a donde te encontrabas anteriormente.",0.0,1.0,1
TIPOQLTW,EDC in Dc madhatterdc #mmr #edm #ragedc #teammmr #dj #dmv #dupontcircle #connecticutave #dc #rave… <url>,0.0,1.0,1
HNXFRWI2,"<user> <user> <user> <user> <user> <user> measles, mumps, polio, whooping cough, HPV, flu, rabies, &amp; spiders",0.0,1.0,1
L3K1FAVS,A 104 little kids got the measles on fleek!,0.0,1.0,1
6QSFDHZR,And when ten years from now my kid gets the Measles I'm blaming y'all.,0.0,0.6666666666666666,1
WY9Q8GUT,Ninja we ALL have vaccinations. We're ALL fine. “<user> <user> one couple never takes their kid to the doctor. Like........”,1.0,1.0,2
QMOPG4ID,"They s/b mandatory. No excuses.  ""<user> Vaccine Refusal Has Helped Drive U.S. Measles Cases To A 20-Year High <url>",1.0,1.0,2
H7DRZT38,HB1114 [Engross] Brunswick-Glynn County Joint Water and Sewer Commission; provide immunity and exemption from li... <url>,0.0,1.0,1
OQ743BB4,<user> <user> both of you can suck it...Jesse go listen to MMR instead of working and Carly just shhh!,0.0,1.0,1
BCE8E4A9,CDC: 170 Measles Cases In US Since January: The number of US Measles cases this year is growing. The CDC says 170… <url>,0.0,1.0,1
VJ8CN0U2,"""WHO estimates that today immunizations prevent between 2 and 3 million deaths annually and protect many more"" <url>",1.0,1.0,2
EEJ1ANAV,"""<user> Nationalism is an infantile disease. It is the measles of mankind.""",0.0,1.0,1
HWC4HRUH,"Not vaccinating your child, you risk the health of others around them.",1.0,0.6666666666666666,2
8LUJTDKM,Another Study Finds No Link Between MMR Vaccine and Autism <url>,1.0,1.0,2
PJ8ULPJ9,Debate over vaccinations explodes in light of measles outbreaks <url>,0.0,1.0,1
ZSDFYLPJ,<user> This how parents handled mumps where there was no better option. Now it's just plain stupid. Measles can be dead serious.,1.0,0.6666666666666666,2
9YP22SQK,"<user> Listen 2 ur doc Mia.Our bodies dvlop immunity thru grms.In 40's&amp;50's,rich kids more likely 2get polio thn poor,bc homes clnr",0.0,0.6666666666666666,1
U0LFSNTB,Story on CNN right now: Do parents have right to not vaccinate kids?,0.0,0.6666666666666666,1
WOBCLL38,Case of measles confirmed in int'l traveller to King Co. Visited <user> in Seattle &amp; Sea-Tac Main Term &amp; Concourse D <user>,0.0,1.0,1
V2SC1BAC,"<user> mmr, hep A &amp; B, chickenpox, etc., the limiting factor is participation in the developed and refrigeration in developing.",1.0,0.6666666666666666,2
KFGOBZ4B,"<user> - right in middle of ABC National News story on measles, your quick hit weather snow forecast played.",0.0,1.0,1
2OCNSYQ0,How do people still think that vaccines cause autism?,1.0,1.0,2
WEULW8MN,Measles Case Reported In Colorado: DENVER (AP) – The first case of measles in Colorado since 2006 has been... <url>,0.0,1.0,1
7LWW47N7,Children's Museum of Houston to Offer Free Vaccinations <url>,1.0,0.6666666666666666,2
JHCEQ5UD,"If you don't vaccinate your child, you are a filthy hypocrite because odds are you were vaccinated and healthy enough to bear a child!!!!",1.0,1.0,2
3ECBC0T5,Shut the fuck up or I'll turn this car around and take you to Disneyland and you'll all get the measles.,0.0,1.0,1
FDR7ACRH,"Here is Penn &amp; Teller’s graphic illustration of #vaccine safety (beware, some graphic language).
<url>",1.0,1.0,2
QX07YHW0,Disney's parks revenue rises despite measles outbreak <url>,0.0,0.6666666666666666,1
9SCBVTZP,1$Mug Noche <user> #mmr #mixmasterrod #dcdj #mmr   @ Mad Hatter <url>,0.0,1.0,1
ZYKAGZJI,The zenith of #BS --&gt;&gt; CDC Says Ebola Vaccine Only Works on White People  <url> <url>,0.0,0.6666666666666666,1
A2FCUM03,"Child dies from flu in Maine; CDC urges vaccines: AUGUSTA, Maine (AP) — An early-arriving flu season has claimed the... <url>",1.0,0.6666666666666666,2
FZ35HPSS,Senator Pan shares his concern about protecting those who cannot have immunizations such as babies. #PTA4KIDS <url>,1.0,0.6666666666666666,2
HAVUEFFB,How it a three year old gets 20+ vaccinations before 2 yrs old and still gets chicken pox.. Sounds like a pharmaceutical scam and dangerous,-1.0,0.6666666666666666,0
3QJ27VJM,Jenny McCarthy has blood on her hands RT <user> Mother Warns Parents To Vaccinate After Baby’s Near Death <url>,0.0,0.6666666666666666,1
8ODJX5DL,"Health Officials Warn This Year’s Flu Vaccine Won’t Prevent New H3N2 Strain Of Influenza: Here in California, the… <url>",0.0,0.6666666666666666,1
WPGKXJ4T,"Vaccines cause autism, here's why  <url>",-1.0,1.0,0
9VQUL59U,"Talking about the ""MMR"" vaccine in class and all I can think of is league...I have a problem.",0.0,1.0,1
5DC3F07E,Florida DOH Offers Free Back-To-School Immunizations: What do some students dislike more than actually going back… <url>,1.0,0.6666666666666666,2
XKRKVQ21,"""MMR Meets  Bliss""  
ThurSday AUGUST 20
#Ladiesfree until 11 
<user> 
<user> 
#Hot97… <url>",0.0,0.6666666666666666,1
YNGD9TIZ,"“On average, people who complain live longer -- Releasing this tension increases immunity and boosts their health.” <user>",0.0,1.0,1
NZI06FPU,<user> <user> <user> <user> There is even a vaccine injury compensation program in place for situation like this.,-1.0,1.0,0
E3WT59OR,"you want the freedom to not vaccinate your kids? tough shit. you want to maintain an arsenal of automatic weapons? again, that's too bad",1.0,1.0,2
C9IKHPT4,#YeaIGoByDibiHoe #TrapQueenRemix #TrapQueen #PalaceOnSunday #MMR #SquadUp 🔥🔥🔥🔥🔥#SaucyBaby @ The… <url>,0.0,0.6666666666666666,1
4XKEXLI2,<user> really? My mmr is messed up now. I end up with plat some games then later with gold v kids so anoyoying,0.0,1.0,1
ILINQE78,Flashback: UN Halts Syrian Vaccination Program After Dozens of Children Die <url>,0.0,1.0,1
STPIJ531,Centers For Disease Control: Urge Merck to Revive Single-Dose Measles and Mumps Vaccines - Sign the P... <url> via <user>,1.0,0.6666666666666666,2
D1SW4SOJ,Costco out here given people the measles.. And all they give you is a letter saying you might have the measles,0.0,1.0,1
YI8J73ZA,Health fair kicks off the National Infant Immunization Week: A multi-state measles outbreak earlier this year… <url>,1.0,1.0,2
QL0KCXRH,If the measles outbreak turns into zombie outbreak <user> I will find you! I swear on my life I WILL FIND YOU,0.0,1.0,1
H2P9I8WG,"Oh!  RT <user> Australia to cut benefits for parents who don't vaccinate their children: <url>
<url>",1.0,1.0,2
SUIP97A9,<user> en nahh mmr -_____-,0.0,1.0,1
KVEZT1TQ,"<user> Not only do vaccinations fail to prevent disease, they are proven to cause disease! Please consider reversing your position.",-1.0,0.3333333333333333,0
A8UB896F,Get your kids vaccinated so they can grow up. #makesafehappen,1.0,1.0,2
7TOBP12N,Sorry bit who are these tards? <user> One in five millennials thinks vaccines cause autism <url>,1.0,0.6666666666666666,2
RA09D8S9,I hope <user> doesn't get measles in DisneyLand! Lol,0.0,1.0,1
FQ61IXH5,<user> return of measles mod small pox polio Close our borders NOW walk em right back over the border,0.0,1.0,1
XFXZJGKU,Aww my poor baby got his vaccinations today &amp; he's crying in pain 😩😭😭😭,1.0,1.0,2
AZUX1FLL,Why are we still talking about people not vaccinating their kids when there is a crisis going on?! No more Dr. Pepper Bonnie Bell Chapstick!,1.0,0.6666666666666666,2
HY79NXW3,"""Why Your Dog Can Get Vaccinated Against Lyme Disease And You Can’t."" (Hint: Anti-vaxx idiots.)
 <url>",1.0,1.0,2
UT3AD95H,We must be the voice for our babies and children. Importance of vaccination! #TIPDay15 #schoolnurses,1.0,1.0,2
Y1NI9FUS,"<user> <user> <user> When it comes to immunizations, which was your original argument, it does the same thing",0.0,0.6666666666666666,1
I480C8RM,"<user> According to them, I hurt my kids by getting them vaccinated.",1.0,1.0,2
3SZD73DG,“<user> Doctor House and the truth about vaccinations - <url> one of my favorite House moments.,1.0,1.0,2
HJXY8NR7,On my way back home SMh don't even wanna leave #manymencity shit been real #Meanboy #MMR,0.0,0.6666666666666666,1
FAQUVYVD,"""Almost 70 high school students who have not been immunized for measles are banned from classes today in Palm Desert.""
YES!",1.0,0.6666666666666666,2
64FTIZVN,<user> ayy akala ko measles mumps rubella vaccine. Hahahhaha,0.0,0.6666666666666666,1
DC1GOWJY,"Vaccinations 5¢, MMR Free #noesocute #sanfrancisco @ Noe So Cute Sign <url>",0.0,0.6666666666666666,1
1I2Q9IH0,<user> no mmr!!!!#infalible,0.0,1.0,1
ZMNX7JQP,"“<user> On average, people who complain live longer -- Releasing this tension increases immunity and boosts their health.”I always complain😏",0.0,1.0,1
KISHEM3S,<user> <user> <user> measles,0.0,1.0,1
X0CMBD56,Children's Museum of Houston to Offer Free Vaccinations <url>,0.0,1.0,1
BEGEMZGT,Damn the whole MOTHA fuckin team out tonight!!!! #Mmr #SkyboxLounge,0.0,1.0,1
GMIICNZE,"""<user> On average, people who complain live longer -- Releasing this tension increases immunity and boosts their health."" I'm Immortal",0.0,1.0,1
OGRM5LUK,They hate what they don't understand fear what they cant conquer....   #MBS #MMR #RRR @ MeanBoy Masion <url>,0.0,0.6666666666666666,1
FEVJIU63,"""Ebola"" broke out in Texas ... Again....meanwhile MEASLES  is spreading thru LA",0.0,0.6666666666666666,1
PQ12I2FU,“<user> People who complain live longer. Releasing tension increases immunity and improves overall health.” I must be immortal,0.0,1.0,1
SIDDBHMU,"The battle over vaccinations: 143 students removed
""Washington state school removes 143 students over vaccine law"" - <url>",0.0,0.6666666666666666,1
VM3B757U,And I 100% blame people not vaccinating their children as a reason why different illnesses are making a come back.,1.0,0.6666666666666666,2
87Z5VOFM,This lady on Facebook running her own vaccines cause autism campaign...it's taking everything in me to inform her how uneducated she is,1.0,1.0,2
GD2ZNTXW,#MS has a tremendous #homeschool population; are those #kids #vaccinated?#vaccinedebate,0.0,1.0,1
1YSTIVQH,"🙌 MT <user> The science is clear: The earth is round, the sky is blue, and #vaccineswork. Let's protect all our kids.",1.0,1.0,2
QBSW2FSE,“<user> #KingCoHealth reports new case of measles in an adult international traveler who was in King Co  <url>,0.0,1.0,1
JI37P4VS,"Larry Minard questions health board on kids' vaccination rates in county. Almost 100% vaccinated, Amy Thoreson of health dept responds",0.0,1.0,1
WONXFHSI,"""<user> Congressman Blasts CDC 4 Incestuous Relationship with Vaccine Makers #CDCwhistleblower <url> #VaxTruth",-1.0,1.0,0
SLMNU8U5,AIDS N : Study: Thousands of Vaccinated Teens Born With HIV Aren't Protected From Measles <url>,0.0,1.0,1
LATX46IV,Dipset was the hardest group ever made! Hands down!! Listening to diplomatic immunity!! Shit taking me back to my child hood😌,0.0,1.0,1
TRSTUBJQ,Baby NORTE survived his 1st vaccines! This boo boo stayin in the Fam 💙#abkc #oldeenglishbulldogge #likes #love #cute <url>,1.0,0.6666666666666666,2
M43Z5KF5,“<user>  <user> <user> <user> not in childhood vaccines. The claim is that MMR causes autism,0.0,1.0,1
ZAADVO93,The people at Vaccine For Children need to get their shit together.,0.0,1.0,1
9YSRNFA6,<user> do you have a science and/or medical degree? Stop spreading lies about vaccines.  Your (stupid choice) but plz keep private.,1.0,1.0,2
01P7VZMJ,“<user> American Pharmacists Month!  All Children and Elders should have immunization from Flu this Season! Anticipated widespread Danger!,1.0,0.6666666666666666,2
ATWLG9RY,<user> are all the illegal immigrants vaccinated against measles?  Or should we worry about that? #outbreak,0.0,1.0,1
Q395QKW5,Colorado kindergartners have lowest measles vaccination rate: Colorado kindergartners have the lowest vaccine rates… <url>,0.0,1.0,1
IKCDWFAI,"<user> tell his kids to get vaccinated, best tip ever",1.0,0.6666666666666666,2
JP8CRIOQ,"<user> <user> <user> <user> <url>  If vaccines don't cause autism , why this package insert?",-1.0,1.0,0
PVLS8Y24,<user> #KidLegislation National Vaccine for Cooties,0.0,1.0,1
FNY3X0VB,There's a measles outbreak in #nyc?? Do we need to get re-vaccinated? Serious question. Anyone know?,1.0,0.6666666666666666,2
AUTV820Z,<user> wouldn't it be nice to help cure autism &amp; and along with vaccines cure other diseases? #trump,1.0,0.6666666666666666,2
GW6O0IIK,Measles Outbreak: To Vaccinate Or Not Vaccinate <url>,0.0,0.6666666666666666,1
KZ5NTTDH,"#vaccinations are a state issue, but #measles know no #borders - help our #children!",1.0,0.6666666666666666,2
6J9D8Z0J,why would you not vaccinate your kids?,1.0,1.0,2
TKN0FIFQ,Syria Infant Tragedy: Vaccine Mix-Up With Atracurium Not Uncommon <url> via <user> ugh,-1.0,0.6666666666666666,0
HEOH14U0,Did anyone just go to a softball tournament in Kansas? Measles alert ---&gt;  <url> <user>,0.0,1.0,1
DJXR75H7,What's with all these hockey players getting mumps?! Aren't we supposed to get vaccines as a child to counteract getting those?! #MMRshots,1.0,0.6666666666666666,2
JTBA3PGK,New Biograph mMR technology allows full body/brain structure and metabolism info. <url>,0.0,1.0,1
5F7YROUI,<user> <user> In Garner.... none of that was the case... no felony.. officers can't claim fear for life.. no qual immunity IMO.,0.0,1.0,1
7NMGEAVQ,"<user> I bet they told you the same thing about measles, in 1980 they told me infectious diseases were over #IDChat",0.0,1.0,1
3TKTMGIH,Look fwd to hearing how combatant immunity (covers collateral damage) applies to civilian agency killing outside US. <url>,0.0,1.0,1
K0PI9KYB,Britain pledges over £800m for vaccines for children in poorer nations <url>,0.0,0.6666666666666666,1
PN81B5WM,"<user> maria there can be only onec stance. Protect our child, especially th he babies to young to vaccinate.  Vaccinate !",1.0,1.0,2
C71DGGJD,"""<user> She lost her son to a vaccine-preventable disease at 20 y/o. Now she's making sure all kids get a <user>",1.0,0.6666666666666666,2
TPUZ374I,"“<user> RT <user> Chill: Stress can impact immunity, digestion, illness &amp; injury. Take time off #runningtips” #recover",0.0,0.6666666666666666,1
G8DBJET8,CDC recommends 16 vaccines for kids. Their best defense against diseases that can kill children! #ncga #ncpol,1.0,1.0,2
4A9CKV5C,Just because you don't see vaccine preventable diseases doesn't mean they don't exist. Prevention works! Get your kids vaccinated!,1.0,1.0,2
Z39QWFQ6,"<user> “Stephanie Messenger lives in Brisbane, Queensland, Australia.”

Where the WHO says measles is eliminated: <url>",0.0,1.0,1
OU53LWU3,"Health benefits of Kombucha💚🍹

💩Aids in Digestion
🤒Increases Immunity 
💪🏾Helps with Cleansing &amp;… <url>",0.0,1.0,1
TR25LYXJ,"MMR vaccine FTW. (at <user> in SAN RAFAEL, CA) <url>",1.0,0.6666666666666666,2
61Q638IM,"""<user> On average, people who complain live longer -- Releasing this tension increases immunity and boosts their health.""",0.0,1.0,1
Y1SEP5P6,AM-News : Whitman-Walker urges gay men to get meningitis vaccines: Whitman-Walker Health on Friday urged gay and... <url>,1.0,1.0,2
C0LAMZFE,<user> ~How long do you think it will take before someone does something stupid because their kid died from another who had measles,1.0,0.6666666666666666,2
MT31CMXH,I'm now a vaccinated woman. Finally ready to wipeout and cut my knees without being scared for my life.,1.0,1.0,2
6HZ09BUE,An immunity-boosting lunch at my desk to save me from sick children when I get home! @ CROP Juice <url>,0.0,1.0,1
IXNAQH1T,"I don't wanna go to work today said little Peggy Ann McKay. I have the measles and the mumps, a rash a gosh and 13 bumps.",0.0,1.0,1
08ZEX3OR,"I will be soooooooo pissed if I got the measles from being at disneyland lately, since that outbreak.... seriously, so pissed.",0.0,1.0,1
O5SK0ZFB,“<user> Possible Ebola Vaccines Rely on Cells From Aborted Babies <url> #tcot <url> Not surprised,-1.0,0.3333333333333333,0
VZTVBXMK,<user> we are on the same page not all vaccines are bad. But adults I believe have less tolerance being a nurse. My kids were given vac,1.0,0.6666666666666666,2
0OZ9WEWM,Chemist in crime lab scandal worked at UMass vaccine lab: Annie Dookhan - then known as Annie Khan - worked for ... <url>,0.0,0.6666666666666666,1
OQ5A006X,Measles schmeasles. You can't stop us. @ Disneyland <url>,0.0,1.0,1
FJDNIFVO,If parents want to choose not to vaccinate there children should accept that the children must be withdrawn from modern society.,1.0,1.0,2
K2RW3LHJ,Health: Officials Reminding Residents About Dangers Of Not Vaccinating Kids <url>,1.0,1.0,2
F1K8NDHO,Measles outbreak in Indy on Super Bowl weekend! Were you there? Check out <url> [pic]: <url>,0.0,1.0,1
W5AFGV2R,Tillis: Government shouldn’t require restaurant hand-washing: Forget measles vaccines — Sen. Thom Tillis doesn’t… <url>,0.0,0.6666666666666666,1
4L9TROOW,My moms never did want us to get vaccinated. Only when we absolutely had to for college and shit “<user> <url>,-1.0,0.6666666666666666,0
MY9M70FN,"Flu Epidemic in US?: Philadelphia Health Director, Don Schwarz, says the flu vaccine is the first line of defense in... <url>",0.0,0.6666666666666666,1
QK8IMNIY,"<user> Amazing how somebody's ""firm"" belief that vaccinations are harmful, is changed when their kids get sick. Talk about ironic.",1.0,1.0,2
G2JY496X,Arrived at Ben Franklin HS to perform! Let's go! #DeansLT #PickupLines #OnTour #Jennifair #MMR… <url>,0.0,1.0,1
0MLHICO7,New salmonella-based 'clean vaccines' aid the fight against infectious disease <url>,0.0,0.6666666666666666,1
EK8LIQM4,"Super Immunity Soup in my glass! No spoon needed, this is instant health &amp; so delicious I decided just… <url>",0.0,1.0,1
I126N2DC,<user> a Franchise Professional Hit #MMR <url>,0.0,1.0,1
1TIDQ8T3,"<user> vaccines causes brain swelling, fever, seizures, and ultimately brain damage.  Encephalitis = Autism.  Read package inserts!",-1.0,1.0,0
R1NBXXBE,"""Measles at Simi High"" get your vaccinations, kids👍",0.0,0.6666666666666666,1
LYRX3D5Q,<user> ihy MEASLES 😂😂😂,0.0,1.0,1
K6BSCO09,MMR,0.0,0.6666666666666666,1
DI66JW40,<user> lmao..dm me yur number so I'll hve it wen we come up there..was cumn dis wknd but queen has the measles so ima wait..,0.0,1.0,1
XYZRU6K3,<user> I'm just glad the government didn't kidnap me to make vaccines from my blood 💁,0.0,1.0,1
QMO7MQPZ,<user> announces first case of #measles says #BART riders may have been exposed. Presser coming up at 11:15.,0.0,1.0,1
T06ALLF0,Just got my last college vaccination. I hope Puigitis is on that list. The guys a disease. #VoteFreddie,1.0,0.6666666666666666,2
QLNGZRUZ,“<user>  Lack of vaccination killing babies? OMG what a LIE.” <url>,-1.0,0.6666666666666666,0
5EF0D6D5,"I'm at MMR Station 22 (Mount Pleasant, MI) <url>",0.0,0.6666666666666666,1
KLTCDBVK,"RT <user> Passengers who traveled through #Dulles Airport June 7 might have been exposed to measles, officials warn <url>",0.0,1.0,1
EER45I4R,Feel bad for the kids in Disney land that had to wait in line for 40 minutes to get measles -_-,0.0,1.0,1
QHZYOW8H,Health officials warn of measles exposure at Sea-Tac Airport <url>,0.0,1.0,1
39SEB27N,Concerns Over Measles Outbreak <url>,0.0,0.6666666666666666,1
M24O8L7G,<user> ik we are all going to get sick bc u don't vaccinate your child,1.0,1.0,2
4STVF83A,Kicking off this session #studioflow #stillworkingonit #jennifair #somage #mmr #brooklyn #chicago… <url>,0.0,1.0,1
2XFFDIVQ,Hot measles <user> #RuinAToy,0.0,1.0,1
8VGYZLQV,Vaccinations for health! See the June dates for free medical services here - <url>,1.0,0.6666666666666666,2
ARC7E39K,<user> heyy please follow me and <user> She has beadles measles over you!!!!:),0.0,1.0,1
0UEXAYC5,<user> go to Herbert Lehman high school tomorrow to get vaccine.  Good Luck!,1.0,1.0,2
0KB351P8,<user> Seralini is like Andrew Wakefield. He's fudging data to support a pet theory from which he stands to gain financially.,0.0,0.6666666666666666,1
YZ0ZXKAJ,The measles outbreaks make me so upset. Too bad we can't deliver common sense by drone.,1.0,0.6666666666666666,2
Y2RQHLG3,"If the person that walked around #SBvillage knew they had measles, they should be quarantined & forced 2endure a teabagging from yours truly",0.0,1.0,1
CFBW5LDJ,<user> AUTISM been around longer than vaccines &amp; prevalent in Countries who don't have vaccines. <url> great site!,1.0,1.0,2
2NHVWZ80,"<user> wow #measles is already over in the east coast, fast, vaccines save lives!",1.0,1.0,2
8A14EIH4,Only reason why I wouldn't go to Disneyland is cause I don't wanna get measles and I wouldn't have anyone to go with 😒,0.0,1.0,1
2IGZJWZ6,5 New Cases Of Disneyland-Linked Measles Reported: Five more people who visited Disney theme parks in California… <url>,0.0,1.0,1
QEC5Y5JF,Ted Cruz: 'Of course' children should be vaccinated <url>,1.0,0.6666666666666666,2
QONTGO5F,Wow. It is mobbed in here. NPHS prom and MMR first communion. And I need to get home and get Jenny recital-ready. <url>,0.0,1.0,1
4NEGI03I,We just had a full on debate about the pros and cons of vaccinating children. I think I'm gonna like this class.,0.0,1.0,1
SJSH08RB,<user> <user>   Vaccinate your kids you idiots.,1.0,1.0,2
U8D5PVML,Tea-ching kiddos how to stay healthy this winter with this Immuni-Tea...Clove and cinnamon make… <url>,0.0,0.6666666666666666,1
HFDOZI5S,<user> OMG the day we got drunk af by 7 pm wow what a mmr,0.0,1.0,1
2XC5MO9N,This is amazeballs! <user> recruits actual doctors to tell you to get your kids fucking vaccinated via <user> <url>,1.0,0.6666666666666666,2
XISOC4AI,#FOD2 Release Party <user> 10/4 #MMR #TheCampaign rydethawave Mixtape Release as well Black&amp;Gold… <url>,0.0,1.0,1
LGC8ESN6,Gotta ask permission to hit him 😈 @ MMR Studios <url>,0.0,1.0,1
OZ0CKOJP,"<user> Personally, I think that if you're going to publicly educate your child then vaccines are necessary.",1.0,1.0,2
6HCHS4CK,<user> <user> understand that! Haven't had to try repeat of MMR or DT. Was told antihist would have to be used next time,0.0,1.0,1
WZZ20K41,My top three crazy anti-vax claims. 1-Vaccines didn't cure polio. 2-Measles isn't deadly. 3-Their decision only affects them. #CDCvax,1.0,1.0,2
LLC7MB86,So apparently there has been a measles breakout at Disneyland,0.0,1.0,1
FIENP5B3,"<user> When we know millions of our nation's children are already disabled, probably from vaccine ingredients,  why double down???",-1.0,0.6666666666666666,0
8DCRSEBV,Yordani no me habla pero brecha ese mmr smh -_- tu va ver,0.0,1.0,1
6D92OYVN,"Measles case confirmed in central Indiana: INDIANAPOLIS, Ind (July 25, 2014)–State health officials have... <url>",0.0,1.0,1
OVDXWH7W,Mini-Measles #AdorableIllnesses <user>,0.0,1.0,1
ZM0ST0GE,.<user> I was simply stating that parents these days don't vaccinate their kids and now these illegals are bringing diseases,1.0,1.0,2
AS3O57SZ,I love mmr I laugh every morning bc of them,0.0,1.0,1
AKOZ5Q1A,"When I was born MMR vaccine was still a dream. I had all the childhood diseases plus scarlet fever &amp; survived. Thank you, Jesus.",-1.0,0.3333333333333333,0
2JNH6J97,2 New Measles Cases Confirmed In Middlesex County: BOSTON (CBS) – Health officials have confirmed two more cases... <url>,0.0,1.0,1
RIY6HC6M,"So my recently departed houseguest is currently being tested for measles. Vaccinations don't wear off, do they?",0.0,1.0,1
HNFKQ3YE,<user> <user> Reports say 6 of those diseased WERE vaccinated! Out of 35 cases where vaccination status was known,0.0,1.0,1
AW20F6R5,"Going to go take 7 effing shots. Yellowfever, smallpox, measles, HEP B, Malaria, and two others... The things I do to go to exotic lands.",1.0,0.6666666666666666,2
IIFGERHN,"If I Got The Cold, Flu, H1N1, Black Death, Stomach Virus, Measles/Mumps, Chicken Pox Then You Got It To Because You My Gf We Share Errthang!",0.0,1.0,1
9ZUS4F1Q,"2 servings of measles, please “<user> You're cleared to descend to Pilots' Grill for a plane great burger! <url>",0.0,1.0,1
517OP4VW,Measles cases at 18-year high because parents are failing to get children vaccinated <url>,1.0,0.6666666666666666,2
CN2RER7Y,This is probably the most infectious of all the known viruses or illnesses “<user> The New Measles <url> #getvax”,1.0,0.6666666666666666,2
TU913J4C,"Vaccines don't cause autism, #2048 does.",1.0,1.0,2
3TPSHVP5,Autism and immunizations: Should you vaccinate? <url>,0.0,1.0,1
C50IB4JX,"Nature of ""truth"" in science: reason vs. emotion.  <user> #immunizeMN",1.0,0.6666666666666666,2
0APOAXQH,CMPD Officer Seeks 'Qualified Immunity' in Taser Death Suit: A federal judge heard a second day of arguments from... <url>,0.0,1.0,1
GY3HPBSU,FYI; a flu shot does not protect you from measles....oh the things people say.....,-1.0,0.3333333333333333,0
XWFP4JKM,Don't be scared: Let's see what's really in vaccines  <url>,1.0,1.0,2
0DSXLZTP,My ’70s Health-Nut Parents Didn’t Vaccinate Me. This Is What My Childhood Was Like. <url> #important,1.0,0.6666666666666666,2
KK1JSH71,"Two people diagnosed with Hepatitis A in Detroit, health officials urge vaccination. <url>",0.0,1.0,1
WFUHIPGQ,"<user> #VaccinesMatter especially around those w weak immune systems; the elderly, newborns, transplant patients. It's a no brainer.",1.0,0.6666666666666666,2
ZB6GNVIL,<user> dont get upset you did the research but thank you for vaccinating your kids so we dont have too happy new year byeeeeee,1.0,0.6666666666666666,2
QQUPZGTV,Day 2 ACIP/CDC meeting. New child adolescent immunization sched approved. HPV vaccination updates today.<user> <user> <user>,1.0,0.6666666666666666,2
XFFGQCDF,"P.S. Even though an adult may recover from measles, those infants who survive are likely to sustain lifelong debilitations like blindness.",1.0,0.6666666666666666,2
I2L3JHHJ,<user> there are also people that choose to believe vaccinations cause autism to this day... See what I'm saying?,1.0,1.0,2
FT71Y5Q5,USA: Where people freak out about Ebola but don't vaccinate their children.,1.0,0.6666666666666666,2
BM4LMC26,<user> He didn't have the measles,0.0,1.0,1
AAWFSK70,<user> <user> <user> <user> <user> <user> <user> <user> <user> <user> #ff,0.0,1.0,1
OUEHB8OA,NY state advises non-immune after train rider gets measles <url>,0.0,0.6666666666666666,1
XGXYTQZH,"“<user> On average, people who complain live longer -- Releasing this tension increases immunity and boosts their health.” <user>",0.0,1.0,1
7XGBSBG2,"“<user> The science is clear: The earth is round, the sky is blue, and #vaccineswork. Let's protect all our kids.""",1.0,1.0,2
SII78XJN,Reading about newborn screening and immunizations...,0.0,1.0,1
75DHZS8N,"((Cada Dia)) Measles is Not a Mild Disease: Measles Is Not A Mild Disease I had measles when I was eight years old. In those days, Ma...",0.0,0.6666666666666666,1
6RJB47ST,<user> use mix of incentives (<user> home counseling to reduce fears of #vaccination. How do we do that here? #learnfromindia,1.0,1.0,2
JH52PMR4,“<user> Two experimental #Ebola vaccines pass safety test in African trial. <url> 💃👏 way to go science,1.0,1.0,2
FH121IF7,"Now hiring: Infectious Disease Vaccines - Late Stage Discovery - FF & C Management - Baltimore, MD <url> #jobs",0.0,0.6666666666666666,1
V14KP4A7,"Did You Know?
Vaccinations are Not required to attend school. You are being Lied to. #NoShotsNoSchoolNotTrue",-1.0,0.6666666666666666,0
G0CP49T2,Measles now Mumps. This is ridiculous,0.0,1.0,1
FMCFSI8S,"Oh, great. It's the people I know who are currently reproducing who think vaccines cause autism.",1.0,1.0,2
B13YW0YK,"Best tweet!MT <user> Science is clear:Earth is round, sly blue &amp; #vaccineswork. Let's protect all our kids. #GrandmothersKnowBest",1.0,0.6666666666666666,2
91WTXZ3U,Loudoun Health District Director provides us an update on the ongoing measles investigation <user> has our story today,0.0,1.0,1
ZS798D5O,"#Shots #Immunization (@ Dallas County Health &amp; Human Services in Dallas, TX) <url>",1.0,1.0,2
PAF2QVG6,Amen!  RT <user> Good thing parents who don't vaccinate their kids carry liability insurance in case they make someone else sick”,1.0,1.0,2
CC6YM3VJ,5/ until then go get vaccinated and vaccinate your kids! It's about everybody's safety and we can't play with that.,1.0,0.6666666666666666,2
D3OXNUPI,Please vaccinate your kids. I want the community college guys I date to be healthy. Do it for me.,1.0,1.0,2
W922V1Y4,#extremeguidetoparenting Do whatever weird thing u want BUT vaccinate your baby. If ur so certain go visit a country with disease.,1.0,1.0,2
0KKP8UDR,"“On average, people who complain live longer -- Releasing this tension increases immunity and boosts their health.” #onlythegooddieyoung",0.0,1.0,1
G8WWOBWK,BART Measles Scare Raises More Vaccination Concerns And Questions About Who’s Most Susceptible: This week’s warning… <url>,0.0,0.6666666666666666,1
O9H66SLI,<user> because ignorant parents won't get their children vaccinated. I guess it's Obama's fault.,1.0,0.6666666666666666,2
BMPMX4DD,Measles Concern #Framingham Families <user> #Revere Votes Casino up or down <user> Cold Weather but no Snow <user> <user>,0.0,0.6666666666666666,1
9ZODJWXL,"""<user> I really don't get the #antivax nonsense. #VaccinateYourChildren - #StopWithTheStupid"" the child you save may be your own",1.0,1.0,2
RVBIOPK5,"You should really get your children vaccinated, it'd be awful if they were to catch these hands.",1.0,1.0,2
CLZCS6YL,#Syrian children in #Aleppo are demanding #Santa to drop some bread &amp; #Polio vaccine in addition to the #BarrelBombs #MerryChristmas,0.0,0.6666666666666666,1
32NCPMWO,.<user> vaccinated kids against 4 of the most common diseases in Rumbek #Southsudan <user> works for all of us. <url>,1.0,1.0,2
1JDU0JO5,I could have said I will be living and breathing measles until my dissertation is done but that would be awkward. Pub health faux pas.,0.0,1.0,1
GSEJ88WL,<user> complaining if you were against MMR  #vaccines  you're  a 'kook'.  Yes u are.  And you claim to love science. #north ##liberal,1.0,0.6666666666666666,2
PA0JYLDV,My baby is getting 4 vaccines tomorrow 😣💔,1.0,0.6666666666666666,2
TCJKZVQO,Sick kitten is sick from vaccinations/deworming. Poor kitten baby. Shivers when he's unwrapped from the blanket. #furbaby #sick,0.0,1.0,1
FWHLG0OR,MMR 2 hr delay for Tues. CARES opening at 9am. No 3yr old classes today. Check your districts for bus transportation .,0.0,1.0,1
7ORHB9OY,Tougher vaccination rules greet parents as back-to-school time nears: Under strict new rules from the state of… <url>,1.0,0.6666666666666666,2
7EAO4TB0,<user> I didnt want to risk getting a disease I'm not yet vaccinated for.,1.0,0.6666666666666666,2
H5MDE5UH,“<user> I'm going to Disneyland” don't get measles,0.0,0.6666666666666666,1
CVXQN1P3,Spontaneous vaccinations! 💉💉💉 #flu #vaccine #health #ouch #medicine  @ Walgreens <url>,1.0,1.0,2
0NANCKFA,I chose to vaccinate my daughter so your opinion isn't needed. She's MY child. I carried her for nine months. Not you.,1.0,1.0,2
9M8AP4ZA,"If your article about vaccine policy features a screaming kid getting an injection, you are supporting anti vax (intentionally or not)",1.0,0.6666666666666666,2
FO6GV3CI,"""<user> On average, people who complain live longer -- Releasing this tension increases immunity and boosts their health."" I will live",0.0,1.0,1
UTKEOJ5U,"Like the measles, love is most dangerous when it comes late in life.",0.0,1.0,1
NH32H68N,"So on this Rosa de Guadalupe, the parents don't want their kids to get the HIV vaccination lol",-1.0,0.3333333333333333,0
0JGB7LZN,<user> weight training boost immunity especially diseases from across the boarder #weightloss #fitness #Respect <url>,0.0,1.0,1
8ZJYRW4T,RT <user> #Dallas CDC Recommending Boys Be Vaccinated Against HPV <url>,1.0,1.0,2
GWTA0D2J,Benefits of music - stress relief - boost immunity - reduce heart disease - enhances emotional strength - boost self esteem.,0.0,1.0,1
OE9K3W6X,<user> #wake up America #measles epid another attempt by the liberal media creating a story that is not there. Unvaccinated Alien,-1.0,0.6666666666666666,0
XR5G81BD,"<user> <user> when I was in school there was measles and whooping cough spreading in MY school, but I never got it",1.0,0.6666666666666666,2
A2VAW29R,Today is National plague prevention day! Celebrate by vaccinating your idiot hippy cousin's kid!! 💉👶,1.0,1.0,2
OPEK9AMZ,Paul Offit’s Measles Crusade: Illustration by GluekitIf you look at a bar graph of measles outbreaks in the United… <url>,0.0,0.6666666666666666,1
8YKKT1EG,Stoli-ween in full effect <user> #mmr #dc #dj #like #live #dmv #instadc #halloween #horror… <url>,0.0,1.0,1
L4PLPYRG,"<url> 
CDC admits 98 million Americans received Polio vaccine in an 8 year span when ir was contaminated with Cancer virus.",-1.0,1.0,0
XLJOYIO6,14 babies who were too young to get vaccinated now have measles b/c a bunch of selfish dumb fucks didn't have their kids vaccinated!,1.0,1.0,2
OXGSFVPQ,<user> <user> <user> <user> school immunization requirements different issue.  <url> #sb277,0.0,1.0,1
MUG4K0GY,Fine. Don't vaccinate your child. Homeschool them or do online school. Then we're cool.,1.0,1.0,2
NCNUT9O0,State confirms first case of measles this year: Massachusetts health officials confirm the state's first case of… <url>,0.0,1.0,1
H745DH91,Vaccination paperwork delivered. No more shots needed :-) (@ Shippensburg Area Middle School) <url>,1.0,0.6666666666666666,2
3DZLTZL1,My MMR has fallen to the depths of hell. I swear I'm not duoing with anyone for the rest of season 5.,0.0,1.0,1
1QABI7IR,Waiting for a vaccination so I can go back to school. This blows!! Number 20 and they're on 8! #fml,1.0,1.0,2
AR62MGLR,On <user> Bill Gates saying that vaccines have absolutely no link to autism. Dear world: Mr Gates is smarter than you. Listen to him.,1.0,1.0,2
JIXS1DE8,#Obama tells lies with impunity &amp; immunity but not with #BrownsvilleTexas Federal #JudgeAndrewHanen who isn't buying #WH #Amnesty lies. YES!,0.0,1.0,1
NUXVFBVB,What is this DannyThomas show? So current. Annette Funicello can't go to the school dance bc she has measles. Why is it in B&amp;W?,0.0,1.0,1
LC0ZQBPA,AIDS :  1 in 10 children carry immunity to AIDS - study <url>,0.0,0.6666666666666666,1
8FWME38F,"During my market research group of weirdos, It dawned on my that I probably just subjected myself to ebola or measles for 75 bucks #fml",0.0,0.6666666666666666,1
0F7A71K7,<user> not in my kid. #vaccinate,1.0,0.6666666666666666,2
TPYJMLIN,"“<user> On average, people who complain live longer -- Releasing this tension increases immunity and boosts their health.” #Gucci",0.0,1.0,1
BGGNIDGU,Vaccinate your kids <url>,1.0,0.6666666666666666,2
3DQ0XA8P,Ebola. The flu kills ten times ebola.  Or measles. Let's focus on gratitude. We are all blessed,0.0,0.6666666666666666,1
5M4KP51N,Angry Parents Show Up At Middle School Parents Questioning Why Their Kids Were Sent Home Ahead Of Vaccination Law:… <url>,0.0,1.0,1
9BLPQ4R6,"Pace of new US measles cases slows a bit, officials report: The number of U.S. measles cases this year has risen to… <url>",0.0,1.0,1
KYF6WIEJ,<user> warning about pet vaccinations RT <user> Thousands support sick dog who saved baby girl <url>,-1.0,1.0,0
0WKSH5HI,"Gardasil Vaccine Victims and Deaths - Did You Kno…: <url>
What's more important to you?",-1.0,0.6666666666666666,0
S4M8G0IQ,#Vaccines are safe. Period. <url>,1.0,1.0,2
HH0U3P3R,S07729 [NEW] Relates to establishing a protocol with specific criteria regarding religious exemptions to immuniz... <url>,0.0,1.0,1
KY3GP8ZL,"0.79 intussusceptions per 100,000 vaccinated children vs. prevention of 40,000 Rotavirus USA hospitalizations. Vaccines are wonderful. 😃",1.0,1.0,2
8QIOTM3S,"""Latest review of immunizations shows that they aren’t linked to higher risk of autism or cancer <url> Oh you don't say?",1.0,1.0,2
O96OFM8S,"<user> I ain't tryna come down with no measles, but they can keep them flu shots and pneumonia shots tho...I'll catch it myself",0.0,0.6666666666666666,1
4VJM2UGH,When ur friends are at Disneyland but you can't go cause MEASLES,1.0,0.6666666666666666,2
9NB8P5WA,<user> <user> I am just as passionate. Got vaccine for Pertussis when granddaughter was born. My kids were in HiB study at Kaiser.,1.0,1.0,2
JAVB3NEQ,"RT <user> Lies about vaccinations kill people. If you treat anti-vaccination people as credible, you are helping kill people.",1.0,1.0,2
5ES54ZFG,"Sounds very encouraging: Tetravalent dengue vaccine safe, effective in Latin American children <url>",1.0,1.0,2
Q46PLTNI,1/30 The #WavyBash Gonna Get #RealWavy #Hot97 #MMR #GFBOE #TeamHardestOut All In One Club 🌊 @ ONE… <url>,0.0,1.0,1
5IF3TGGA,"World facing polio health emergency, risk even worse due to lack of vaccination.  <url>",1.0,1.0,2
834535E1,Arguments for or against vaccinations in infants? Wish I could find more solid info.,0.0,1.0,1
4NIB06CX,<user> The National Vaccine Injury Compensation Program (VICP). If 100% safe why this????????,-1.0,0.6666666666666666,0
ES99U2JL,CDC blames science-denying anti-vaxxers for 20-year high in measles cases <url> via <user>,1.0,0.6666666666666666,2
LFDUELMW,"If you think anthropogenic climate change isn't happening, the earth is &lt;10,000 yrs old, or that vaccines cause autism, you are anti-science",1.0,0.6666666666666666,2
2WUE4437,((Silvito El Libre)) Combo vaccine causes Autism: My son Elijah who was taken from me out of state by my wife has been diagnosed with...,-1.0,1.0,0
634EGXG2,<user> mercury... Its in the vaccines,-1.0,0.6666666666666666,0
1Q5Y605G,"Also, I discovered that all of the 300+ children at his school are fully vaccinated. Benefits of being on a medical campus! :)",1.0,1.0,2
ZI83YIS9,"“<user> On average, people who complain live longer- Relasing this tension increases immunity and boosts their health..” 

😏😏😏",0.0,1.0,1
YJ6G592T,<user> <user> I have enough to deal with with parents not vaccinating their kids. Now I've got race cars. He would go nuts!,1.0,0.6666666666666666,2
NW4HYQMN,Truth re: vaccines &amp; autism Hint: Science knows. (via <user> <url>,-1.0,0.6666666666666666,0
H173NC56,those infants will probably be very healthy for being breasted. <user> <user> Passive immunity is a good thing for baby.,-1.0,0.6666666666666666,0
85HYN8YR,"病院実習行くのにMMRと水疱瘡の抗体を調べたら$550の請求が来た。
((((；ﾟДﾟ)))))))自分で保険会社に請求しろと言われた。取り敢えず自己負担だね。",0.0,1.0,1
W1O6I9OU,What's the problem with vaccinating children against diseases? Seems to work for small pox. #ReaganDebate,1.0,1.0,2
OR5UEQCX,"""<user> #Measles Vaccination Campaigns Boost Coverage, Save Lives <url> <url>",1.0,1.0,2
CNMWGACJ,RE: measles &amp; disneyland resort <url>,0.0,1.0,1
BE7MD3AQ,"It's your ""choice"" not to vaccinate your kids. But know that choice means you're risking your child's life. #stupidstupidstupid",1.0,1.0,2
CJSUMZVG,Hey stupid Liberals...hear about measles & diseases in Somalia cause their kids aren't vaccinated? Vaccines prevent disease not cause autism,1.0,1.0,2
IRK6O9OE,#vaccineswork Vaccinate your goddamned children <url>,1.0,1.0,2
3CC7WYOV,“<user> See you all next week for #MadMen #s3e9 #mmr” <user> 👍,0.0,1.0,1
Q6NXFOYI,"One of the flu fatalities was a person who had been immunized, health officials said.",-1.0,0.3333333333333333,0
8UM1H6ND,Immunizations for Africaaaaaaa! #needles (@ Department of Public Health) <url>,1.0,1.0,2
UP20P359,There is a vaccine for almost everything… Is there one for Barack Obama?  If you tell me it's Obamacare; that's a poison.,0.0,1.0,1
ULTQFNX3,All shot up: Tdap and flu vaccines. Woo hoo! (@ Meadowbrook center for health) <url>,1.0,1.0,2
3I78QGQH,"<user> thousands die from guns,thousands press their MDs for MMR or titers,all due 2irresponsible idiots who put others lives at risk",1.0,0.6666666666666666,2
T7LZPY4K,Courts Rule Vaccines Cause Autism and Brain Damage <url>,-1.0,1.0,0
E6TAY5JQ,"#Repost <user> with repostapp.
・・・
MMR FAMILY IS BACK!!!! THIS… <url>",0.0,1.0,1
CLW6GGYZ,<user> Wakefield who published the original claims of a connection between MMR & autism had his study retracted and was banned from practice,1.0,0.6666666666666666,2
0OHD7LCP,Hey it's your right to choose if you want your kids vaccinated - but you have no rights over your own body if you're a woman. 💖AMERICA,0.0,1.0,1
ARYFI56R,<user> <user> you realize vaccines have worked to eradicate disease for over 50 years....if not how do you explain smallpox,1.0,1.0,2
44ISVVWW,".<user> 1 in 5 children are w/o lifesaving vaccines, pls change this &amp; put #immunizationfirst on the <user> Summit agenda",1.0,1.0,2
QM7HWZYZ,"Most won't say it, but I do not have to be politically correct: "" vaccinate your kids before they get the poliovirus,"" you idiots!",1.0,1.0,2
UQKZHWKD,“<user> Losing son to measles tips mother into a cause <url> We have maids for everything!,0.0,0.6666666666666666,1
OERK7M4N,U.S. measles death rate was far lower prior to vaccination. Last decade no death: 80+ deaths from measles vaccine. #CDCwhistleblower,-1.0,0.3333333333333333,0
C01MYDJV,"<user> And the parents need to get their MMR booster shot too. They claim vaccines cause autism and other disorders. Not proven,is it?",1.0,0.6666666666666666,2
CX678W54,U.S. on track for most measles cases in a decade - USATODAY.com <url>,0.0,1.0,1
4DDXUBJU,"Or, not enough ""<user> Kristin Cavallari: ""I've read too many books"" to vaccinate my child <url>",-1.0,0.6666666666666666,0
V9GUJM7L,<user> <user> With the vaccine conspiracy stuff in the 90s stuff that was much more fun before serious antiscience folk got...,1.0,1.0,2
BV5BI743,"CDC: 102 measles cases in January, most stemming from Disney outbreak: Health officials say 102 people in 14 states… <url>",0.0,1.0,1
714GYEP2,“<user>  Lack of vaccination killing babies? OMG what a LIE.” <url>,1.0,0.6666666666666666,2
VYE233AL,Seattle Times: CDC seeks input on meningitis vaccine for infants. Officials from the Centers for Disease Control and... <url>,0.0,0.6666666666666666,1
KIF3QINY,"""<user> CDC: Highest number of U.S. measles cases in first five months of a year since 1994. <url> WONDER WHY hmm",0.0,1.0,1
F5Q2TKQP,"""<user> 17 Reasons Why No One Should Ever Vaccinate Their Kids
<url>",-1.0,1.0,0
ON5S11AK,Why isn't the news talking about how measles were wiped out AND THEN CAME BACK cuz dumbass ppl don't vaccinate their kids,1.0,0.6666666666666666,2
EQDOUXQW,"Laugh a little to lower your risk. Laughing is a natural antidote to stress, an immunity booster, and a known cancer recovery therapy.",0.0,1.0,1
Y6F63SPV,((Silvito El Libre)) Measles is Not a Mild Disease: Measles Is Not A Mild Disease I had measles when I was eight years old. In those ...,0.0,0.6666666666666666,1
0LNN33KA,"Two things: Vaccines were made for a reason &amp; death row inmates are there for a reason, if they suffer in their last moments, so what!",1.0,0.6666666666666666,2
VDURWBG3,#WCW <user> <user> vaccinate your fricken kids people!  Great message. Everyone watch!,1.0,1.0,2
JK4DKRJZ,"<user> no, herd immunity just refers to the phenomenon where if 85% of a population is inoculated, incidence of disease declines sharply",1.0,0.6666666666666666,2
C4BO4UAW,This blows up my Newfie Immunity theory...ah well RT <user> Michael Ryder has the mumps.,0.0,1.0,1
B3KHPNPC,Agenus begins Phase 2 trials of brain tumor vaccine: Stock in Agenus Inc. (Nasdaq:AGEN) rose more than 4 percent... <url>,-1.0,0.3333333333333333,0
9KILEYE0,"'what if the measles are in the churro cart?'

-<user>",0.0,0.6666666666666666,1
SFZVQSBE,RT <user> Protect #yourself and your #baby this #flu season. Stay #healthy. Get vaccinated. <url>,1.0,1.0,2
DFCXI1UN,"""<user> Measles outbreak traced back to a single unvaccinated child. #stopavn #avn <url>",0.0,0.6666666666666666,1
TQ2CILOB,<user> <user> I have three healthy vaccinated children. We're also saving lives of those who can't. #vaccinations work.,1.0,1.0,2
HQFYHTVA,It is your civil right to have preposterously unsupported beliefs but please don't put others at risk. Vaccinate your children 🙏,1.0,1.0,2
TV8P8KT5,"<url> Just like every hospital, every team, school &amp; business should vaccinate ALL against FLU.",1.0,1.0,2
5FZ4WQQ2,Measles at RPI 😳😷,0.0,0.6666666666666666,1
99OGZ0M8,"Packed house for #ShotsForShots! Thanks Kent, Ohio for supporting #immunizations for children in need worldwide! 🌍💙🎶 <url>",1.0,1.0,2
PADPS0DZ,“<user> Jenny McCarthy Gets Crucified on Twitter Over Anti-Vaccination Beliefs <url> -get your kids vaccinated.,1.0,0.6666666666666666,2
A80YZFPL,#TheInternetTaughtMeToday that vaccines and the color blue are the devil and will screw up your kids. Also liking a status = a relationship,-1.0,0.6666666666666666,0
ZVUZJBOY,"RT <user> people who complain live longer. Releasing this tension increases immunity, boosts health"" // I'll live forever says Deb",0.0,1.0,1
3M7XEYWB,Large measles outbreak traced to Disneyland is declared over: California health authorities on Friday declared an… <url>,0.0,1.0,1
W6AJ5W3R,"Should you get a flu shot once or twice a year? Fuck no. Should you get a polio or a MMR vaccine once for immunity, absolutely.",1.0,1.0,2
E4ZKUZYD,"""You went to Disneyland? Did you get your measles vaccination?!""",1.0,0.6666666666666666,2
MV74H0WA,Have all  players been vaccinated against measles? Is proof of immunity policy? Opportunity to encourage those previously misled #SuperBowl,0.0,0.6666666666666666,1
T3YBOS2A,"Vaccinated my kids yesterday!  RT <user> About 90% of flu-related pediatric deaths occur in #those who didn’t get a vaccine. #fluvaxstats""",1.0,1.0,2
TWZQVEPP,The Atlantic: Wealthy L.A. Schools' Vaccination Rates Are as Low as South Sudan's. <url>  People with more $ than sense.,0.0,0.6666666666666666,1
4UA3P8X4,"<user> if you win a lot your mmr will even out, u suck tho",0.0,1.0,1
JHOFS5BY,"For God's sake, vaccinate your kids!! Protect those who cannot protect themselves (infants, immuno-compromised, elderly). Be smart! #provax",1.0,1.0,2
DU9YWAET,"Today I learned the nbr 1,2&amp;3 causes of death and illness in many South American countries. #traveldoctorvisit #immunized",1.0,0.6666666666666666,2
O2DH4LSF,Bills banning most vaccine exemptions fail in Northwest: Legislative efforts to put more pressure on parents to get… <url>,0.0,1.0,1
5DPHK0CX,<user> duh! Do you want Measles?!,1.0,0.6666666666666666,2
79THWVIO,<user> umm not sure my parents wernt into the whole giving baby's and kids vaccine shots,0.0,0.6666666666666666,1
44DGTCM2,"10 Watermelon 🍉 Health Benefits:
1. Boosts Immunity
2. Improves Heart Health
3. Relieves Muscle… <url>",0.0,1.0,1
UO655GKW,"<user> <user> <user> #Mom genes don't cause ASD, toxic ingredients in #vaccines cause #ASD <url>",0.0,0.6666666666666666,1
HO41ONBW,I survived. No measles for me 😷💉 <url>,0.0,0.6666666666666666,1
FNOH0S4M,The saddest story Roald Dahl ever wrote — about his daughter’s death from measles — is worth reading today <url>,0.0,1.0,1
Q9FD25IP,TBT madhatterdc #mmr #marriedwithchildren #al #peg #bud #kelly #buck #Jefferson #marcy #Nomam #top40… <url>,0.0,1.0,1
8P9F6SDP,<user> This is not a joke! HPV Vacs. Flu Vacs. MMR Vacs.  You need to grow. Too much pruning can delay the plasticity process.,1.0,1.0,2
NI2XZ0R6,Infectious-Disease Expert Debunks Common Vaccine Myths <url>,1.0,1.0,2
UR160RL8,"VacTruth.org Launches School School Vaccination Opt-Out Campaign ""No Shots, No School, NOT TRUE!"" <url>",-1.0,0.6666666666666666,0
4V9BVF4Y,Vaccinate you kids! #poornoah #svugoesviral,1.0,0.6666666666666666,2
590XNEZQ,California Is Now Safer Thanks to Mandatory Vaccination Law <url>,1.0,1.0,2
JNI7688D,"This is preventable. The good news is, measles cases are usually not deadly. But imagine Polio... That's scary. <url>",1.0,1.0,2
LHEDMDQF,Brilliant—<user> covers US measles outbreak using the loaded language we use to cover foreign countries <user> <url>,0.0,1.0,1
Y5S5W7TP,Frequent complainers on average tend to live longer Complaining actually boosts the health and immunity by releasing stress and tension.,0.0,0.6666666666666666,1
V3NK93SW,((ELB)) Combo vaccine causes Autism: My son Elijah who was taken from me out of state by my wife has been diagnosed with Autism likel...,-1.0,1.0,0
HIXUTWPP,My BF from high school wont MMR vax her kids and I love to rank on her so i bought her a lovely shirt for her bday <url>,1.0,0.6666666666666666,2
7R66AA1M,Use this map to know where NOT to go for vacation. Via <user> More states let parents refuse to vaccinate kids <url>,1.0,1.0,2
6E4KZTPT,<user> But the Mercury was removed from the vaccines.,1.0,0.6666666666666666,2
WEFBQKRX,Live! One night only see Small Yellow Chickens get vaccinated with Sabin's and MMR. #STEP1 #medicine #onlythebestfacts,0.0,1.0,1
T1ZWVXJW,<user> You might want to check your children's immunization records to check what shots they've had.,1.0,0.6666666666666666,2
Y7YTEZO1,"Daycare owners say all workers and kids who come there must be vaccinated for whooping cough, scary new outbreak statistics",0.0,0.6666666666666666,1
VQVN45OC,Lindborg: Sudanese govt agreed to 1 wk ceasefire for access to give polio vaccines to kids. Use opening to test their commitment #Sudans,0.0,0.6666666666666666,1
GHHQTC0W,"Vitamin A supplementation in developing world lowers mortality from measles, Diane Griffin #Measles2015 <user>",0.0,0.6666666666666666,1
FYQDLJLM,<user> Nancy Snyderman discuss measles immunization she wouldn't/couldn't  stay quarantined for emboli?Who believes anything she says?,1.0,0.6666666666666666,2
DGI6K00X,SB5 [NEW] Schools; providing immunity from liability for education employees for use of reasonable force. Effecti... <url>,0.0,1.0,1
T72QZIG4,<user> <user> do I get an MMR show this summer???,0.0,0.6666666666666666,1
MXA3PBHF,"<url> ""Open Letter"" Jay Z &amp; <user> #AWKIW VOL1 COMING SOON!! #MURDAGANG #215 #526 #MMR #PSP",0.0,1.0,1
N84HZ3U7,6 cases were in infants who depend on those around them to be vaccinated: Disneyland Measles Outbreak <url> via <user>,1.0,0.6666666666666666,2
4XTZJQ8N,"You know what's better than getting an email that someone at the U has measles? 
Getting this: <url>",0.0,1.0,1
PNGIMCDV,"<user> Quarantine Time! Can't bring a PBJ sandwich 2 school, but by all means bring in a case of Measles. #BackwardThinking",1.0,1.0,2
CAA43CSE,CDC Responds: Admits Omitting Vaccine Data: <url>,-1.0,1.0,0
PCKK4QLO,"Physicians back day-care vaccination: Amid outbreaks of preventable illnesses in central Ohio, health officials... <url>",1.0,1.0,2
EQZVU0JM,“<user> #CDC reports decline in #HPV vaccinations <url> Not good. #preventHPV+cancers,1.0,1.0,2
ZOFJNFS0,"<user> I have a good for you doc. As a kid I had measles.chicken pox, mumps and stayed home like we all did. Law still made me take shots.",1.0,0.6666666666666666,2
KWA3D68M,<user> There's measles out there steady lurkin,0.0,0.6666666666666666,1
K23GSU7N,"People don't vaccinate for measles, mumps and rubella but smoke (anything). Just let that sink in...",1.0,0.6666666666666666,2
BR2XP6S4,"Jeehz, I wish the Ebola fear mongers would get this upset over the parents that don't vaccinate their kids. Much much bigger threat.",1.0,0.6666666666666666,2
Y9YA5ZG1,Good I'm feeling nostalgic about the Measles. Retro fun! Ugh. <url>,0.0,0.6666666666666666,1
GCSBLBRW,My quest for 4K MMR begins.,0.0,1.0,1
P5Q00G5J,2 cases of measles confirmed in Indian River County <url> Total now 3,0.0,1.0,1
7Q6I3IOI,"<url>
Dad's heartfelt plea after ailing 2 year old is exposed to measles.",1.0,1.0,2
OUE3FO6M,I don't get why people don't get their kids fucking vaccinated,1.0,1.0,2
OYSNOUB3,Study: parents' views on vaccines are shifting: Over the same time period that multiple outbreaks of measles and… <url>,1.0,0.6666666666666666,2
HN89XLKI,California Measles Outbreak Grows <url>,0.0,1.0,1
V4WTNFOA,“<user> My brain is dumb sometimes.” I get inflicted with the dumb quite often. You'd think I'd have built up immunity by now.,0.0,1.0,1
YU92CZPN,Measles outbreak might have spread to non-Amish and into Delaware County: A Delaware County individual likely has... <url>,0.0,0.6666666666666666,1
JBV3A3KF,"Dear parents, you are being lied to. <url> via <user> #humanism #autism #vaccineswork",1.0,0.6666666666666666,2
F2XXHXKZ,I'm the first person in Hattiesburg to have the measles since 2012.. I've always liked breaking records. 💁,0.0,1.0,1
Q3S4PE1A,Today i learned constantly using hand sanitizer is actually bad for you. Your body loses immunity to disease therefore making you vulnerable,0.0,1.0,1
I901YEBQ,Going to my pertussis vaccination even though I am deathly afraid of shots to keep my soon to be nephew safe 🙈💉👼 #worthit,1.0,1.0,2
K3F80FTZ,<user> hopefully! A case was diagnosed at my office today + I'm waiting in DR's office now for an MMR shot—I have a newborn @ home,1.0,1.0,2
S0WCIIY7,Meningitis outbreak: CA students may get vaccine Princeton got: (CNN) — A potentially deadly disease that can... <url>,0.0,0.6666666666666666,1
F4GVDWWR,6th case of measles confirmed in Clark Co.: The Southern Nevada Health District on Friday confirmed a sixth case of… <url>,0.0,1.0,1
9F5Q3ARF,Is it possible for babies to get sick after the flu vaccine?,0.0,1.0,1
G50KDYYR,"“<user> I'm hoping that someone who injects botulism into her forehead tells us how harmful vaccinations are.

#Oscars2015”",1.0,0.6666666666666666,2
6BWDELA5,WO2013158818A2 Vaccines And Methods To Treat Lyme Disease In Dogs #A61K #A61K39 <url>,1.0,0.6666666666666666,2
SB2HQKVH,"“<user> About 1,500 child-care centers in California have measles vaccination rates of 92% or less: <url> -- Wow.",1.0,0.6666666666666666,2
BAONYLBR,"<user> anti-vaccine people want to control people with fear and weaken herd immunity...so if anyone knows about mind control, it's them",1.0,1.0,2
7173F30Z,At the video shoot with <user> ...Off that Makeup to Breakup...#MMR LETS GO,0.0,0.6666666666666666,1
GR0OPTU9,"Student filmmakers find themselves drawn into the vaccine/autism fray: Student filmmakers, fro... <url> #Carlsbad #News",0.0,1.0,1
C6GAUHNU,<user> <user> what all the Pakistani deaths weren't enough? FBI gets immunity in Pakistan as well?,0.0,1.0,1
QVGU8HD7,More confirmed cases of measles in Cook County bringing total to 8 - <url>,0.0,1.0,1
ERN7ZDOL,<user> <user> but isn't friend-sourced info how people end up not vaccinating their children?,1.0,1.0,2
J3I2MM1E,Does chicken pox even happen anymore? I know I got that shit but I feel like every kid is vaccinated,0.0,0.6666666666666666,1
779XWY13,"“<user> average, people who complain live longer -Releasing this tension increases immunity and boosts their health<user> 😂",0.0,1.0,1
AFEQ1YMI,Why Measles May Just Be Getting Started <url>,0.0,1.0,1
BUUO3TTG,.<user> and <user> partner to champion access to life-saving vaccines for children around the world <url>,0.0,0.6666666666666666,1
WDQ5FR46,#mmr<user> <url>,0.0,1.0,1
EJYM6CRA,<user> measles tho 👀👀👀 tf they come from,0.0,1.0,1
EV8DSBPH,<url> <user> watch the video! Breakthrough vaccine to prevent Childhood cancer. Pretty damn cool :),1.0,1.0,2
YGZKKIXK,There is a measles outbreak is California.,0.0,1.0,1
V80S6YDH,"<user> I applaud and hope her children, innocent victims of her anti-vaccine ignorance, don't suffer heavily from the sickness.",1.0,1.0,2
4E7INFMQ,Guy w measles visits maternity ward and Disney Store. <url> <url>,0.0,1.0,1
B1ED226R,"“<user> On average, people who complain live longer. Releasing tension increases immunity &amp; boosts health.”<user> Me &amp; you.",0.0,1.0,1
W26K3JPI,"Just saw ""vaccines contain harmful toxins"" on my TL ......",1.0,0.6666666666666666,2
7V82B5F6,“<user> People who complain live longer. Releasing tension increases immunity and improves overall health..” I complain 4 my health,0.0,1.0,1
LIOZ2L5F,Tell Pres. Obama: Help save 6 million kids' lives by supporting vaccines. Sign the petition: <url>,1.0,1.0,2
3MSZF562,<user> have you considered spreading measles to ISIS yet? Your welcome,0.0,0.6666666666666666,1
HWRM9B94,"""<user> On average, people who complain live longer. Releasing this tension increases immunity and boosts their health.""<user>",0.0,1.0,1
AI2K44N6,Flu season off to earliest start in 10 years: Health officials urge residents to get the flu vaccine now as the flu... <url>,1.0,0.6666666666666666,2
FLPXUS3M,<user> lol...I forgot your pockets got the mumps mines have the measles,0.0,1.0,1
4M3JYKNP,"<user> I'm 58 so I'm of the age when measles, mumps &amp; chicken pox were all experienced firsthand between 5 - 9. I still recall 1/2",0.0,0.6666666666666666,1
PX9SU16F,Rubella measles officially eliminated from the Americas: Health officials say the first region of the world to rid… <url>,0.0,0.6666666666666666,1
NSZQY1OA,"<user> <user> I thought that was legislated on the state level(??) At least, ""on what grounds can parents refuse child's vaccines"" is",1.0,1.0,2
XYV23DK8,"Juss gott news that my stanky butt gott measles , bless his heart",0.0,1.0,1
ZK1L3CSZ,<url> (At least #50 #African children paralyzed after receiving #BillGates-backed #meningitis #vaccine #WTF #conspiracy,-1.0,1.0,0
F221P0IP,Omg I hate this part- they took Vixen back for her vaccines and if I hear her cry I very well may cry myself. She is so scared :(,1.0,0.6666666666666666,2
7GUSEXJQ,Kimmel gets it... Vaccinate your kids you freaking hipsters... A Message for the Anti-Vaccine Movement: <url>,1.0,0.6666666666666666,2
2TRCI5Z4,Scott Brown Rents Out Email List To Anti-Vaccine Conspiracy Theorist - <url>,-1.0,0.3333333333333333,0
O0881QQH,"“<user> On average, people who complain live longer -- Releasing this tension increases immunity and boosts their health.” <user>",0.0,0.6666666666666666,1
GSCVSPAA,"I don't care what <user> says, you should probably get your kids vaccinated.",1.0,1.0,2
5ZSPNNG6,"Exercise inoculates the brain when it comes to stress, similar to vaccines. Exercise and battle the stressors of life.",-1.0,0.3333333333333333,0
S8UYAV4W,"<user> Close to it isn't it Sandy? Sad, very sad. I don't believe in forced vaccinations period! My kids couldn't do Pertussis.",-1.0,1.0,0
WF7AVP9T,So I think it's safe to say I'm having a really great reaction to my yellow fever vaccination <url>,0.0,1.0,1
AZSP1UFJ,"900 dollars worth of medicine/vaccines/shots for Africa. 
My arms as dead as my bank",1.0,1.0,2
HROALT92,"Bc vaccines do not at all. Autism is very complex related to lots of genetic factors , has nothing to do with vaccines",1.0,1.0,2
5SKJDH44,"Good. Exempt from vaccines, exempt from school. Period.  ""California Moves to Ban All Vaccination Exemptions"" <url>",1.0,0.6666666666666666,2
38PSLZ6Z,Jenny McCarthy thinks a gluten free diet can cure autism that was onset by vaccinations. I think a slap to the face can cure her stupidity,-1.0,0.6666666666666666,0
I8QPF85L,"<user> it is difficult to find treatment for viral diseases . Vaccination maybe, but that is a tremendous amount of work.",1.0,1.0,2
HZ6TS8MY,AIDS N : Early HIV vaccine results lead to major trial: researchers: Promising results from an early safety trial… <url>,1.0,0.6666666666666666,2
OW53QO3W,"Thanks Obama for the mismatched Vaccine, way to keep an eye on the CDC.....",0.0,0.6666666666666666,1
5F1BDFF0,RT<user> Study: Whooping cough vaccination fades in 3 years - Yahoo! News <url> via <user>,1.0,0.6666666666666666,2
WKPT641N,"“<user> Contrary to popular belief, not every child born since the 2000s has Autism. So. The anti-vaccination movement can stop.” 🙌",1.0,1.0,2
13UVI7N4,How likely is it that you'll get measles? Depends on the vaccination rates of your community: <url> <url>,0.0,0.6666666666666666,1
RECRAC6P,<user> yeah I've never gotten that or any immunizations besides when i was little for school,0.0,0.6666666666666666,1
B1NP7VQW,"""<user> Vaccines aren't the only thing that causes autism. They are just better at it than anything else."" Ain't that #VaxTruth",-1.0,1.0,0
7OPC24BG,"Here we go again RT <user> In light of measles breakout in SoCal, state health official recommends getting vaccinated <url>",1.0,0.6666666666666666,2
I85GJ26O,Mandatory cootie vaccines  #KidLegislation,1.0,1.0,2
T864GY50,<user> the #flu kills thousands a year. #MMR is making a comeback because parents refuse to #vaccinate,1.0,1.0,2
C1G89XXL,These illegal aliens flooding our borders will be in our schools by September. Our kids go through a series of vaccinations. Will they?,0.0,0.6666666666666666,1
JGJ8FPDD,<user> here's all you need to know:Vaccines are harmless. Children are DYING of whooping cough because of antivaxer hysteria.,1.0,1.0,2
FVK089XZ,AntiVaccine people should be prosecuted if their child gets a disease that a vaccine would have prevented.  Only medical exemption permitted,1.0,1.0,2
JLH7JHF7,CDC Vaccine Price List Update <url>,0.0,1.0,1
AGLKF3YG,The less people the easier it is to control it's all part of agenda 21 there killing us off with vaccines fluoride in the water gmo's ..etc,-1.0,1.0,0
PY11SPP7,"<user> <user> Good to know we don't have Ebola to worry about. Only TB, scabies, lice, measles, scabies, chicken pox and strep throat.",0.0,1.0,1
2MRGMMNU,Many of the health problems that people have today are due to vaccines and medicine. There is no quick fix to health. #shortsightedstupidity,-1.0,1.0,0
W5PBMQQE,"MEASLES NEWS FLASH, con't. So Obama is to blame for measles, which had been eradicated from the USA at least 10 years ago!",0.0,0.6666666666666666,1
GL2X64LN,California Disneyland measles outbreak: officials…: <url>,0.0,1.0,1
LASIRKI9,“<user> Anti-vaccine mothers speak out amid backlash and #measlesoutbreak <url> vaccinate your children please,1.0,0.6666666666666666,2
0YBNDMW9,What's good with insecure guys these days...is it me or is it a spreading disease that needs a cure ..or better yet a vaccine lmao,0.0,1.0,1
RXNB55UW,Shout out to my parents for vaccinating me so I don't have to worry about getting the measles ✌️,1.0,1.0,2
PKQ52RL2,CDC: HPV Vaccine Reduced Disease Rates in Teen Girls by 56 Percent: (credit: Robyn Beck/AFP/Getty Images)Boston... <url>,1.0,0.6666666666666666,2
HQ6LK5KP,"Not to be a downer, but that kid should be home. Just had chemo and has little to no immunity.",0.0,1.0,1
MCTCZOLG,I have a very worn out puppy on my hands. He's going to be even more worn out after his vaccination. Poor baby! 😥,-1.0,0.3333333333333333,0
SPUB8TWT,VACCINATION NATIONAL CHAMPIONS RT <user> Which states are the best (and worst) at vaccinating their kids <url>,0.0,0.6666666666666666,1
XPXO32ZB,"like you can google what measles are, why are you asking the nurse?! 😂😂",0.0,1.0,1
WJRJEZJI,"German measles officially eliminated in North, South America: Health officials say the first region of the world to… <url>",1.0,1.0,2
KI6MEOWE,U.S. #Measles Caseload Hits a 15-Year High - Time <url>,0.0,1.0,1
008FHPOT,AM-News : Morning Break: Aggressive HIV; Measles Not Mickey's Fault: Researchers in Belgium say they have… <url>,0.0,0.6666666666666666,1
BTUYY9TT,"""<user> Flu vaccine + little boy mohawk. What's not to love at #Flu Vaccine Days? 
CDC making fun of his NA heritage?",1.0,0.6666666666666666,2
DN0X5QMR,Just got some vaccines. Stay tuned for my gradual progress across the autistic spectrum,-1.0,0.3333333333333333,0
07RW6IUA,<user> <user>  I'm pissed. measles outbreak -lets blame the American parents 4 not vaccinating.Root cause. Mexican illegal children?,-1.0,0.3333333333333333,0
FSTFF9SY,Get your flu vaccine! It's never too late.It can't give you the flu.Prevents death(what a good idea)! #vaccine #influenza #prevention,1.0,1.0,2
O9OYIGHR,To the Parent of the Unvaccinated Child Who Exposed My Family to Measles | Mother Jones <url>,1.0,1.0,2
BXQVU52M,"Immunity Smoothie! Kefir, fresh turmeric, pineapple, maca powder, ground flaxseed, and baby carrots.… <url>",0.0,0.6666666666666666,1
SUULJQFN,Measles outbreak in connection with Disneyland...I knew I didn't like that place,0.0,1.0,1
75OWTOON,S/O to <user> for showing love and sharing the videos! #MMR,0.0,1.0,1
PRW2ITRQ,Measles were eradicated in the USA in 2000. Thanks to Anti-Vaccine advocates it is back. Took these idiots 14 years. Thanks Jenny McCarthy.,1.0,1.0,2
O9TTQI1N,“<user> New twitter poll: why won't Erin say hi to her boyfriend?” He has measles,0.0,1.0,1
4UM8G5OE,"I don't get parents that don't vaccinate their kids, what side effect could be worse than a disease that would almost certainly kill them?",1.0,1.0,2
M95ADHAQ,Measles. A disease of the poor and a disease of the affluent. #Measles,0.0,1.0,1
25NG74YO,#CGI2014 <user> proud to make PPP commitment to reduce IMR/ MMR n serve 100k mothers n 100k kids in 5 years with Tatas/ Hans fndatn,1.0,0.6666666666666666,2
O8L0GVFU,Vaccine Critics Turn Defensive Over Measles  <url> And all because of a study proven false.,1.0,0.6666666666666666,2
WV2NFW8Q,“<user> White House: Science indicates parents should vaccinate kids: <url> Shhh...don't tell Jenny Mac or the Cutlers.,1.0,1.0,2
AEUQS00S,why is it even a question in 2015 if you should vaccinate your kids?!?!,1.0,1.0,2
5QXZAR1S,Round 2 of immunizations. What a great way to start my day. (@ Vivo Health Work Well) <url>,1.0,1.0,2
PYSVA1GL,"AM-News : San Francisco To Gay Men: Get A Meningitis Vaccine Before Visiting NYC: On November 29, NYC health... <url>",1.0,0.6666666666666666,2
FMM7WM67,"Health Officials Urge New Vaccination for Gay Men: Chicago health officials on Wednesday urged gay men,… <url>",0.0,1.0,1
VEEV6WF6,Calif. lawmakers seek to end 'personal belief' vaccine exemptions via <user>,0.0,1.0,1
ELMXX4KS,#measles outbreak: #vaccination number is 1 preventative measure Proper #hand washing can help stop spread get vaccinated GetHealthyHands,1.0,1.0,2
Y9NQEAZW,Baltimore City Health Department Investigating Measles Case <url>,0.0,0.6666666666666666,1
H72634GV,Working the Pacific Health Summit today and tomorrow. This years discussion: vaccines. Making them more available to impoverished countries.,1.0,1.0,2
6PN67O1H,"The poorest, most vulnerable children who need #immunization the… <url>",1.0,0.6666666666666666,2
1KPI1VW1,"<user> Hey GC, go ahead and give out Glad titles/mounts. They're all earning them this week anyway. Reset MMR next time, thanks.",0.0,1.0,1
Y6NDWG23,Suspected measles case in Wisconsin is likely negative: Health officials in Portage County believe the second… <url>,0.0,1.0,1
A1C07XK5,Milwaukee mayor urges community to step up and get vaccinated at free clinics: Doctors and public health officials… <url>,1.0,0.6666666666666666,2
3BWLQK25,Rabid cat's capture leads to vaccination reminder: Baltimore County Department of Health officials said they've... <url>,1.0,0.6666666666666666,2
2Z8J4QJ8,More science showing vaccines are extremely safe. Can we please stop arguing this anti-vax nonsense now? <url>,1.0,1.0,2
NL5K4N7Q,"""All he does is win immunity challenges"" STFU you sound like Regina George ""all he cares about is school &amp; his mom &amp; his friends"" #survivor",0.0,1.0,1
S2SMB41C,Poor baby got six vaccinations today. He's feeling much better now :),1.0,0.6666666666666666,2
EOLT45G3,Portage County Health officials: Second suspected case of measles “unlikely” to be confirmed: Portage County Health… <url>,0.0,1.0,1
OYYEJLXW,"No flu shots, but other immunizations at HEB schools event this week: The folks at Hurst-Euless-Bedford schools say... <url>",0.0,1.0,1
4R2WLOLE,"it wasn't already there...? RT <user> Sick Quebec tourist may have spread measles in OOB, Saco last weekend, health officials say.",0.0,0.6666666666666666,1
H29JOFSF,this anti-vaccination thing is ridiculous considering it's scientifically proven vaccinations have no correlation to autism,1.0,1.0,2
ZR9A08QH,"right when some new vaccines came out, so the cases of kids with autism rose as vaccinations rose, no actual correlation, but ppl r dum lol",1.0,0.6666666666666666,2
PV8WGLH0,AIDS N : Scientists Developed Efficient HIV Vaccine In Monkey Experiment: HIV remains one of the greatest health… <url>,1.0,0.6666666666666666,2
EEVULD9Q,It's like you're a crazy person. RT <user> Even ISIS supports getting kids vaccinated <url> <url>,1.0,1.0,2
YCRGEYUX,<user> its scary how their refusal of vaccinating can harm or even kill innocent victims ie. Infants,1.0,1.0,2
56MCRS4R,"Recovering a vaccine damaged child possible, but unnecessary. parents Do the Work. The CDC, the media are not trustworthy #CDCwhistleblower",-1.0,1.0,0
B7IC2ATM,Dreamt there was a measles epidemic and <user> passed it on to me 😒,0.0,1.0,1
LRCLHY3P,St. Sen. Richard Pan <user> wants to repeal the state's personal belief exemption when it comes to vaccinations. <url>,-1.0,0.3333333333333333,0
P83ILYG5,AIDS N : FIT Biotech Oy: FIT Biotech's HIV vaccine demonstrated to be safe and well tolerated in two clinical ... <url>,0.0,0.6666666666666666,1
X1CXX7OZ,Weasel measles #AdorableIllnesses <user>,0.0,1.0,1
1DSPJQAP,"Dad, what are the measlies?
me: you mean measles?
Oh. Those too",0.0,1.0,1
BLIIPRMV,"""you are not allowed to register for a semester of classes because you have not completed the immunization health form""",0.0,0.6666666666666666,1
WPVWSDM7,"<user> <user> <user> <user> many follow like sheep. Measles sad, yes.  But thousands suffering #statins AEs. All quiet",0.0,0.6666666666666666,1
9318ZK7E,"<user> thanks for following. Do have differing opinions. Retired RN, know benefits to vaccines. Agree RISKS need more intense study!",1.0,1.0,2
CN74HCG5,"<url>
Ohio Measles outbreak adds to 18 year high.",0.0,1.0,1
K3WJUC2E,"New Choices For Seasonal Flu Vaccines: WebMD Health NewsBy Brenda Goodman, MAReviewed by Michael W. Smith,... <url>",0.0,1.0,1
LZJBKTJI,“<user> Health Alert: MS Vaccine Prevention: <url> Interesting and possibly promising,0.0,1.0,1
VYMT6L6G,"“<user> With rise in measles, doctors urged to learn to spot symptoms <url> в стране есть о чем написать",0.0,0.6666666666666666,1
LC7UHTGN,<user> <user> this is the truth and not being covered by the media at all!  Spreading diseases because not immunized as kids. No CDC?,0.0,0.6666666666666666,1
QDA4YTJT,Anti-vaccination movement contributing to 18-year high measles outbreak?: WASHINGTON — Sixty-eight and... <url>,1.0,0.6666666666666666,2
BSRHWPQK,"Not wishing this to be true, but how ironic would it be if Jenny Mcarthy's kid's neurological problem was from immunizations? #toosoon",1.0,0.6666666666666666,2
8OCYLR4F,"No, not getting your kids vaccinated is a great idea & yes, big pharma is just trying to hook them like a pusher in a 60s PSA #aprilfool",1.0,1.0,2
S9INRET4,"The so called IRS ""scandal"" is such a charade..granting immunity to Lerner would allow her to speak and they sure as hell don't want that! 👎",0.0,0.6666666666666666,1
BTHG5PQ7,<user> <user> I totally disagree. All 7 of my kids were not vaccinated and they never got sick with anything.,-1.0,1.0,0
VFEHHLWD,Kids immunized by Feb. 20 or face exclusion from school/daycare <url>,0.0,0.6666666666666666,1
5ZM22PK4,Largest outbreak of measles in the US since 2000. How to talk to the anti-vaccination movement.   <url> <user>,1.0,1.0,2
AP8D8KXB,<user> maybe its our natural desire to immunize those we love. Like giving your kids chicken pocks.,-1.0,0.3333333333333333,0
3QIFIJAD,Robert Kennedy Jr. Compares Vaccine Debate To Holocaust As California Lawmakers Look At Banning Exemptions: As… <url>,0.0,0.6666666666666666,1
DJ4BHALE,“<user> People who complain live longer. Releasing tension increases immunity and improves overall health.” Well never die 😂😂😂😂,0.0,1.0,1
E17F129E,<user> <user> VACCINATE Disease MUCH WORSE THAN SHOT. AskAny1 That's Been Around Long Enuf 2 Know What Life Like B4 Vaccines,1.0,0.6666666666666666,2
41QFEV7F,Thank You Maryland for doing a horrible job with a measles inch of snow. I've been sitting in traffic for… <url>,0.0,1.0,1
K691UKJ1,"<user> <user>   blame it on fluoride,aspartame &amp; vaccinations with mercury in them. full scale chemical attack our ""government"" does",-1.0,1.0,0
TZZ69V62,<user> folks my age who had the mumps prior to vaccination introduction probably are not at as great of risk. Advantage age! 2/2.,0.0,1.0,1
20KX6K2D,LA Co. Health officials say 15 patients diagnosed with measles had contact with 700 people while infectious. <url>,0.0,1.0,1
73VWG855,"Now that #TomBrady has won the #SuperBowI, I hope when he goes to #disneyworld he catches the #measles",0.0,1.0,1
FFC0CLBR,I really can't believe people still believe vaccines cause autism,1.0,1.0,2
CA47IEWQ,RT <user> Attn America: giving a vaccine that prevents cancer and HPV is in no way bad. Kids (cont) <url>,1.0,0.6666666666666666,2
LH5Z2AEP,"If Progressive Liberalism is the disease, Barack Obama may be the vaccination. He has certainly stimulated the liberty loving immune system",0.0,0.6666666666666666,1
YOZ75TT5,"If you choose to be a fucking idiot a and not vaccinate your kids, you deserve to get measles not your kids. #MeaslesOutbreak #measles",1.0,1.0,2
RNYXF46H,Stay tuned Spring 2015 #MMR <url>,0.0,1.0,1
XUNPYZCR,I hope I don't have the measles....😔,0.0,1.0,1
KUQKSSSR,<user> are statements/discussions made prior to the debunking of vaccine-autism link all that relevant?,1.0,0.6666666666666666,2
LRJF3MI1,"With all the parents fearing measles &amp; unvaccinated population, I feel this should be a #HealthIT call-to-action. Thoughts? #PublicHealth",1.0,1.0,2
U9BW4OPE,Congressman Blasts #CDC for Incestuous Relationship with #Vaccine Makers <url> via <user>,0.0,1.0,1
ZKD5UOBV,Every #child should be #vaccinated #closetheimmunizationgap #health #vaccination <url>,1.0,1.0,2
MH7CG1EK,"“<user> <user> <user>  not vaccinated my kids"" not your fault vaccines do not cause autism <url>",1.0,1.0,2
MUA68AZR,The flu has killed 13 people. For a total in the valley for 22 people. I got myself and son vaccinated  yesterday just to be safe.,1.0,1.0,2
Y4S0VX2W,"Srsly""<user> The number of measles cases reported to the CDC during the first 5 months of 2014 is the highest reported since 1994""",0.0,1.0,1
W45NYX91,In the #VaccineWar can anti-#vaccine (by definition pro-disease) advocates be prosecuted for aiding the enemy? #Iamtheherd,1.0,0.6666666666666666,2
VU3PAEL4,I warn my people never get a flu vaccine it fucks you up it paralyze a few people look it up,-1.0,0.6666666666666666,0
34KKL8ZV,"“<user> Kristin Cavallari: ""I've read too many books"" to vaccinate my child <url> Dr Skank from the OC",-1.0,1.0,0
EJ8SKS99,Take a moment to read this article on the occurrence of Measles in the US in 2013 from <user> <url> <user> #fb,0.0,1.0,1
RE4YLV4S,AM-News : Many Americans believe widely discredited health conspiracy theories: Is there a link between vaccines... <url>,-1.0,0.3333333333333333,0
JGBDXWQ9,"Talan:
Because of fear of vaccination, we had a measles outbreak…
#ACEP15 <url>",1.0,1.0,2
WUDDEO72,Truth. #vaccineswork <url>,1.0,0.6666666666666666,2
31KMBFHN,Vaccinate your kids! “<user> CDC: Highest number of U.S. measles cases in first five months of a year since 1994. <url>,1.0,1.0,2
Y3E1OFUC,<user> ... Rand Paul: Vaccinated Children Got 'Profound Mental Disorders' - <url>,-1.0,0.6666666666666666,0
2CL09QXQ,<user> fuuuuck no. I'm so over chair siding. I'm doing blood draws and immunizations on straight outta high school kids all week.,1.0,0.6666666666666666,2
OU7NH44L,"<user>  #vaccines   if you choose not to vaccinate, you should have to home school your kids. Period! #vaccineswork",1.0,1.0,2
C7OJCRG0,"My professor is telling us about how bad it was wen kids used to get measles more oftn, blows my mind tht parents r still anti-vaccination",1.0,1.0,2
M9NCLUJ0,"<user> aw thanks man, soon we'll have to get inoculations! MMR!",0.0,0.6666666666666666,1
U8Y06MYF,#Vaccinations works!!:number 1 in #disease prevention. #handwashing is number 2:stops #germ spread. GetHealthyHands musical handwash timer,1.0,0.6666666666666666,2
L97KQV6D,<user> <user> For sure we need to have better Health care for those who need it help heal the children and vaccines to fight illnes,1.0,1.0,2
GET040NM,"More than a dozen people in New York City test positive for the measles virus, health officials say - <user> <url>",0.0,1.0,1
9CBXI716,"Update: Boxer, Feinstein Call For End To California’s Vaccine Exemptions <url>",0.0,0.6666666666666666,1
TZ6DN7EL,If you dont vaccinate your kids keep them at home. Do not risk Other people's babies.Saying you dont think you put anyone at risk is CRAZY!,1.0,1.0,2
FALE638R,Absolutely could not disagree more. WTH?! kkuhlmann72: Middle class kids have an immunity to mediocre teaching. #dylanwiliam #bs #ksde,0.0,0.6666666666666666,1
G901E5A0,"<user> Godamn , for mmr ?",0.0,1.0,1
SDB4N4R3,It IS your right to not vaccinate your children ..... But it is not your right to send them to school that way.,1.0,1.0,2
WBG76XQ6,"<user>
I thought of vaccinating my children as something I did for them &amp; all the other children. Now we need law to overcome stupid..",1.0,1.0,2
WJ3PL17P,Check up and vaccination time. (@ Children's Healthcare Medical Associates) [pic]: <url>,1.0,1.0,2
X9C8M495,"AM-News : New HIV vaccine candidate raises infection risk: AGAIN, there appears to be no light at the end of the... <url>",-1.0,0.6666666666666666,0
G3PZW8HA,"Florida Mom Kidnaps Daughter to Avoid Vaccines, Learning Black History <url>
Best comment: <url>",0.0,0.6666666666666666,1
FZD03AQG,"Parents who choose not to immunize their kids are dumb as hell in my opinion, risking your own kid and others, deserve to be slapped",1.0,1.0,2
DBFVYMVF,Worst tweet “<user> How do vaccines protect babies? Discover the answers on #vaccinesNOVA on 9/10 <user> on PBS <url>,1.0,0.6666666666666666,2
UXDV6W1J,"Little bitch disease is going around, make sure you get vaccinated!",1.0,0.6666666666666666,2
JINJSG1D,"Health Economist, Vaccine Access and Delivery, Seattle, Washington, United States <user> #jobs <url>",0.0,1.0,1
SI3W8TXL,"Costa Rica warns about bringing back US measles: In a strange twist, Costa Rica is warning parents about the… <url>",0.0,0.6666666666666666,1
9C0867MO,Roald Dahl Wrote This Painful Plea For Vaccinations After His Own Daughter Died Of Measles <url>,1.0,1.0,2
P7YTAMAT,August is National Immunization Awareness month.  Find out which vaccines you and your children should have to stay ... <url>,1.0,1.0,2
YAHVYSIJ,"""<user> People who complain live longer. Releasing tension increases immunity and improves overall health."" Im never gonna die then",0.0,1.0,1
X8U1ENZG,"“<user> What's causing the measles outbreak? <url> assholes not vaccinating their kids, that's what.",1.0,1.0,2
ZQMGFYWR,"Please note: this US measles outbreak hospitalized, if you didn't catch that HOSPITALIZED 8 people <url> #vaccineswork",0.0,0.6666666666666666,1
6CXSFESI,Watching your babies get their first vaccinations has to be the worst thing ever! I felt horrible and they looked so helpless #momproblems,1.0,1.0,2
QT9BBFT1,Vaccinations. Whoo-Ooo!! (@ Passport Health) <url>,1.0,1.0,2
MSWL60XG,"<user> Can we please use Ebola to educate people that #vaccineswork #flu kills thousands. MMR, Polio can be vaccinated against!",1.0,1.0,2
5R3DXHKO,"Correlation vs. Causation. Vaccinate your kids, people. <url>",1.0,0.6666666666666666,2
7H0XTVEI,Full House Tonight madhatterdc #mmr #unclejoey #unclejesse #michelle #dj #dannytanner #kimmygibbler… <url>,0.0,1.0,1
VRRK0QBK,"RE: New measles cases in #VeroBeach. Thx, K! <url>",0.0,0.6666666666666666,1
Q38K4WOG,Chris Christie Thinks Parents Should Have Choice In Vaccinating Their Kids <url>,-1.0,0.3333333333333333,0
FNLZZQJU,Vaccinations Made My Cat Autistic <url> via <user>,-1.0,0.6666666666666666,0
8KSI9GVB,Wealthy Hollywood parents are skipping vaccinations and now their kids have whooping cough - <url> via <user>,1.0,1.0,2
GRK0X6QD,<user> <user> And I'll bet you believe that vaccinated babies doesn't have anything to do with their gut &amp; autism?!? Mercy. Toodles,0.0,0.6666666666666666,1
CLQ86F9M,Anti-Vax Children's Book Pretends Having Measles Is Just -- Marvelous!: <url>,1.0,0.6666666666666666,2
S5H8TGVR,The Mexican at work keeps calling my name and hugging me LMAOOOOOOOOOO IM DEAD anyone have a hep c vaccination shot,0.0,0.6666666666666666,1
HG062PJR,Are measles the new Ebola? Is she the new talk?,0.0,1.0,1
VYTFJ0QK,"“<user> AIDS vaccine created at Oregon Health &amp; Science University may clear virus from body - <url> "" 😳🙌",1.0,0.6666666666666666,2
H0597FFU,"Last of the vaccinations for school. Getting shot up with TB and Hep B. (@ Physicians East, PA) <url>",1.0,1.0,2
E16RE3LZ,Does a vaccine exist for the disease of being busy? Great article from <user> : <url>,0.0,1.0,1
8N23WC39,"""<user> from a people nearly wiped out by disease, I say, ""Fuck you, you superstitious, selfish anti-vaccination assholes.""""",1.0,0.6666666666666666,2
69IHAA6H,"Don't let those vaccinations go out of date. Why? Read on: <url> 
#health #MoreThanAPharmacy",1.0,0.6666666666666666,2
CMG700N8,One half hour? Isa that it? #pdx #mmr,0.0,1.0,1
TYXXXG50,Fairfield Co. Health Department Running Low on Flu Vaccine: LANCASTER -- A busier-than-average flu season has the... <url>,0.0,0.6666666666666666,1
GRLF2YMB,"""<user> Nationalism is an infantile disease, the measles of humanity--Einstein"" this is very true.",0.0,1.0,1
58I102GY,"<user> <user> yea, because measles is so awesome.  Cancer, too.",0.0,0.6666666666666666,1
8761F0ZB,"SOURCES: Argentina Pres. Cristina Fernandez de Kirchner vaccinated as a child, lead her to plot the murder of prosecutor Alberto Nisman.",0.0,1.0,1
DKNF5BRE,O I'm gonna be dreaming of gas exchange and Kidney function and immunity and neurons tonight... #burntout,0.0,1.0,1
4DLL35UM,. <user> There are vaccines and then there are vaccines. It is a legitimate debate.  Would you give your child the new Ebola vaccine?,1.0,0.6666666666666666,2
IKXL3M99,.<user> talks about the 1991 Philadelphia Measles Epidemic at #AAcon15 @ The Peabody Memphis <url>,0.0,1.0,1
NGX9IS7G,"It's 2015. We've put men on the moon and rovers on Mars, yet there's still some folks who won't vaccinate their children.",1.0,0.6666666666666666,2
VFIQ0QBW,do some research and you'll find that the doctor who said that vaccines and autism were linked did it so he could sue the vaccine companies,1.0,0.6666666666666666,2
6M03JWPQ,"<user> <user> .why, what's the matter with alittle cholera or measles to keep things exciting? Obvious snarkastic tone infused!",0.0,0.6666666666666666,1
69FSGX65,The fuck you doing not vaccinating your kids smh. I hope child services takes ur kid away because you obvi too stupid to raise them.,1.0,1.0,2
IIT1RSJN,"<user> <user> <user> <user> Here's my new ring tone.😄

Vaccinate Your Kids - Mitch Benn: <url>",1.0,1.0,2
THDDVBOF,"Vaccines galore! Yesterday Pru got the polio, MMR, DTaP and varicella vaccines and now she's joining the Big Bang Theory cast. #Autism",1.0,0.6666666666666666,2
HBFDX99F,Docs in #KC #ClayCounty report first case of #measles in 20 years.,0.0,1.0,1
760UDFEQ,"“<user> On average, people who complain live longer. Releasing this tension increases immunity and boosts their health.” FOREVER YOUNG",0.0,1.0,1
64NLJYBJ,Free Back-to-School Immunizations <url> <url>,1.0,1.0,2
W8QGDZUS,"""<user> All California schools have been advised to close for Friday the 6, 2015 due to a measles outbreak <url> 🙌""",0.0,1.0,1
YBR0KM44,My poor baby is getting his vaccines today :( @ Home Sweet Home :) <url>,1.0,1.0,2
U6QQ2VXL,Mogul Caribbean Resturant almost completed. #Brooklyn #MMR he sporting old style Street Mogul shirt <url>,0.0,1.0,1
ZNLW6TUV,<user> <user> <user> <user> the keyboard is sweet. I have the non ultimate version and it raised my MMR by like 300.,0.0,1.0,1
QCRMX4O6,I hate every person against vaccinating their children based on inconclusive research &amp; now causing outbreaks of once eradicated diseases.,1.0,1.0,2
15KUWQTC,"Measles outbreak in Ohio infects 68: KNOX COUNTY, Ohio — Sixty-eight and counting.An outbreak of measles in Ohio... <url>",0.0,1.0,1
MIFBCOXC,RT <user> The flu #vaccine protects mom and baby &amp; is safe to get in any trimester! <url>,1.0,1.0,2
NG41YFG4,"<user> <user> then keep your babies in your house and stay away from us. You risk giving us polio, measles and whooping cough.",0.0,1.0,1
ZAFMO1TM,Jim Carey and Jenny McCarthy cause 1st confirmed measles death in US in 12 years.  Thanks. <url>,1.0,0.6666666666666666,2
F5GRUYEB,Vaccines will make your child become a manimal.,-1.0,0.6666666666666666,0
Y61HXY1B,"<user> My daughter just had 1st baby:-) girl 6pounds2ozs, 19 in. tall. C-Sect. Gave hepatitis B Vaccine 1st day. That soon in UK also?",1.0,1.0,2
HF7M8TE8,"<user> 1 in 1,000 children w/ measles will develop swelling of brain that can lead to mental retardation of which 1 in 2 will die (CDC)",0.0,0.6666666666666666,1
NLNBQ85U,Increasing number of parents skip vaccinations for their children-Columbia Missourian #Columbia <url>,0.0,1.0,1
SWBNQCM7,"<user> <user> So THAT'S UR mantra?""Vaccines R safe &amp; effective"" ""Anyone who disagrees is antiScience""
Repeat.",1.0,1.0,2
4N839LR7,First measles case reported in Georgia <url> #thisscaresme,0.0,1.0,1
A3UN0PAF,Hey <user> I'm celebrating 2015 by getting my children vaccinated!,1.0,1.0,2
05OJ321Z,“<user> Pakistan jails 471 parents who refused to give polio vaccine to children <url> very interesting! #vaccinate,1.0,1.0,2
JXT9P4UP,"Benefits of music ya'll: 
- Stress relief 
- boost immunity 
- reduce heart disease 
- enhances emotional strength 
- boost self esteem!",0.0,1.0,1
V1GA7Y63,Possible measles exposure at Sea-Tac Airport; what you need to know: This thin-section transmission electron... <url>,0.0,1.0,1
XDYCO6L1,Culpa del mmr d <user> por tame enchinchando el pico (@ Mi Tierra) <url>,0.0,1.0,1
D53VHUFL,"Parec que fui a japon no mmr, sentimos que vinimos en coche <url>",0.0,1.0,1
FO6FFORM,"Measles, Myself And I #MedicalASong",0.0,1.0,1
KZ0J6AXP,via <user> Australia To Stop Payments To Families Who Refuse Child Vaccinations. Good on ya! No fear 4 diseases  <url>,1.0,0.6666666666666666,2
8SX94HPN,"Drive-thru Vaccinations, are you kidding me?",-1.0,0.3333333333333333,0
9PZPHA6H,I ain't afraid of no measles! #Vaccinated #Disneyland #DisneySide @ Disneyland <url>,1.0,1.0,2
ZK397WFV,"<user> I'll rather get a little vaccination, than ignore the poor innocent children.",1.0,1.0,2
J8Q3O2FO,"<user> <user> <user> sure, that's fair. But look at the vaccination schedule of Japan. Look at their infant mortality rate vs the US.",-1.0,0.3333333333333333,0
QQK9NQ8A,“<user> Measles are back in New York City thanks to anti-vax absurdity <url> Turning back the clock in medicine.,0.0,0.6666666666666666,1
N7ZTNWQQ,"If money was a disease, then I'd have a terminal illness. You'd probably have the vaccine.",0.0,1.0,1
C34T9V7R,<user> I don't claim 2 know all the answers. I chose 2 not vaccinate my 3 children. I am 4 choice.,0.0,0.6666666666666666,1
7IUZ53EH,"<user> you owe the world a new explanation friend! Stripped by the UK findings of vaccinations = autism triggers, what do u say now?",-1.0,0.6666666666666666,0
XSXFN1C8,<user> vaccines causing autism,-1.0,1.0,0
3CTA81OZ,<user> #GOP STOP blaming #Immigrants first #Ebola now #measles Which diseases?brought their ancestors? #AINF <url>,0.0,0.6666666666666666,1
YV402XI5,“<user> Travelers at Sea-Tac possibly exposed to measles <url> <user> ..... Uh-oh!,0.0,1.0,1
BV51SBYH,<user> #GOP STOP blaming #Immigrants first #Ebola now #measles Which diseases?brought their ancestors?#AINF <url>,0.0,1.0,1
SIRAX31W,California lawmakers aim to limit vaccine exemptions <url>,1.0,0.6666666666666666,2
30FY941P,"Disneyland measles outbreak includes traveler, Grays Harbor teen: At least 17 people have been confirmed with… <url>",0.0,1.0,1
88UP9SGQ,"We always make sure our people are taken care of 😌 , only 2/3 of the MMR team🎩👔💼  #IRIE #Blessed #MMR… <url>",0.0,1.0,1
ULQZKESI,CDC: Flu vaccine only 23 percent effective this season <url>,0.0,0.6666666666666666,1
ONWT4NS7,"Austerity is not a Vaccine to Crisis... It is a Parasite with Pandemic Potential! It Drains Life, Killing Slowly! #occupySB",0.0,1.0,1
OT4ZPOH1,Waiting for Abby's four month immunizations. Poor baby!! :-(,1.0,1.0,2
RPWVQYSZ,"And also via direct vax @ schools <user> “<user> TN utilized pharmacies as primary route 4 getting out H1N1 vaccine. #PS14""",1.0,0.6666666666666666,2
AO5DJLBR,Measles Outbreak: What You Need to Know <url>,0.0,1.0,1
EDKEAV1S,I wish kids' vaccinations came in the form of a chocolate chip cookie or bowl of ice cream.,1.0,0.6666666666666666,2
2XPS2PFO,"""Back-to-School"" means its time for vaccinations <url> via <url>",1.0,1.0,2
PPY3PEB0,Parents who question vaccines for kids are almost always highly educated.,-1.0,1.0,0
HILIB2DF,Trying to fix my mmr is tough. I mean I keep getting mixed up with bad teams. I was carrying as a sona tbh -_-,0.0,1.0,1
PH6LVNU3,Tailgating done right .rain never stops us.MMR•B•Q music festival 2016. #MMRBQ2016 gr8bands gr8times with gr8friends <url>,0.0,1.0,1
BOL3Q5TN,"While the Potomac Horse Fever vaccine isn't 100%protective, it does decrease severity and duration of disease.  <url>",1.0,1.0,2
OBLB4BTQ,"Measles outbreak grows, children urged to vaccinate: With California gripped by a measles outbreak, Dr. Charles… <url>",0.0,0.6666666666666666,1
67YVZT6F,"#Measles cases in US rise; most unvaccinated, <user> says <url> <user> <user> <user> <user>",0.0,0.6666666666666666,1
T8BTNT2V,I've got an anti-vaxxer trying to convince me that a MITOCHONDRIAL disease is a vaccine injury. That's so implausible it must be Poe #CDCvax,1.0,1.0,2
3XGI0VY9,I have no sympathy for parents who don't vaccinate their children,1.0,1.0,2
9PSHWXTZ,"""Measles and You, and Everyone We Know"" #MakeAFilmUncomfortable",0.0,0.6666666666666666,1
IT9GHIP5,Measles alert for Dulles travelers: The Loudoun County Health Department is warning people who were at Dulles... <url>,0.0,1.0,1
QJOI1T5J,<user> <user> Who're we hoping gets the measles?,0.0,0.6666666666666666,1
JEN8P7VA,<user> <user> lets get some help so all kids get vaccinated if your kid had a problem it would have happened anyway,1.0,1.0,2
NSJ3P45V,<user> vaccinate your child but not doing so simply because you think they can become autistic because of it is no excuse.,1.0,1.0,2
1H049N7V,Could I Get The Measles As A Vaccinated Adult?: The measles vaccine you received as a child might not be enough to… <url>,1.0,0.6666666666666666,2
9A1FNP85,Breaking: The entire New England Patriots team contracted measles while at Disney World,0.0,1.0,1
OL3B2XFA,40 yrs ago my Mom had German measles when she was pregnant with me. Her doctor urged her to abort me but my Mom knew that was not God's plan,0.0,0.6666666666666666,1
71C5ZV6A,<user> Nigga I'm scared of injections you think I'll be taking roids lol....vaccine for college,0.0,0.6666666666666666,1
DYCQLPZO,<user> Isn't this a HIPAA violation? My child's Dr.wouldn't  fax over a signed form to sch. but itunes/icloud can save med. info!,0.0,1.0,1
2Q1QH6JI,Autism & Vaccines... <url>,-1.0,1.0,0
9INAEK8N,"Measles cases confirmed in Manhattan, Bronx: A measles advisory has been issued in New York City after health... <url>",0.0,1.0,1
YWN58MRR,<user> #GOP STOP blaming #Immigrants first #Ebola now #measles Which diseases?brought their ancestors? #AINF <url>,0.0,0.6666666666666666,1
8S5WPFXS,"<user> In our our age of global connectivity, anti-vaccination ideologues are a serious threat to the health of the world's people.",1.0,1.0,2
QCWCTKJJ,"Why might parents mistakenly claim vaccines cause #autism when there is no link? Dr. Vince Iannelli <user>
<url>",1.0,1.0,2
U06N8I0I,SC DHEC offers free Tdap shots at mass vaccination clinics: In an effort to assist parents in meeting new school... <url>,1.0,0.6666666666666666,2
VIL0P079,<user> how about using Ebola as a platform for #Vaccines that parents refuse to give kids against deadly diseases that we've already wiped?,1.0,1.0,2
JJJ7V9DJ,"K, so, The Vaccines are a really good band. #truthbetold",0.0,0.6666666666666666,1
KBIECW5L,Public Health Officials Warn Against Intentional Exposure To Measles <url>,1.0,0.6666666666666666,2
JUQDRS57,Inside Edition just ran down Super Bowl threats. Measles (hope u got vaccinated) and drones. Drones?! Wtf?,0.0,0.6666666666666666,1
2INFYWUL,"Study of more than 95,000 kids finds no link between MMR vaccine and autism <url>",1.0,0.6666666666666666,2
20IA999R,*sigh* Someone on Facebook took offense to me deriding Jenny McCarthy and her conspiracy theories re:vaccines. These people exist?!,1.0,1.0,2
4EAF4EM7,This year I absolutely despise LJT because I'll be working at the closest bank to MMR. and the fact that the Taylor's bank w/ us. 😭,0.0,1.0,1
R42BSCZ7,Best defense against diseases is to nurture and maintain your own immunity. Good nutrition and diet will do it .,-1.0,0.6666666666666666,0
GK4LJ3VE,Because science ISN'T a thing. “<user> Plunge in kindergartners' vaccination rate worries health officials <url>,1.0,1.0,2
WTFXXPJZ,She too geeked 😸she about to start 🏫 school #immunizations @ Unity… <url>,0.0,0.6666666666666666,1
XRXQJPGV,Remember when you got the vaccines 1day before school? DON'T WAIT 2 #RegistertoVote <url> #Voto2014 <url>,1.0,1.0,2
WBDMHKVE,Wind blowin so damn hard and we in a tent thanks MMR,0.0,1.0,1
040BWCKG,It is very selfish for a person not to get cold vaccinated. I don't want any child that's not vaccinated 2b at playground #TheDoctors,1.0,1.0,2
4KH53KQD,“<user> Measles Replace Ebola As Health Threat: West Africa:  <url> some antivaxers don't think measles dangerous,1.0,0.6666666666666666,2
3WKSLNGX,<user> I wish 😫 I kinda want to stay away from Disneyland for a while til that measles thing clears up. I'm going to Reno 😁,0.0,1.0,1
ZEJWM2NE,<user> <user> <user> we cared for most MN measles cases sited and have shared many lessons learned,0.0,1.0,1
SHVY2GMM,#Ronanation I would like to put my name to the petition on vaccinations &amp; entering school.,1.0,1.0,2
GHFBXAJY,"“<user> On avg, ppl who complain live longer- Releasing this tension increases immunity &amp;boosts their health.” Guess I'm living forever",0.0,1.0,1
VQ3YE878,"""Vaccinations cause autism"" - very very stupid people",1.0,1.0,2
7ZODVGXE,I think the creators of the vaccine HPV need to test it on all their little kids. Then their grandkids and great grand kids. Then maybe,0.0,0.6666666666666666,1
BS6MOKJH,<user> My grandson's pediatrician acknowledged his vaccine injuries &amp; provided a waiver voluntarily that he not receive any more vaccines,-1.0,1.0,0
JWZ0MLPW,"Vaccinate your damn kids people, jesus",1.0,1.0,2
NLIX8D53,/guy calls into local station here in cincinnati and boasts about how he didn't vaccinate his kids and how they don't vaccinate theirs,1.0,0.6666666666666666,2
1W4AH3GQ,"This MMR gonna swallow you up. It got worse as it went, inside it, we encountered corn thieves.… <url>",0.0,0.6666666666666666,1
Q60RWEDV,CNN: Mom: Family that refused vaccination put my baby in quarantine <url>,1.0,0.6666666666666666,2
3I6TTRCJ,"“<user> Journal questions validity of autism and vaccine study. <url> wait, what?!",0.0,0.6666666666666666,1
G4GBIIBD,"The 1986 National Vaccine Injury Act prohibited ppl from suing vaxx manufacturers, health agencies and workers. Why was that necessary?",-1.0,1.0,0
89IIXRQ9,Free Back-to-School Immunizations: The Florida Department of Health in Miami-Dade County provides free… <url>,1.0,0.6666666666666666,2
H4B3TMNB,"Dreamt that children infected with measles became immortal, power-hungry rat children, so parents plz plz vaccinate your children.",1.0,1.0,2
OYEXZBRI,Vaccination debate: NHC experts encourage parents to immunize kids <url>,1.0,0.6666666666666666,2
W9V2SRS0,"2nite #DntMissTheShake #ClubSho #MovieTime #MMR 
🔥🔥🔥🔥💥💥💥💥 @ Club Sho 2nite <url>",0.0,1.0,1
51CSK83R,"Measles and this year's flu seem to have demonstrated that we were not fully prepared, possibly focusing elsewhere.",0.0,1.0,1
E0HZAM5J,Via <user> Disneyland Measles Outbreak Hits 59 Cases And Counting <url> <url>,0.0,1.0,1
R3SFFHSP,i have to. o write a 5-pager on vaccine safety. WTF i know nothing,0.0,0.6666666666666666,1
F6OLSRM8,"<url>

Vaccines and autism practically have no link #autismksc",1.0,1.0,2
PGSN65XD,There's no way these parents vaccinate their kids.,1.0,0.6666666666666666,2
LSA03396,With all of the shitty comics I hang out with #measles is the least of my concerns as we all use the same mic!!,0.0,1.0,1
UNQ8GLMM,<user>  Fascinating stuff. Have you seen how the measles virus is being uses to fight cancer? Watch the Vice special on cancer <user>,0.0,1.0,1
0V7NL27T,<user> <user> is that how it works? Some #immunity.  You're basically saying people are always at risk even when immunized.,-1.0,0.6666666666666666,0
BBS52Y8W,“<user> Total number of measles cases linked to Disney theme parks: 26 people in 4 states <url> VACCINATE YOUR KIDS 😤😡😡,1.0,1.0,2
0PT06IG0,They are in top notch condition because they are pros yet there is no such thing as immunity from injury!,0.0,1.0,1
TILL5MH9,California measles outbreak grows to 68 cases: The measles outbreak in California is growing.The number of cases… <url>,0.0,1.0,1
HNJ8OGI6,"Screw you, <user> “<user> Measles case confirmed in U of M student. | <url> <url>",1.0,1.0,2
48E5UV4A,<user> I am 2! If they dont want 2 vaccinate their children that is their choice but they dont need 2 be @ school or daycare w/my kids!,1.0,1.0,2
5YEAU0HT,"<user> So now I am a child abuser? 
My 3 grown children R glad I didn't vaccinate them!",-1.0,1.0,0
42EQ6PQO,"A man walked into 2 hospitals in RI w/ measles, potentially infecting other patients. I'll be live @ 11 w/ the story <url>",0.0,1.0,1
S0NGXJ66,"<url>
Chris Christie says parents need choice in vaccinating children.",0.0,0.6666666666666666,1
Q8SZNJW1,"""Children who receive all vaccines are 14x more likely to become learning disabled"" is this guy serious? ✋I can't. <url>",1.0,0.6666666666666666,2
U7PAJLBV,Another Study Finds No Link Between MMR Vaccine and Autism <url>,1.0,1.0,2
QYCLX1ST,Folks are really angry at CDC (Center for Disease Control) 40% of Americans don't trust vaccinations  #CDCwhistleblower,-1.0,0.6666666666666666,0
B9TKXN54,"We don't know what causes autism, but we do know vaccines don't. <url>",1.0,1.0,2
715ATU2Y,"my parents are talking about vaccines and they just said ""what if Cooper gets measles and goes blind""😬",0.0,1.0,1
5OYJUZ64,Time to take time to do what measles your soul happy,0.0,1.0,1
CQSRPK2H,California measles outbreak: State cases now over 100: Measles cases in California reached triple digits for the… <url>,0.0,1.0,1
95X8JKKZ,Idk why this is still an issue guy even said he was wrong later #vaccine4urkid #KidSoSmart #parenting #parentingfails <url>,1.0,1.0,2
65FZYH4H,WE GETTIN MEASLES TONIGHT!,0.0,1.0,1
NPA2QWSX,You know you're a 90s kid when vaccinations were mandatory and no one in your class got measles,1.0,0.6666666666666666,2
S2ZHMABO,.<user> tells us about diagnosing measles in her practice and why she joined <user> #AAP13,0.0,0.6666666666666666,1
KM6R28QA,Measles Outbreak Sparks Increase In Immunizations: FORT WORTH (CBS 11 News) - Despite a measles outbreak in... <url>,1.0,0.6666666666666666,2
BIJ6J95S,"5-year-old Port Angeles girl caught measles at a clinic where infected man had been: PORT ANGELES, Wash. — The… <url>",0.0,1.0,1
ESHPS1C8,"On avg, ppl who complain live longr: Releasin tension increases immunity &amp;boosts health <user> Gawd, ur gona live foreverr!!:0 lmao;)",0.0,1.0,1
R18GB05Q,"Measles cases hit a 20-year high, CDC says <url>",1.0,0.6666666666666666,2
K6XGP99P,.<user> wasn't it 2001 when #IOM first concluded MMR vax doesn't cause autism?,1.0,1.0,2
2DXGXODS,How much more likely is #RoyalBaby to reach 5th bday than a baby born in Nigeria? #Childhealth #vaccineswork <user> #RESULTSconf,0.0,0.6666666666666666,1
6Q19900L,<user> <user> us too!!!! We're getting ours in May because Jedi doesn't have his shots for the measles yet...lol,1.0,1.0,2
8M1VK254,The big concern in past was Mercury's use as a preservative in immunization. Mercury's a ingredient in thousands of everyday products today.,1.0,0.6666666666666666,2
6OM04K9S,people who don't believe in vaccinating their kids should live on Mercury,1.0,1.0,2
9ZB3XUMM,"Come on folks, get your kids vax MT <user> ""Hi, meet Mickey - here’s some #measles""

<url> <url>",1.0,1.0,2
D3RDLBFP,RT <user> 513 parents in #Peshawar arrested for not vaccinating their children. Can we do this in the US please? <url>,1.0,1.0,2
B291ZPIL,<user> <user> Puke...just puke! You ought to be ashamed of yourself! Do you think the elite vaccinate? Its Autism Day you puke!,-1.0,0.6666666666666666,0
5L6YJYIT,"Parents, don't be idiots: “<user> Measles outbreak prompts health officials to take action in schools <url>",1.0,1.0,2
2LS32939,Believing that vaccination is bad and causes autism is the same thing as saying evolution and climate change don't exist,1.0,0.6666666666666666,2
RTO4HSSF,Biggest #measles #outbreak since 1996! #fucoidan in #LIMU proven to strengthen immune system to help prevent illness! <url>,0.0,0.6666666666666666,1
JBZAGMV9,"My uncle was paralyzed after having the swine flu vaccine in 1977, thanks cdc",-1.0,1.0,0
678LAYUS,#WTF Defiant Anti-Vaxxer Parents Hosting ‘Measles Parties’ To Purposely Infect Their Kids #Measles <url>,1.0,0.6666666666666666,2
ZVA6EB4H,#measles is apparently a hot topic on twitter,0.0,1.0,1
01WXDQWW,Health: Vaccine For Type 1 Diabetes Shows Promise: Researchers are testing a possible breakthrough in the treatment… <url>,0.0,0.6666666666666666,1
BUQ6S2JN,Got a feeling this MMR's gonna be the best one ever.,0.0,1.0,1
2UC4W4TW,Researchers Prove That Measles Is Being Transmitted by the Vaccinated  <url>,0.0,0.6666666666666666,1
HWULC5L4,SB121 [Passed] Meningococcal disease-pupils to be immunized against at recommended age <url>,0.0,0.6666666666666666,1
5GUC03DR,Many parents cite lack of insurance as reason kids don't have vaccines. Keep kids healthy #ExtendCHIP,1.0,0.6666666666666666,2
1T7SREY5,Measles is making a comeback because of irresponsible parents. Vaccinate your kids!!!,1.0,1.0,2
VX2W6I60,"I suppose they'll blame this on the #Patriots, too  “<user> Up To 1,000 People In Arizona May Have Been Exposed To Measles""",0.0,1.0,1
OMO3TX3L,Ooooooh kill em 😉 hair by the talented smoknfaces 😚💨/ ritamonroe #paranoiaconsumes #videoshoot #mmr… <url>,0.0,1.0,1
O6TSCMFE,Experimental Ebola Vaccine Due In 2015: Why The Wait?: The World Health Organization announced on Saturday a... <url>,0.0,0.6666666666666666,1
NY0TAPH2,#Azhley mmr,0.0,1.0,1
K268AT83,Went to high school to get immunization records for ETSU and talked to ms svihovec for like 30 minutes,1.0,0.6666666666666666,2
8WNLJVUT,$GSK shingles #vaccine meets efficacy endpoint in #ClinicalTrials high hopes 4 this asset #pharma #biotech #MolekuleInsight #pharmaceutical,1.0,0.6666666666666666,2
ME64BPUV,<user> <user> ~can't expect  inoculation to keep the flu away~not talking about measles~No we're talking about avoidable~eat garlic,0.0,1.0,1
Q9DQAS9Y,Our Children's lives matter (most)! Think twice about others agenda! Read vaccine package inserts!! #CDCwhistleblower,-1.0,0.6666666666666666,0
O9AWRXJK,#vaccinateyourkids do not let the preventable disease your child contracts be responsible for the death of another vulnerable individual!,1.0,1.0,2
EKAYSCJX,"Convinced patient at work today, who is  anti-vaccine, why it's a beneficial to have her children vaccinated #dontfuckwithherdimmunity",1.0,1.0,2
7M2X5M9F,Santa Monica High School Coach Diagnosed With Measles as Outbreak Continues to Spread <url>,0.0,1.0,1
2Q49ZLUK,"Measles is a child killer. But for those who survive, a common complication is deafness. Better primary healthcare will #SaveAll our kids.",0.0,0.6666666666666666,1
Y21OU1QR,"Next on 12 Monkeys, Cole goes back in time to stop a false study being published that links autism to vaccinations.",1.0,0.6666666666666666,2
EFGI50NA,Hearing about measles on bart while I'm on bart. Fuck.,0.0,1.0,1
ZV59PEBB,African Nations Celebrate a 55 Percent Drop in Child Mortality Rates Due to Immunization <url>,1.0,0.6666666666666666,2
ANZIEL63,"CDC: 102 measles cases in January, most stemming from Disney outbreak: Health officials say 102 people in 14 states… <url>",0.0,1.0,1
URV849TL,42 measles cases linked to Disneyland <url>,0.0,1.0,1
H1CLFZFM,Measles outbreak?😳,1.0,0.6666666666666666,2
1AKIWAEC,This is ridiculous. The future Vaz-Holder children will not be getting vaccines. No way. Why fix something that's not broke?,-1.0,0.3333333333333333,0
87WRDCT3,Come Feel The Love <user> #mmr #urkel #carl #eddie #stefanurkel #90s #tgif #familymatters #mypet… <url>,0.0,1.0,1
KJNC52NX,Bloomberg - Everything You Need to Know About Measles in 90 Seconds <url>,0.0,1.0,1
VLLGKTNH,Right before the talk on MMR vaccine on #GMA <url>,1.0,0.6666666666666666,2
A44NYRD7,See for yourself: How many kids are vaccinated?: Search the data for yourself to find how many the students in your… <url>,0.0,0.6666666666666666,1
IKA1HF6U,<user> measles,0.0,1.0,1
1S8DJ6OE,"CDC panel approves meningitis B vaccine, with conditions: Teens and young adults should get new vaccines to prevent… <url>",0.0,0.6666666666666666,1
6FN2DYI7,Get vaccinated. Got my booster last Fall. “<user> Children are vulnerable to #WhoopingCough <url> <user>,1.0,1.0,2
74P999OR,"STOP the #MeaslesPanic!  We had the Measles when I was a child. We survived that, Mumps and Chickenpox.  Quit scaring people!!!",0.0,0.6666666666666666,1
UJ2H9KDJ,“<user>  <user> Sir.” Get a science education and stop lying to parents. Their kids need to be vaccinated to protect everyone,1.0,1.0,2
5V1JT52H,Vaccines work! Get your flu shot with your pharmacist! Make sure you have your measles vaccine! #SB49 #vaccineswork #VaccinateYourKids,1.0,1.0,2
3T7O85CX,"<user> wow xD I've got like 6 guys xD that's 30 pounds! :D

And 6 vaccines~ and 6 saves children~&lt;3",1.0,0.6666666666666666,2
FDHMWL3B,<user> I got it so bad as a kid I think I got immunities. It was even inside my mouth!,0.0,0.6666666666666666,1
8GV38Z83,By The Power of Greyskull Come Out To The <user> #mmr #photoshop #dc #dontkillmyvibe #dope… <url>,0.0,1.0,1
Y7T2DBA6,"SB550 [Update] In child protective services, further providing for definitions, for immunity from liability, for ... <url>",0.0,1.0,1
I8QKAUR9,College is like middle school. Sniffling and coughing kids everywhere. I need to update my vaccinations.,1.0,1.0,2
VFISGEWL,<user> Current 80 cases attributable to travel to or from countries w more measles. Measles is no longer endemic to USA.,0.0,1.0,1
9J42M1FD,AM-News : HIV vaccine elicits anti-V1V2 IgG antibody response in infants: Two investigational HIV vaccines... <url>,0.0,1.0,1
B41RIHPE,. #Australia  To Deny Benefits In Vaccination Refusal | Al Jazeera America <url> #vaccines #health,1.0,0.6666666666666666,2
RISQJZZ4,<user> #GOP STOP blaming #Immigrants first #Ebola now #measles Which diseases?brought their ancestors? #AINF <url>,0.0,1.0,1
CI0H0TUW,"If Apple wanted to change the world, <user> would only allow new cool Apple stuff to those who have been vaccinated for childhood disease",1.0,0.6666666666666666,2
XSQX6AW4,"<user> <user> I don't believe so, but people who get vaccinated do have a 5% risk of contracting the disease while the risk for",0.0,1.0,1
WN366XKZ,"RT: <user> Hide your kids, hide your wife...everyone's about to get fucking measles.",0.0,1.0,1
38Z4VXHR,<user> <user> <user> <user> The reason for all children to be vaccinated have become clear.,1.0,1.0,2
8RLTOHXT,<user> Help save 6m kids' lives. Pledge $1 bill over the next 4 yrs to <user> the Vaccine Alliance. #everyparent <user>,1.0,1.0,2
86A9HNTW,Hair look A) or B) for MMR*B*Q. Yeah I know it's a week away but I like being prepared lmao. And… <url>,0.0,1.0,1
JI78SBNM,so apparently i have to get a meningitis vaccine before school starts or i cant get my books &amp; schedule? wth that's fucked up bro,-1.0,0.6666666666666666,0
LMDO92QV,Vaccinations for Singapore. Hope I don't get typhoid fever! #singaporebound (@ Kendall County Health & Human Services) <url>,1.0,1.0,2
1KS5WECC,Health Alert: 10 measles cases in San Diego related to Disneyland outbreak: San Diego County health officials said… <url>,0.0,1.0,1
UPUG9XRV,Rand Paul condemns measles vaccination - want him to check your eyes? Or be President?,1.0,1.0,2
6Z27IJGD,CDC Says Measles Are At Highest Levels In Decades: (<url> have returned in the U.S. to... <url>,0.0,1.0,1
YKOM5V75,"RT <user> While some scaremonger vaccines, they helped lower children under 5 mortality rate by 12,000 a day. <url>",1.0,0.6666666666666666,2
L6Y0GBIB,CDC Recommending Vaccination To Combat Seasonal Flu: DETROIT (CBS DETROIT ) – The Centers for Disease Control and… <url>,0.0,0.6666666666666666,1
AV2MIRP6,Amazing stat of the day: “<user> The UN vaccinates 58% of the world's children.  #VaxImpact”,1.0,0.6666666666666666,2
JK3TK8AL,"""Police request MMR into home immediately;officer holding pressure on gunshot to head. Rosebush Rd five miles west of Meridian.""<user>",0.0,1.0,1
ZJ7OX2WI,"Vaccinated student. MMR. Photo credit: Shannon
#USDHealthComm @ University of San Diego <url>",1.0,1.0,2
82DVP35Y,Vaccines and Cold War Kids I guess that's cool,0.0,0.6666666666666666,1
VDAPQWIK,NC health agency reminds people to get measles vaccination <url>,1.0,1.0,2
V176KJZ3,<user> #GOP STOP blaming #Immigrants first #Ebola now #measles Which diseases?brought their ancestors? #AINF <url>,0.0,1.0,1
0GQL7OV3,"From death threats to holocaust warning, California vaccine bill an extraordinary fight <url>",1.0,0.6666666666666666,2
SH4N4N23,Arguments haven't changed much over the past 213 years. #vaccineswork are safe and effective. <url>,1.0,1.0,2
W5UXW156,"Glad ""herd immunity"" has made its way into the national dialogue. Unfortunate it took a #measles outbreak to do it. #VaccinateYourKids",1.0,1.0,2
SAYGMMKB,"More children at risk of measles in wake of Ebola epidemic: Ebola's toll moved beyond 10,000 deaths Thursday even… <url>",0.0,1.0,1
KAZGBLYJ,Check out this <user> episode <user> 🖖🏻 FDA NEVER?! tested if mercury in vaccines responsible for this? <url> WOW.,0.0,1.0,1
TDA7JQ9W,<user> Shawn Siegel speaks the truth about vaccines.,0.0,1.0,1
2J3KVQ5J,HB2370 [Engross] Public health and safety; animal quarantine; requiring rabies vaccination; effective date. <url>,0.0,0.6666666666666666,1
BQ135Y8U,Officials: Suspected Case Of Measles At Princeton University: Princeton University sent out an email Wednesday… <url>,0.0,1.0,1
66GXCXNL,This table says it all: vaccination is the safest choice for your family. <url>,1.0,1.0,2
1H93JHGG,Meningitis Vaccine so I can go to school &amp; safely give mouth to mouth because u know how often that happens <url>,1.0,0.6666666666666666,2
KXATA557,“<user> Bottom line: Vaccines are safe and save lives -- and they do not cause autism <url> <url>,1.0,1.0,2
U7IQGV7P,Measles case reported in Central Indiana: State health officials confirmed a case of measles in Central Indiana... <url>,0.0,1.0,1
HN8KBV0K,SB121 [Enroll] Meningococcal disease-pupils to be immunized against at recommended age <url>,0.0,0.6666666666666666,1
PF1JG2QQ,Measles vaccine as a cancer treatment!? Amazing!#TheDoctors,1.0,0.6666666666666666,2
FOIL7ZKQ,The UK study done in 1998 that claimed #vaccines caused autism had been retracted and the doctor lost his medical license  #vaccineswork,1.0,1.0,2
XTKS2226,<user> <user> <user> <user> ..i mean standard to give the MMR,0.0,0.6666666666666666,1
6HJ2O0XE,#SFBayArea: Get yourself vaccinated against measles!,1.0,1.0,2
LK2Z5KTX,“<user> Why you should care about the measles outbreak–even if you're vaccinated - Fortune <url> #untj4460,0.0,1.0,1
B68RL8YE,"People who don't believe in climate change, people who are anti-vaccine, 9/11 truthers, anti-GMO types... All are science hating nutjobs.",1.0,1.0,2
5CHABS97,"<user> Wow u really r an idiot, have the measles or whtevr u've contracted already gotten 2 your brain from not getting vaccinated?",1.0,0.6666666666666666,2
XYMT7FYH,"Had this vaccine gone through #FauxNews wouldnt be drumming up fear #Ebola Vaccine, Ready for Test, Sat on the Shelf 
<url>",1.0,1.0,2
WR62A54T,TARCO Health Dept.: almost all of the 10 #measles cases here are people who were NOT immunized against it. <user>,1.0,1.0,2
YZMDLGZ0,Lmfao.. Why do people argue with me about vaccines.. If your kid's immune system can handle it VACCINATE YOUR KIDS. Idk why this is so hard.,1.0,1.0,2
5VQJ5IJ9,<user> #crying #MMR,0.0,1.0,1
86RSYKDR,Health Officials Promote Flu Shots: Health officials are continuing to stress the importance of getting vaccinated... <url>,1.0,0.6666666666666666,2
24M8DKUY,UC System to Require Measles Shots <url>,1.0,0.6666666666666666,2
J33OMD6T,<user> #vaccineswork -I was vaccinated<user> prior to travel to Europe for everything but mmr (66 yrs ago). Got measles <user> yrs.(hell).,1.0,0.6666666666666666,2
1OOQIAC3,"Why you should, and shouldn't, worry about measles <url>",0.0,0.6666666666666666,1
41N4VVH1,My baby just got his rabies vaccination #Frenchie #FrenchBulldog <url>,1.0,0.6666666666666666,2
6L7I1E9W,<user> my son developed a rare seizure disorder within 24 hours of his DPT #vaccine brain damage #autism #special needs for life,-1.0,1.0,0
TQZIFBLY,New Jersey may make it harder to claim religious exemptions for vaccines: Despite a scientific consensus in favor… <url>,0.0,0.6666666666666666,1
SDLRWCO0,"Pace of new US measles cases slows a bit, officials report: The number of U.S. measles cases this year has risen to… <url>",0.0,0.6666666666666666,1
Q0VJ6OVP,Measles at HBHS,0.0,1.0,1
KGKXZYPQ,<user> we find out its actually based on your cultural background and that somehow we tie in vaccines causing autism into it,1.0,0.6666666666666666,2
683NG5M8,Let's send the measles to ISIS via illegals in US,0.0,1.0,1
0VXI2LEM,Isn’t it interesting that public health officials never promote the various proven ways to avoid the flu other than through vaccination?,-1.0,1.0,0
WLVH34BD,"Must watch: Vaccines don't cause #autism, plus the study behind the #vaccine-autism panic is an authenticated fraud. <url>",1.0,1.0,2
890GQ8RK,"""<user> History repeats itself. Anti-vac comic from the 1940s. <url> VACCINATE YOUR CHILDREN.",1.0,1.0,2
JUBUQIVU,Bestie might have the measles. I'm doomed. #thatishcontagious #itchyasamofo,0.0,1.0,1
M0Q5SSXZ,<user> vaccine truth: <url>,-1.0,0.3333333333333333,0
TGTO860W,<user> I felt like that was long.. what did you use? I used mmr and it said 5.. but Ik it was longer.,0.0,1.0,1
WJSC52W3,Or I have measles. Lol,0.0,1.0,1
5LHW5IMM,"The isolated measles outbreaks could be so much worse if people just stop vaccinating their kids. People die from this, it's not a game",1.0,1.0,2
YXBLNPM7,<user> Can't believe this was on my tl. Disneyland measles to you to a happy day w/ ra. <url>,0.0,1.0,1
XF9LZ2GV,"I swear, if Certified Profile rejects my MMR vaccinations ONE MORE TIME...",0.0,1.0,1
R2TMNMYN,Measles outbreak in Framingham. Send in all those non vac parents and their kids. #shotsrule #noplagueinthishouse <user>,1.0,0.6666666666666666,2
YR4AJLWL,“<user> University of Virginia confirms mumps case on campus <url> Get ur kids vaccinated,1.0,1.0,2
N7OFZXLO,Immunization for the child (@ Hoag Health Center) <url>,1.0,1.0,2
U6HJIAE2,<user> Never had the measles? So. Much. #WhitePrivilege.,0.0,0.6666666666666666,1
XHMIJEM6,"US Ag Secretary Tom Vilsack <user> the speed that deadly pig disease is spreading is concerning; we don't have pathway into US, a vaccine",0.0,1.0,1
D75JAQ5R,".<user> <user> yup. Babies too young to be vaccinated get sick bc ""grownups"" opt out of public health.",1.0,1.0,2
V84UBMYD,#Kenya one of the countries where children missed their vaccinations in 2013 tetanus one of them <user> <user> <url>,1.0,1.0,2
I24EB0HU,"<user> , A great read Dan. And true. What This Autism Mom Has To Say About Vaccinations <url> via <user>",0.0,1.0,1
LD63FBPF,Nurse says measles happening before school year is best case scenario <user> illness contained to one area,0.0,1.0,1
57Q7SY19,Health department holding back-to-school vaccination clinics <url> #bdcnews,0.0,0.6666666666666666,1
MRV3CBG2,<user> Pants on Fire for <user> on cause of measles outrbeak.  <url> but facts don't matter to followers.,0.0,0.6666666666666666,1
Y93LLKPK,"An extremely well presented video on the fallacious idea that vaccines can cause autism. 

RT: “<user> Watch: <url>",1.0,1.0,2
MVBMILFV,"#Ebola Two experimental Ebola vaccines pass safety test - Geo News, Pakistan <url>",0.0,1.0,1
I7LC0SJF,"Flu vaccinated💉😷 #tookitlikeachamp #schoolobservationready @ Baptist Express Care Clinic at Walmart,… <url>",1.0,0.6666666666666666,2
STBEVEYW,<user> unfortunately the national weather service forgot to issue a VACCINATE YOUR FUCKING KIDS alert the past 10 years &gt;.&lt;,1.0,1.0,2
TXT6ZJOD,measles mumps novella,0.0,1.0,1
Q66DV2QC,"I got vaccinated when I was a child attending PUBLIC school, this was in the late 80s early 90s. How is this news?",1.0,1.0,2
2OWWLUOK,"“<user> Hand-washing could save more lives worldwide than any vaccine, according to a study by the World Health Organization.”  Do it!!",0.0,0.6666666666666666,1
KG0M8UP0,6 Myths About Vaccines — and the Truths Behind Them <url> <url>,0.0,0.6666666666666666,1
RX6BTEJU,Started ...RT“<user> AIDS vaccine created at Oregon Health &amp; Science University- <url> <url>,1.0,0.6666666666666666,2
GOIFCJ8V,"And NO, this Tunnel of Love does not come with Measles, unlike the Tunnel of Love at Disneyland.",0.0,1.0,1
JKYX0HJT,Fauci on measles: The risk of the disease is infinitely higher than the risk of the #vaccine.  #atlantichealth <user>,1.0,0.6666666666666666,2
YAE1JMXE,"My poor baby's, Ally got 4 immunization shots plus a flu shot and Mady got @ DLC pediatrics Dr. Martin Garza <url>",1.0,0.6666666666666666,2
LSTUTWI6,"<user> I believe that immunization is extremely important to protect children. If you get free $ from the taxpayers, do what you are told.",1.0,1.0,2
UPL00GCZ,Wealthy L.A. Schools' Vaccination Rates Are as Low as South Sudan's - Atlantic Mobile <url>,0.0,0.6666666666666666,1
JVJB6SVC,Object lesson re not vaccinating  -harrowing story of measles infection. <url>,1.0,1.0,2
MZM348OH,"<user> #kidlegislation #PointsMe manditory cootie vaccinations, protect your kids",1.0,0.6666666666666666,2
EBPABWAK,Ummm you're not Anti-Vaccine; you're Pro-Disease. You're also fuckin' stupid.,1.0,0.6666666666666666,2
CDFY1QGD,"BeefTalk: Start your calf vaccinations now <url> via <user> 
Good article on herd health!",1.0,1.0,2
93BDY05K,"<user> Crooks, if u don't spend any money there u leave with the measles",0.0,1.0,1
KKAW7R3S,"<user> <user> <user> Mercury in vaccines? Nothing to worry about, of course.",-1.0,0.6666666666666666,0
6CONZPZV,<user> that measles sense I mean I would you wish a happy birthday to people you hate?,0.0,1.0,1
5QJFQR3G,"I feel like a fucking conspiracy theorist wrote this article on why vaccines cause autism, this is so ridiculous",1.0,1.0,2
I2Y8VFJJ,"""The way God intended"": California parents are having 'measles parties' instead of vaccinating their kids <url> via <user>",1.0,0.6666666666666666,2
KBH62NE1,"Advocacy Group Autism Speaks Urges Parents To Vaccinate Their Kids -
<url>",1.0,1.0,2
O44VVHXC,I don't think I will ever understand people's reasons for not getting vaccinated and not vaccinating their kids. What?!?! Explain?!?!,1.0,0.6666666666666666,2
SVFJY96Y,Another reason to vaccinate. Via <user> a study done on 95000 kids show no autism link #VaccinateYourKids  <url>,1.0,1.0,2
LH1W2JEY,"<user> either had measles or vaccine. I'd had German measles but mom couldn't remember, so I had antibody test &amp; did show up.",1.0,0.6666666666666666,2
TSRWJC99,"“<user> On average, people who complain live longer -- Releasing this tension increases immunity and boosts their health.” 👌😘",0.0,1.0,1
HA63XRFH,<user> damn son. You got the measles?,0.0,1.0,1
G8FX3KVS,Local Doc Advises Senate on Measles Outbreak: Senate Health Committee meets to discuss ways to prevent major health… <url>,0.0,0.6666666666666666,1
7OJDKLCR,"With typhoid, yellow fever, polio and mmr shots taken care of I guess I'm ready for #southafrica #abroad2012 #leggo",1.0,1.0,2
IM9W2ZX4,Obama Kids crossing the border are bringing the measles. Who is getting the measles if you have been immunized???,0.0,1.0,1
EHDKY1DI,"Constantly SMHing about vaccines. Vacc-ines, more like vacc-POISON! Wake up America!!!",-1.0,1.0,0
BWGAGPGT,Jenny is a talented intelligent comic actress who loves her child &amp; who is about as wrong about immunization as anyone has ever been (1/3),1.0,1.0,2
GMP7SBSA,<user> well as an adult it was your choice. This is referring to parents who refuse to vaccinate their relatively young children,1.0,1.0,2
QBN41M9B,"Am a bit nervous about traveling to Anaheim. Reading about measles outbreak from Disneyland, due to anti-vaccination parents.",0.0,0.6666666666666666,1
FVYOX54W,Researching immunizations for a research paper. One article says they cause permanent death..... good example of a bad source. #uhhduh,1.0,1.0,2
G5VU5E3K,#Ebola It's not healthful to live in #Fear It's healthful to improve your #immunity and Live Confidently #Probiotics <url>,0.0,1.0,1
W660EGW5,Health Officials Warn Of Possible Measles Exposure In Delaware And Philadelphia Counties: The Pennsylvania… <url>,0.0,1.0,1
075IEFZ5,Don't forget to update those #Immunization cards for your babies.  Mine go back to school next… <url>,1.0,0.6666666666666666,2
LO43D5PQ,MMR,0.0,1.0,1
V1Q3O62K,Parents who support anti-vaccine activists should have child services take their kids away or just not be allowed have kids period.,1.0,1.0,2
KCYTEC5V,9 Measles Cases Linked to Disneyland  <url> via <user>  seriously #vaccinate ur kids. +1 4 #publicschools requiring it,1.0,1.0,2
IIN5D33V,"Meeting tonight, 8:30pm in room 322 of the student center! 💙💉 #kent #ksu kentstate #immunizations #ChildrenFirst <url>",1.0,1.0,2
9K1FB6BR,"I don't wish harm on anyone, but if your kid gets the measles because you're an anti vax idiot, I relish in your pain",1.0,1.0,2
G5CC3430,<user> <user> What about the children/adults with autism who were never vaccinated? Have we forgotten about these individuals?,1.0,1.0,2
63AG3W2Y,"Republicans, for the health of our children: Please correct <user> &amp; <user> on the vaccination issue. <user> #please",1.0,1.0,2
1L2M35DZ,"Why the ""big mystery"" measles is spreading? Unvacinated, sick illegals were deliberately spread all over by #Obama and let into our schools.",1.0,0.6666666666666666,2
Y4SCI93Y,<user> idiots don't vax their kids then wonder why measles become epidemic at Disneyland. #idiots,1.0,1.0,2
YS3VO0OJ,#VACINATE! “.<user> The economic cost of measles vaccine refusal <url>,1.0,0.6666666666666666,2
Z4A9YHZ1,Spot shortages of flu vaccine reported: The Texas State Department of Health Services reports spot shortages of flu... <url>,0.0,0.6666666666666666,1
K6CJTDEV,"I'd like to hope that this latest measles outbreak will change the minds of some anti-vaxxers, but the chances of that are slim.",1.0,1.0,2
XSPH8DS6,"This place pays in beads, blankets and measles. #morallybankrupt",0.0,0.6666666666666666,1
ACIIKYPN,"<user> ...been wondering, any humans seem to have natural immunity to #Ebola...example, children born to #ebola surviving mothers later?",0.0,1.0,1
KD0WG9LQ,<user> out of sight out of mind rich white folks not vaccinating kids just makes me go <url>,1.0,0.6666666666666666,2
S7I6OG7B,"GOP: Defending Your Freedom to Get Measles and Not Pay For Your Own Medical Care 

-- too clunky for a bumper sticker? 

#p2 #UniteBlue",1.0,0.6666666666666666,2
E1CYRA7O,"*<user> is going down *""<user> <user> <user> attention MMR it's going down!!!""",0.0,1.0,1
QZ2SWKDL,Survey: most docs give into parents who want to alter child's vaccine schedule. <url> health coverage,0.0,1.0,1
JMNLR8RA,Measles Outbreak Traced Back To A Single Unvaccinated Child | <url>,1.0,0.6666666666666666,2
R6PI58M3,"New <user> X <user> ""Come Over"" #ManyMenRecords #MMR #NothingButHits 🔥🔥🔥🔥 Link in… <url>",0.0,1.0,1
JM7JOBXQ,Proving my MMR immunity (@ Clinical Laboratory Partners) <url>,1.0,0.6666666666666666,2
9HC4JKCH,"<user> My son has endured 3 yrs of chemo, while it tries to wipe out cancer cells chemo also wipes out immunities.Measles too.No :/",0.0,1.0,1
V5J2IG94,<user>  I'm pissed. Why don't you guys do some reporting on where the measles outbreak came from.Root cause. Mexican illegal children?,0.0,1.0,1
S2KZHYJ2,"This Mouse Has Evolved An Immunity to Toxic Scorpion Venom. 

<url>",0.0,1.0,1
EAIESSFT,<user> <user> 95% of kindergartners in 2009 were vaccinated,0.0,0.6666666666666666,1
YZ6K0BGY,2mar $2 Tuesday w. tyratonique Host: #Mmr &amp; #PopularNobodies Music: <user> Im in there So Meet Us… <url>,0.0,1.0,1
P5ZCAUHT,<user> <user> When MN kids got admitted parents had new fear-their child would die of a VPD wondering Why didn't I vax?,1.0,0.6666666666666666,2
226KABJZ,<user> <user> / Americans should not have the right to be in public with contagious diseases. Vaccine must be mandatory.,1.0,1.0,2
MEJ7X4QK,It makes me so angry that some parents refuse to vaccinate their children from diseases,1.0,1.0,2
7BVOJRD4,He juss got his vaccines so he must b cranky!!! 2 more hours n I'll b there baby :(,1.0,0.6666666666666666,2
MOR7ZLXN,"“<user> 4 measles cases linked to restaurant at MGM Grand Hotel &amp; Casino in Vegas, officials say. <url> <user>",0.0,1.0,1
KBOJUMFH,"""<user> People who complain live longer. Releasing tension increases immunity and improves overall health."" BAM we're good <user>",0.0,1.0,1
C1STNP3U,<user> if your not vaccinated get the hell out of our public schools! That would be the old rough and tumble Christie,1.0,0.6666666666666666,2
E6NFZE7B,"CDC: 102 people in 14 states now sickened with measles, outbreak likely to get worse <url>",0.0,1.0,1
WBKLF5SX,"Measles is all like: ""Yo Ebola, you're welcome!"" #MeaslesTruth <user>",0.0,1.0,1
J1KBADM2,"New Choices For Seasonal Flu Vaccines: WebMD Health NewsBy Brenda Goodman, MAReviewed by Michael W. Smith,... <url>",0.0,1.0,1
C8KI34YV,HEY GUYS #VACCINATEYOURKIDS PLEASE. US NORMALLY FUNCTIONING ADULTS WOULD LIKE TO RAISE HEALTHY KIDS. #MeaslesOutbreak,1.0,1.0,2
QCZB4ASA,"MEASLES NEWS FLASH, con't. Now the question is how many more diseases will appear in the USA due to Obama inviting illegals to come here?",0.0,1.0,1
DH8PVIEC,"HAHAHAHA “<user> Chris Christie: Parents should have ""some measure of choice"" on vaccinating their children <url>",1.0,0.6666666666666666,2
70HMGUC1,<user> because stupid people refuse to vaccinate their kids,1.0,1.0,2
XGRVJFLI,Vaccine Flying Off Pharmacy Shelves As Flu Cases Up: DALLAS (<url> – Dallas County Health officials... <url>,1.0,1.0,2
GHVBJ691,<user> I understand people hate the speed of immunization when kids are so little but people need to immunize!,1.0,1.0,2
GK942MLQ,First Case of Measles in 2015 Reported in MA <url>,0.0,1.0,1
8KHGA9NF,w/ <user> #NoDaysOff #RRR #MMR #SRT10MG @ Quantum Beats Studio <url>,0.0,1.0,1
27XITAUW,am I the only one who thinks the measles break out at Disneyland is ridiculously funny?,0.0,1.0,1
C2SYCGE3,"Anti-Vaccination Activists To Blame For Bosnia's Measles Outbreak, Say Experts <url>",0.0,0.6666666666666666,1
R3TUJL6U,RT <user> Did you know it's World Immunization Week? Just $20 can change a child's life! <url>,1.0,1.0,2
8MCUWAP2,"I hate the way vaccines R being forced on us.If they were that safe &amp; effective,force would not B needed. <url> #medicine",-1.0,1.0,0
IT3VWV5T,You look like you got the measles,0.0,0.6666666666666666,1
5ISNLRUX,"160 cases of measles in the US?!?!?! Unless they have a serious medical problem,  VACCINATE YOUR DAMN KIDS.",1.0,1.0,2
DOAM7Z3W,People need to know the chances of survival from the vaccine vs. the chances of survival from the actual disease.,0.0,0.6666666666666666,1
8D1YOPRF,AIDS vaccine developed at Oregon Health &amp; Science Univ said to have rid test patients of the disease. <url>,1.0,0.6666666666666666,2
JDRS6D2E,<user> the vaccine were not available when I was growing up Measles and chicken pox are not fun. I even had German Measles.,0.0,0.6666666666666666,1
7C99VQV7,AIDS N : A malaria vaccine in children with HIV <url>,0.0,0.6666666666666666,1
7VSVVU00,"Austerity is not a Vaccine to Crisis... It is a Parasite with Pandemic Potential! It Drains Life, Killing Slowly! #OccupyWallStreet",0.0,1.0,1
7SHM37SI,The right wing hysteria that illegals are the reason for the measles outbreak is absurd. Put the blame where it belongs. #JennyMcCarthy,0.0,0.6666666666666666,1
3RS4NWC3,<user> good point.  Does there Immunity require other safeguards &amp; recourse options for their employees. That's interesting point,0.0,0.6666666666666666,1
HFYT42L0,Ohio Lawmakers Want Day Care Kids Vaccinated: Two Ohio lawmakers say they will introduce legislation requiring... <url>,0.0,1.0,1
PRX8HJX5,The outbreaks from measles seem to be similar to our worries about Ebola - not good!,0.0,1.0,1
BM1S1RIZ,Anne Arundel targets raccoons for rabies vaccine: - The Anne Arundel County Department of Health will start… <url>,0.0,1.0,1
Y9ZI8XE3,"<user> this is the paper I'm submitting to colleges when they ask :) my title is ""OutR(N)Ageous"". Measles is an RNA virus. Boom.",0.0,1.0,1
NJ5JDNHH,<user> #Obamacare What remedies available to citizens if harmed due to site hacking? Sue the US gov or not sovereign immunity?,0.0,1.0,1
8386A82E,Measles Confirmed In Oakland County Adult; First Michigan Case Of 2015:  Michigan health officials have confirmed… <url>,0.0,1.0,1
0QQPJ1OU,Chicago-area measles cases put spotlight on day care centers <url>,0.0,1.0,1
YHCGDDYC,.<user> Stop a virulent vocal micro minority from putting our kids at risk! Vigorously support <user> #SB277! #vaccineswork,0.0,0.6666666666666666,1
T1PYV9X8,Germany is battling a measles outbreak that is 10 times worse than the one in the U.S. <url>,0.0,0.6666666666666666,1
E5ZBIYS6,Ummm get your kids vaccinated. Outbreaks of measles and shit,1.0,0.6666666666666666,2
L8ZSA5DJ,2nd measles case reported in Denver area: A man exposed to the measles at a Lone Tree doctor's office is... <url>,0.0,1.0,1
BNGTZ9MB,“<user> This bitch on sc finna get the measles at disneyland ijus seen sumn that said stay away from disneyland”😂😂😂😂😂😂😂😂😂😂😂,0.0,0.6666666666666666,1
4WMYJUCS,"((Cada Dia)) The next face of measles?: ""I am a healthy bouncing baby boy and I could be the next face of measles. I am to young to b...",1.0,0.6666666666666666,2
U2LAU5L5,#LivingTheLife #MMR   @ Many Men City <url>,0.0,1.0,1
0ICX0X6X,I just found out I gotta have a meningitis vaccine before I enroll into school n that mutha fucka is 180,-1.0,0.6666666666666666,0
WXPZ7H3T,It's such a good idea to stop vaccinating your kids....IDIOTS!!!!,1.0,1.0,2
Q39PZBNR,Parents Threaten to Homeschool If California Removes 'Personal Belief Exemption' for Child Vaccines <url> #education,0.0,0.6666666666666666,1
L2YD5P2B,He has a point there RT“<user> <user> Vaccines cause Autism. It's true. You can't win.”,-1.0,1.0,0
Q4LJVMA8,"Our ""hot"" Saturday night spent constructing Ikea furniture. LC still measles free.",0.0,0.6666666666666666,1
PCAC64BO,What do #AntiVaxxers say to 400 kids who die daily from #measles?  Should they be happy no #vaccine access <user> <url>,1.0,1.0,2
388E7E9I,"""Catios"". 😂 #MMR",0.0,1.0,1
7GMFOQGY,"Vaccinate, people! “<user> All 15 Tarrant County #measles cases and five in Denton Co traced to megachurch <url>",1.0,0.6666666666666666,2
WV99YWHR,<user> please do some for health like provide vaccine .......,1.0,1.0,2
JMCJJ8OL,No mmr :O,0.0,1.0,1
2VQNE3EC,"<user> why is everyone making such a big deal out of this. If want the measles don't get the vaccine, if you don't get the vaccine.",0.0,0.6666666666666666,1
LGPTVG2P,NEWS FLASH! We have a measles outbreak in the USA because Obama invited tens of thousands of illegals from Central America to come here! ...,0.0,1.0,1
CXBDOQR1,<user> <user> You mean the vaccines are bringing back Measles.  I didn't contract German Measles for 25 yrs until that vaccine!,-1.0,0.3333333333333333,0
4AUJUYP8,"As anti-vaccine communities grow, measles and whooping cough make a comeback <url>",-1.0,0.3333333333333333,0
DLAUT0ZY,Stop Cancer w/3 shots! Like us on  Facebook. NAPNAP immunizationsig#protect a child's future<user> <user> <user> <user>,1.0,1.0,2
BKBZJ2U9,"Fact: blankets keep you safe at night. We dont know what from, but they are definitely an immunity against something",0.0,1.0,1
4RBXLDWO,CDC Registry (IIS): Manufacturers and Trade Names of Vaccines Update <url>,0.0,1.0,1
OJIEWR86,California lawmakers aim to limit vaccine exemptions <url>,1.0,1.0,2
NWKMRGB6,<user> are the illegals being forced to be vaccinated? They are the source of previously eradicated communicable diseases,1.0,1.0,2
CDEH17AQ,"Health, vaccinations and junk science: <url> #christians #antivax",-1.0,0.6666666666666666,0
GHHUTE2N,"#Ebola With Ebola waning, attention turns to children left unvaccinated against measles ... - Saskatoon StarPhoenix <url>",0.0,0.6666666666666666,1
RFQ34ECW,"Why One Family At The Center Of The Measles Outbreak Is Reconsidering Their Anti-Vax Position
<url>",-1.0,0.3333333333333333,0
GC47XCHF,"Dear <user> do you realize that the British study linking childhood vaccines to autism has been found to be ""an elaborate fraud?""",1.0,1.0,2
QX9KY4P4,<user> nah an idiot is someone who doesn't allow their kids to be vaccinated,1.0,1.0,2
R8IXN3ON,"<user> i had the vaccine when I was a baby but I now have autoimmune ankylosing spondylitis, does that matter? #measles",-1.0,0.6666666666666666,0
6RF49BXV,"Improve mood, energy, immunity, cardio health. 15% kit profit <user> thru 11/11 #Sandy #Donate <url>",0.0,1.0,1
CP8G98D5,A6- my hope is school is a vaccination from standardized everything for individual learners #weirdede,1.0,0.6666666666666666,2
OUIT7SP3,#CDC  announces at NVAC that there are close to 400 #measles cases in US this year.,1.0,0.6666666666666666,2
PKQNDOUG,First ebola scare....now measles...I'm not getting any fool shot.....,-1.0,0.6666666666666666,0
AOKJQKJ5,Let me get off before I keep seeing people insist vaccines cause autism.,1.0,1.0,2
POR7TO2E,Hit me Up #MMR #BBoyEnt #Duplication @ Kennerly Rd <url>,0.0,0.6666666666666666,1
LCYLFN0X,Taking baby girl to get vaccinated. (@ South Branch Pet &amp; Bird Clinic) <url>,1.0,1.0,2
KC6NL1G0,"I'm  late bt still time headed 2take the kids2get their flu vaccines,please all let go of the myths,get tht flu vaccine it's killing people",1.0,1.0,2
MJ3WTBSC,<user> people who don't vaccinate their kids without medically verifiable reason probably shouldn't have any kids.,1.0,1.0,2
AUND1NE9,I feel like I got punched in the arm a thousand times. Stupid whooping cough vaccine. I don't even like babies. #tdap #😷💉🏥🆒👌👍😥,1.0,0.6666666666666666,2
UJF3FYZ8,A3441 [NEW] Eliminates use of vaccines containing mercury over three years. <url>,0.0,0.6666666666666666,1
YDDVP1SB,The Vaccine-Autism Court Document Every American Should Read <url> via <user>,-1.0,0.6666666666666666,0
PXEOA6YU,Gave 2 HepB vaccines to babies today!,1.0,1.0,2
4TBYF9RM,It's goin down 2moro. I'm takin over $2 Tuesdays live at Marjai's. Hosted by #MMR #PopularNobodies… <url>,0.0,1.0,1
RJTO3Q2Q,"Drug testing. TB test. Also, I never had chicken pox as a kid. Wondering if I have an immunity or not. Guess I'll... <url>",0.0,0.6666666666666666,1
P0FYCQPO,Let It Rip Weekend: Civics exam for High School seniors and forced vaccinations for measles?: We debate if parents… <url>,-1.0,0.6666666666666666,0
R9F53JOG,Upside: a kennel cough vaccine is available for the recent outbreak in Chicago. Downside: all those damn autistic dogs.,1.0,0.6666666666666666,2
FU8VWV36,No one kept my babies til they were six month old you gotta let they immunity build up fuck DAT #MyrtleManor,0.0,0.6666666666666666,1
KBS22V6Q,Vaccinate your damn kids or don't fucking have them. Period.,1.0,1.0,2
V3R6OFEK,"‘Vaxxed’: Vaccination critics take their case to film: From Cover-Up to Catastrophe is the documentary that, ... <url>",-1.0,0.6666666666666666,0
XOPL097S,v a c c i n e s 💉 💪✅ #lastshots #vaccines #auch #africa #happy #awesomeness @ Passport Health LA <url>,1.0,1.0,2
2ZKZKPAV,"""<user> Children can avoid getting forced vaccinated in schools by declaring it's against their religious beliefs."" 
I do it yearly",-1.0,1.0,0
BFIWIV7C,"On average, people who complain live longer -- Releasing this tension increases immunity and boosts their health.” <user>",0.0,1.0,1
G23VWSBO,"FACT: Diarrheal diseases kill more children than #AIDS, #malaria &amp; measles combined: <url> #ChooseToInvest <user>",-1.0,0.3333333333333333,0
7BAN2X9R,"Amazing! <user> Of course they are. Anti-vaccine megachurch hit with measles epidemic, now offering vaccinations.  <url>",1.0,0.6666666666666666,2
XRH1Z84N,<user> They get mom's passive immunity through breast milk. Only temporary. Immune system of infant matures,0.0,1.0,1
U2CE8Y3O,How many kids have to get measles before Jenny Mccarthy gets locked up ?,1.0,1.0,2
3PPJS94K,unfortunately the only way ppl r going 2 realize vaccines r necessary is if children &amp; adults start dying from preventable diseases... again,1.0,1.0,2
UA9XKAHJ,View from the boardroom. #likeaboss #mmr @ Columbia Tower Club <url>,0.0,1.0,1
OK4ZZYHY,"5 ways to boost immunity naturally: With the number of flu cases spreading across the country, a health and fitness... <url>",0.0,1.0,1
URJFARJX,LA County Offers Free Hepatitis A Vaccines: The Los Angeles County Department of Public Health was offering free... <url>,1.0,0.6666666666666666,2
KE6GC142,#BanCalifornia Some of those moms love measles effect. <user>,0.0,0.6666666666666666,1
CQWQAMIC,1st confirmed U.S. measles death since 2003 shows victim was likely exposed to virus at Port Angeles tribal clinic <url>,0.0,1.0,1
4M3ND9L9,"“<user> 17 Reasons Why No One Should Ever Vaccinate Their Kids
<url> gotta love sarcasm 💉💉💉",-1.0,0.6666666666666666,0
I0PO6LGR,"I mean, is the notion of having an autistic child so awful that one would be willing to risk them DYING of a vaccine-preventable illness?",1.0,1.0,2
XM85TOEY,AP Exclusive: Private school vaccine opt-outs rise <url>,0.0,1.0,1
LM3SAOFO,<user> <user> measles has been airborne for centuries. All it takes is one infected person to spread.,0.0,1.0,1
XEHXA2FY,Just heard a lady talking about how she doesn't want to vaccinate her child. I'm going to just assume she's the dumbest person I've ever met,1.0,1.0,2
IE4H5MCB,<user> we should send them all our <user> funds and maybe god'll give us a million $ to vaccinate children.,1.0,1.0,2
HYGL68YZ,"I think the new Price is Right slogan should be ""Folks, help control the disease population, have your kids vaccinated""",1.0,1.0,2
TIFEY8DF,"The measles outbreak. ""It's a small world afterall""",0.0,1.0,1
YNEFGANV,"Ultrasounds RT“<user> I AM NOT SAYING vaccines and the pill cause Autism. trying to find a cause, you look for  different movers”",0.0,1.0,1
7YY4RT28,Measles Outbreak Expands Into San Bernardino County <url>,0.0,1.0,1
KT0XOUEG,Chicago officials offer free meningitis vaccines: Chicago Department of Public Health leaders continue to push… <url>,0.0,0.6666666666666666,1
R5G16TN1,Should my child get the measles vaccine? -  <url>,0.0,1.0,1
54PSIWOC,".<user> I do think that vaccines are a good idea. I've been vaccinated, my kids have been vaccinated... #RebootCongress",1.0,1.0,2
55UNUZ3N,"ladies, i just got my MMR, Hep A, and Typhoid vaccinations... let's get the party started!",1.0,1.0,2
ZU3PQX39,Disneyland is riddled with measles <url> via <user> #BOYCOTTDISNEYLAND,1.0,0.6666666666666666,2
C5GLMSAA,"<user>   When I was a kid, if you didn't have vaccination records, you didn't go to school. What happened to that notion?",1.0,0.6666666666666666,2
JGOO8W6U,"<user> <user> allow me to interrupt rq, Vaccines in no way shape or form are related to autism. <url>",1.0,1.0,2
BBGYXP48,AIDS N : MMR Vaccination May Not Be Reliable in HIV+ Children <url>,0.0,0.6666666666666666,1
X0OQ27WF,If my kid gets measles or some shit bc y'all crazy bitches aren't vaccinating your kids I swear to god I'm coming after you.,1.0,1.0,2
LG8Q7LDO,"Parents who refuse to vaccinate their kids for measles! What do you think?
720 tomorrow.<user> <user>",1.0,0.6666666666666666,2
35FNMDZ2,"Measles cases in US in 2014 - 644. In 2015, 102 cases so far. 0 deaths. Why R u encouraging false hysteria, .<user> #CDCwhistleblower",-1.0,0.6666666666666666,0
O68YEGCT,"Does ""provide for the common defense"" include preventing measles and whooping cough? #notaconstitutionalscholar",0.0,0.6666666666666666,1
RVWZVBOY,<user> OMG did you see the upcoming episode about the two babies dying from allergic reaction from Immunizations ?? #DrPhil,-1.0,0.6666666666666666,0
809Y6HUD,Immunization requirements for 2013-2014 school year released: The Indiana State Department of Health has published... <url>,0.0,1.0,1
7F3AAFND,<user> aww my baby and I are both sick so we can enjoy each others immunity lol,0.0,0.6666666666666666,1
GSMEDVHP,"“<user> 627 Africans die of Ebola, the world says there is no cure. 2 Americans fall ill of the same disease, a vaccine pops up”",0.0,0.6666666666666666,1
UYWTAU1T,“<user> <user> <user>  <user> ” there hasn't been mercury in vaccines in more than 13 years.,1.0,1.0,2
85O4DJYB,Babies get all kinds of immunization shots.  it is a shame they don't have one to keep them from becoming teenagers with an attitude.,1.0,1.0,2
AFBVGR1W,Passaic High School Will Provide Vaccinations After Confirmed Case Of Hepatitis A: Teachers and employees at… <url>,0.0,0.6666666666666666,1
OCT5BMKD,Soooooo I just got told that sex gives you cancer and measles !!! Ahaha,0.0,1.0,1
ALFT8211,"Concerning . . .""<user> 5 babies who attend a daycare in Chicago have been diagnosed with the measles: <url>",0.0,1.0,1
TLGUAE4Y,Access to Fitchburg school is limited amid measles scare -Worcester Telegram <url> #SouthFitchburg #MA,0.0,1.0,1
FXKEETSB,"All i wanted was an opportunity, a bad nigga, &amp; some immunity; to keep a youngin' safe from the snakes..",0.0,1.0,1
OU5LMYGO,"Grabbin tht Taylor Allderdice, Maad Kid, Black Album, The Documentary, The Massacre, Diplomatic Immunity, Urban Legend,The B Coming on vinyl",0.0,1.0,1
0A6YQ85K,"<user> also SEX ALERT ! Now that I have your attention, please vaccinate your kids",1.0,1.0,2
SOKEF85R,Unleash your inner ThunderCat madhatterdc #mmr #thundera #thundercats #td4w #tbt #top40 #mummra… <url>,0.0,1.0,1
NUJ146VW,"Sigh, just vaccinate. ""<user> 'Measles parties' a bad idea, California public health officials warn
<url>",1.0,1.0,2
YKGSR866,Learning about theory of  immunity to change (Bob Kagan)  Challenging to face our role in the mess. #dscn,0.0,1.0,1
WHEIMM1M,"<user> <user> k viene siendo..measles, mumps, o rubella?",0.0,1.0,1
3BMP2OMZ,<user> haha good :D and idk yet maybe 4 (: ! #11 do yuu like mmr.lane ?! Crushh ? (x,0.0,1.0,1
2NOC9XRG,"Why not inject your face with botulism but refuse to vaccinate your kids?? Seriously, why not??! This is America, people! #FREEDOM",1.0,0.6666666666666666,2
39GLUHIQ,<user> <user> It seems I'm prob. the only parent of an autistic child who knows vaccines R safe;don't cause #autism need2educate ppl,1.0,1.0,2
5XPZ28ZL,<user> vaccine truth <url>,0.0,0.6666666666666666,1
9VY8B19E,But go ahead America...listen to the great scientific minds like Jenny McCarthy and avoid getting your children vaccinated #Stupidity,1.0,1.0,2
VA5M16DO,<user> that would make her a liar I believe. And if u think she's not getting some form of immunity I got land 4 sale. Truth.right,0.0,1.0,1
73OT6RM1,<user> measles for everyone!! 😷😷😷😷😷,0.0,1.0,1
5V4DLHU4,Y no eh que yordani sea minimo el principe azul pero por mas feo ese mmr guta lol lol,0.0,1.0,1
8AA8RHJN,"I believe that if you don't vaccinate your kid, doctors shouldn't have to treat them if they get polio or some other dangerous disease.",1.0,1.0,2
JU6Y36TQ,I won't but I could fill my feed with case after case of families who believe their children were harmed or died from vaccine injury.,-1.0,0.6666666666666666,0
JC04USLS,MMR BBQ to see <user> <user> and <user> with mama dukes 😁 we gon get fucked up 🍸🍻,0.0,1.0,1
337VLJ72,Working out hard doesn't grant you immunity from the harmful things that you put into your body.… <url>,0.0,1.0,1
HGBCEU1V,Common Canine Virus May Lead to New Vaccines for Deadly Human Diseases | <url> 👍,1.0,0.6666666666666666,2
AZ6XBLNX,“<user> These the type of people who don't vaccinate their kids. <url> I work for Apple care😂😂😂😂,1.0,0.6666666666666666,2
O7YGH609,<user> read the before and after stats on measles and vaccinations (1948 baseline). Alarming. I guess things change when you have kids.,1.0,1.0,2
O1XFJCXG,“<user> Take action so women &amp; children worldwide can access vaccines &amp; education. Click to help <url> <user>,1.0,1.0,2
UEUU8SQI,Trying not to get measles. #Disneyland #SuperBowlSunday,0.0,0.6666666666666666,1
E5S7SXUL,“<user> How Can it be About the Money? #Immunizations are Free! Right? #health #vaccines <url> <user>,1.0,1.0,2
LO9J4C7U,"""<user> Share this tweet, and thank a health worker for this amazing statistic! #vaccineswork <url>",1.0,1.0,2
31NLZEXX,"Timing matters, <user> In 2008, the infamous vaccination / autism study had yet to be debunked. <url>",1.0,1.0,2
NISU0YZY,Hi Hi <user> Measles outbreak in Michigan but Michigan Court has threatened me with jail time if I vaccinate daughters. Insane!,1.0,1.0,2
N7A7EOSF,“<user> Barack Obama urges vaccinations <url> RT  now no Repubs will vaccinate their children 😷,1.0,1.0,2
ACT6P9OW,"I love that the news about the newest vaccine study is basically ""Yeah vaccines STILL don't cause autism""",1.0,0.6666666666666666,2
XTCOUQR7,My baby got his 4 months old vaccinations today. He's a sleepy lil man now. #precious #baby #ouch… <url>,1.0,1.0,2
G7AQ5UTW,<user> We should be informed if any vaccine contains cells/DNA from aborted babies. No medical advances from #abortion. #prolife,0.0,0.6666666666666666,1
I6PFU9AU,I suggest the <user> get a new round of MMR shots. This mumps in the NHL problem is out of control.,1.0,0.6666666666666666,2
1OS5DHXG,"I don't like fakes, cheats and liars. So if I trust you enough to consider you an immunity to my fears, you're probably in deeper than deep.",0.0,1.0,1
H4IYT5IX,"Yet again, your kid can't get Autism from being vaccinated, but they CAN die of several diseases that are easily contactable &amp; preventable.",1.0,1.0,2
CWT9C4HX,<user> LMFAO children get ur vaccines before you catch THESE HANDS 😭😭😂😂😂😭😩😩😩,1.0,0.6666666666666666,2
IZ2GTE00,Why is a measles outbreak a surprise? The flood of unvacinated illegals #Obama invited to stay here absolutely guaranteed spread of disease.,1.0,1.0,2
C1JJO6OA,“<user> Reminder: There are vaccines for diseases much more contagious than Ebola. <url> <url>,1.0,0.6666666666666666,2
J09QXF5R,"<user> <user> 13 in orange County,CA come down w/Measles. All but 1 were vaccinated. Vaccine fail!",-1.0,1.0,0
AMMANIMQ,nintendo still thoroughly convinced they can have a competitive game with no mmr settings or rule voting,0.0,1.0,1
XC3U2TRI,<user> <user> <user> <user> so why do U cover up #autism-#vaccines link? Why R U shilling?,0.0,0.6666666666666666,1
DVEF4AMH,I knew I wasn't meant for bronze. My MMR shows it.,0.0,0.6666666666666666,1
B40I4G3U,Children's Museum of Houston to Offer Free Vaccinations <url>,0.0,1.0,1
M4GB4LZH,I have a right 2 b safe. Vaccinate,1.0,0.6666666666666666,2
NDCKAO1U,I either have measles or I died idk send snacks pls,0.0,1.0,1
R6A6CXK5,"<user> or ya know, if that research was fraudulent (Andrew Wakefield).",-1.0,0.6666666666666666,0
KAHIDPB5,<user> <user> <user> <user> <user> Breastfeed as long as  ucan &amp; VACCINATE your kids. Dead diseases aren't really dead,1.0,1.0,2
EL0ICZOD,<user> <user> can/should vaccines be considered your entry fee to society as well? What about entry fee to public schools?,1.0,1.0,2
6QHISXW8,#vaccinations do your research from actual medical journals! Andrew Wakefield is a moron &amp; skewed his results! #Fact <url>,1.0,1.0,2
EM7L6O82,My bf has the measles!!!,0.0,1.0,1
63LTIM9O,RT <user> #NIH halts #HIV vaccine trial. <url> #LGBT #Gay #GayHealth #Health #AIDS,0.0,0.6666666666666666,1
BVK9RMKC,"What's awful is there are researchers working to cure Alzheimer's, cancer, ALS. Now do they have to stop to find a cure for measles",1.0,0.6666666666666666,2
255N6OVG,"Earth to people: #Vaccinate your kids. “<user> As #measles spreads, so does anxiety <url> <url>",1.0,1.0,2
H2LH43FK,"""<user> North #measles outbreak 'serious' <url> #healthcare",0.0,1.0,1
PC2H4E7J,"So my youngest did his first 2 shots on st pattys day and he's only 4...

Measles mumps and rubella &amp; polio/tetnas 

You thot I meant booze",0.0,0.6666666666666666,1
HZHOF7EN,"So, Glenn Beck, we should hurt our children just to avoid complying with (non-existent) dictates of evil government""? #mtp #vaccinations",1.0,1.0,2
E2IOSETG,Parents in California are now required to vaccinate their children before they can go to school <url>,1.0,1.0,2
BOERWPHM,"""<user> 5 kids died of flu last season in MA. All were under-immunized; . GET YOUR FLU SHOT.""",1.0,0.6666666666666666,2
LLA8V5PB,"I learned abt quarantine when I was 7 yrs &amp; couldn't go up to a house to Trick or Treat because there was a sign  ""Quarantined - Measles"".",0.0,1.0,1
TC0237Z5,"These primitive cultures had  &lt;1 % tooth decay &amp; never heard of a tooth brush.. disease free, strong immunity  tribes <url>",0.0,0.6666666666666666,1
D1VG2KWL,"a girl in health today asked ""if i get a vaccine shot thing then like it's gonna give me the disease right""",0.0,0.6666666666666666,1
S0LCQA4A,"<user> I'll listen to you, measles:)",0.0,1.0,1
EYXLTH8V,Least surprising headline ever “<user> Disneyland measles outbreak linked to places with low vaccination rates <url>,0.0,0.6666666666666666,1
B24MOFLV,"<url> ""Vaccine"" (autistic kids get in free) #leanux15 <url>",-1.0,1.0,0
DC47GTUC,<user> <user> This is what happens when parents refuse to vaccinate their children!,1.0,1.0,2
K7Y6EPV8,"Vlasic not feeling well.
A Vlasic with the measles or Ebola is better than a healthy Scott Hannan.",0.0,1.0,1
UHISBYFW,"MT <user> New #Vaccination Bill Would End Exemptions 4Personal, Religious ... <url> Via <user> <url>",0.0,1.0,1
R6W21TUY,"If you don't vaccinate your kids, don't tell me this. Otherwise I'll find ways to put little bits of poop in your food as often as possible.",1.0,1.0,2
EH5V27LC,Better get your kids vaccinated so they don't catch these hands,1.0,1.0,2
UUJN5FN5,<user> A child can have a lethal reaction to a vaccine. This was Bachmann at her human best.,-1.0,1.0,0
WMB7R9UP,Two New Measles Cases Reported in Ventura County: A warning has been issued after two more measles cases were… <url>,0.0,0.6666666666666666,1
5NNOIQCE,Link in Bio For Tix #MMR #BBoyEnt #aftonshows #liveperformance #OneNightOneMicOneCity @ Columba Sc. <url>,0.0,1.0,1
FNGWTN0A,CDC urges all Americans to get flu vaccine <url> via <url>,1.0,0.6666666666666666,2
L9O3619K,Make sure you cop that <user> #MoneyAndViolenceMixtape out right now!!!!!! #ManyMenRecords #MMR… <url>,0.0,1.0,1
749HUGXG,Cause 2night is the Night... #EazyBash #BlackOnBlack #Erything #ItsShowTime #Venue #MMR… <url>,0.0,1.0,1
CY8ABYDV,"""<user> 70% of world’s unimmunized children live in just 12 countries. via <user> #vaccineswork <url>",1.0,0.6666666666666666,2
U69BNUOA,Remember when you got the vaccines 1day before school? DON'T WAIT 2 #RegistertoVote <url> <url>,1.0,0.6666666666666666,2
OLMNEBXL,"<user> have to scare the masses into getting more costly ,big pharmaceutical backed vaccines that will end up harming more than helping",-1.0,1.0,0
RDSKSDMJ,Listening to the baby Lee's sing along to the Vaccines in the backseat. <user>,0.0,1.0,1
6QZPPNYQ,"I am not a bad parent because my child IS vaccinated, my child is NOT breastfed, my child does NOT eat organic! He is JUST FINE!!",1.0,0.6666666666666666,2
N5I0YJIU,<user> trying. I've seen reports of doctors ripping the infant out of the mothers arms to vaccinate even tho at the request to not,-1.0,1.0,0
4BWG3QKL,the news makes me so disappointed. why are you talking about people falling off skate boards? why not talk about the measles in Disneyland?,0.0,1.0,1
L7DJ9NXE,"<user> ""Gosh- I really hope I don't get the measles."" Me- ""Ummm- you were vaccinated."" Kinsey- ""Oh good."" 😜💉✔️",1.0,0.6666666666666666,2
JH1WBBT3,"VACCINATE YOUR KIDS! #Soapbox

“<user> Chicago-area measles cases put spotlight on day care centers <url>",0.0,0.6666666666666666,1
XJUNIZDY,<user> sounds like measles or chicken pox,0.0,1.0,1
KTVGZLUH,"Because mapmyrun stinks, I am only pretty sure I did my 9 miles around Lake A &amp; College Park this morning. MMR says almost 12 miles. #IWish",0.0,1.0,1
A7U4PCRA,<user> since we where kids the amount of vaccinations have doubled. Many people believe in its tries to Autism.,-1.0,0.3333333333333333,0
OID1QBJY,Mmr,0.0,0.6666666666666666,1
8P51VN1A,Just took advantage of the free children's immunizations that Thurston County gives each year. This is the way to go.,1.0,1.0,2
Q3LQDDJJ,The first cunt of 2014!!! RT <user> Happy New Year to <user> who perpetuates lies about immunization!,1.0,0.6666666666666666,2
Q2FNR27Z,1st Adult Flu-Related Death Reported In Dallas County: A patient receives a flu vaccine. (credit: FRED... <url>,1.0,0.6666666666666666,2
F6MJNX8A,"Senior pinning pictures tomorrow, so naturally my face looks like I have measles. Their photoshop better be on point 👍",0.0,1.0,1
8FHQX543,like no one gets measles,0.0,1.0,1
J4PU5WZI,Shots! 😣#Vaccinations @ Community Health Center of Central Wyoming <url>,1.0,0.6666666666666666,2
RNP8LUNQ,<user> simple about kids not getting vaccinated. Just don't let them into schools and daycare. Just like if you board dogs!,1.0,1.0,2
ROSP5057,"#dfabhistory2day: 2/23/1954. A group of children from Pittsburgh, PA receive 1st injections of new polio vaccine developed by Dr. Jonas Salk",1.0,0.6666666666666666,2
YPROXDHE,"I'm never going to go back to Disneyland.
#measles",0.0,1.0,1
LNBG3GCZ,#CNNTeaParty not that I agree with Rick Perry's mandated shots but what is the difference between that and required vaccines 4 infants,1.0,0.6666666666666666,2
PNPIT1K0,<user> this topic makes me scared to bring kids into modern society. Time to start looking for private schools who mandate vaccines.,1.0,1.0,2
LNRSO57T,<user> Measles makes the common cold look like a pussy for how contagious it is.,0.0,0.6666666666666666,1
Q1BFY513,Proof: Measles Outbreak Causesd By Measles Shot: <url>,-1.0,1.0,0
F3COA8JK,<user> is your polio vaccinated against children,0.0,0.6666666666666666,1
JPXEX4V2,Sell guns in Walmart and don't vaccinate your kids against pertussis. Good strategy to go extinct.,1.0,1.0,2
X6YLOP8Q,: NEW {MUSIC} from #MMR Jennifair - Crack produced by DrumMage! <user> <url>,0.0,1.0,1
LRJP3MI0,"<user> <user> maybe but pretty sure measles vax does not scar FYI my ph.d. is not in medicine, biology or public health #IamNotanExpert",1.0,1.0,2
VFJ51M62,All of my babies. 💞 At the vet for check up and Leia's first set of vaccines. 🐕😺😘 <url>,0.0,0.6666666666666666,1
CE76NRXA,"Deciding to vaccinate your child for communicable diseases is not a personal choice it's a social responsibility. 
GW",1.0,1.0,2
UR48VF6W,"I'm not obsessed w Ebola, just following an outbreak of world's deadliest disease that has no vaccine, no cure, &amp; up to 90% death rate.",1.0,0.6666666666666666,2
CZKCU0CI,The All mighty (MMR) Music Money Records,0.0,1.0,1
Z4ER6SQ8,#truthbomb #VaccinateYourKids <url>,1.0,0.6666666666666666,2
TEH8HB20,<user> Are you for saving children's lives? I hope so. Tell me when I see you Wednesday. <user> #vaccineswork,1.0,1.0,2
CP8X0J4W,"Republicans put political spin on almost everything. It appears most believe vaccines cause autism whn in fact, there's no evidence..",1.0,1.0,2
U6GW2KS4,So why does everyone have the measles all of a sudden,0.0,0.6666666666666666,1
53FMM3C5,Omaha Jackrabbit 2014 #nebraska #gravel #mmr #teamdundee @ Herman Park <url>,0.0,1.0,1
WHCFYV6G,Notice they don't mention if people who have it are vaccinated! OC High School Sends Non-Vaccinated Students Home. <url>,0.0,1.0,1
SF1L1QLH,<user> <user> Parents who do not have their kids vaccinated should be arrested for child abuse.,1.0,1.0,2
D8XCZPLH,12 dog diseases you can prevent with vaccination and deworming.... <url>,1.0,0.6666666666666666,2
H6OMTRDA,“<user> Dr. Schuchat <user> on concerns parents have about  #measles vaccine. <url> -Shame on those parents,1.0,0.6666666666666666,2
EDDE71IS,1$ Mug Fool <user> #Anonymous #VforVendeta #mmr #mixmasterrod #madhat @ MixMasterRod's Upstairs Lounge <url>,0.0,1.0,1
CCW2XUMM,"People believe what they want to believe
When it makes no sense at all - J. Mellencamp - Vaccinate your kids!",1.0,1.0,2
9TY6IT99,<user> vaccine truth: <url>,-1.0,0.3333333333333333,0
X5MIOBO4,Study: Vaccination against measles may have other benefits: New research suggests the measles shot comes with a… <url>,1.0,1.0,2
0SMISNSV,<user> The salmonella outbreak in Texas has a drug resistant strand. That's scary &amp; it won't be long til shit like measles mutates.,0.0,0.6666666666666666,1
2OGWZTSF,Georgia health officials: 230 exposed to infant with measles: Georgia public health officials have identified 230… <url>,0.0,1.0,1
JUWVJ04Z,"people, get vaccinated. vaccines do not cause autism &amp;i'm really not trying to get sick *end rant*",1.0,1.0,2
NKLNZ8FY,Really? Person had NO clue what measles was. U can guess where I won't go 4 vaca. ;-),0.0,0.6666666666666666,1
IWKX8GSO,"SB30 [Update] In child protective services, further providing for definitions, for immunity from liability, for e... <url>",0.0,0.6666666666666666,1
OUMKBR35,PSA: vaccinate your children,1.0,1.0,2
027GNB7V,"Before her immunization this kiddo asked me ""how many calories are in that shot?"" Seriously? What ever happened to a carefree childhood?",1.0,1.0,2
5BDRFHHL,"“<user> On average, people who complain live longer -- Releasing this tension increases immunity and boosts their health.” <user>",0.0,1.0,1
0FNNRHOR,"Expert Q&amp;A: Childhood Vaccine Safety: WebMD Health NewsBy Kathleen DohenyReviewed by Jennifer Shu, MDFor parents,... <url>",0.0,0.6666666666666666,1
TGI3SGVO,<user> I think duo is fine unless there’s a hard stat saying that duo’s win a overwhelmingly higher % but that could be fixed w/ MMR,0.0,0.6666666666666666,1
QR2OHD31,"<user> which can make the penis less sensitive. Just as vaccines don't cause Autism, always blame something else <user>",1.0,0.6666666666666666,2
M2VPBP7R,The Ugly Truth About Vaccines Is Coming To Light In New Developments <url> via <user>,-1.0,1.0,0
KA2DH3CR,Tenth measles case confirmed in Tarrant County: Disease exerts have traced some of the North Texas measles cases... <url>,0.0,1.0,1
O1BCIN9X,Vince Young says stay in the game to the end--graduate! Get your kids vaccinated! #kicktheflu #e3alliance <url>,1.0,0.6666666666666666,2
2LRU8AHC,<url> Florida Congressman Bill Posey to investigate #CDCwhistleblower study that was falsified. #Vaccines do cause #Autism.,0.0,0.6666666666666666,1
I8Y2N3X2,"Study of more than 95,000 kids finds no link between MMR vaccine and autism <url>",1.0,1.0,2
QSVRKSRD,<user> The HIB vaccine alone has virtually eliminated the huge death rate in infants of bacterial meningitis. All of us caring 4 infants,1.0,1.0,2
AJMXRHXU,"""<user> <user> Is that Elmo or  pharmaceutical company?""Good question.We can only hope push for #vaccinations isn't greed based",0.0,0.6666666666666666,1
AI5VY2D9,United we stand on behalf of all the vaccine injured #BigPharma  #CDC #truth prevails #justice will be served  #CDCwhistleblower,-1.0,1.0,0
748AJ4NN,Autism in 1975 1 in every 3000 kids. Now 1 in 68. Dozens of vaccines before the development of a child's body knows how to process. Scary.,-1.0,1.0,0
0D8AA50W,AM-News : Potential HIV Vaccine to Begin Preclinical Trial at Texas Biomedical Research Institute: The CDC... <url>,0.0,1.0,1
A4LCXIS5,"Cole world, the new Nat King. if I ain't the illest nigga I'm his new vaccine. Really like more poison when this New Jack Swing",0.0,1.0,1
4ZB2C6C1,"“<user> Politicians are weighing in on the #measles vaccine debate, but should they? <url> Don't Encourage Them!",-1.0,0.3333333333333333,0
2V9TTSAI,<user> #GOP STOP blaming #Immigrants first #Ebola now #measles Which diseases?brought their ancestors?#AINF <url>,0.0,1.0,1
0K4SDA0C,<user> get checked out!! They carry disease and infections... many people aren't vaccinated. Good luck,1.0,1.0,2
J72UM73Q,"AJR95 [Enroll] Designates August of each year as ""Adult Vaccine Preventable Disease Awareness and Improvement Mon... <url>",1.0,0.6666666666666666,2
D9H1YOYX,"Whaaat?! MT Vaccines should not be required for kids, say 41% of U.S. 18-29 year olds
<url> <url> #stupid",-1.0,0.3333333333333333,0
Y6649M3N,"Review of 20,000 scientific studies on childhood vaccines concludes vaccines are safe, kids should get them. Period. <url>",1.0,1.0,2
8OF0FHKG,“<user> The doctor who claimed there was a link between vaccination's and autism got his doctoral license revoked.” <user>,1.0,1.0,2
D1QJSVQB,Were you at Sea-Tac Airport Jan. 18? You may have been exposed to measles: SEATTLE — Public health officials said... <url>,0.0,1.0,1
VKQRLWP2,<user> <user> <user> can we sell cattle vaccines to little children too?,0.0,0.6666666666666666,1
KS9WUVEC,"“<user> Comic that explains history behind MMR vac. news. <url> The pic of McCarthy kind of pissed me off, but...",0.0,0.6666666666666666,1
LKGIRP4P,"Measles in NY, Quebec. Only a matter of time Vermont",0.0,1.0,1
69L4AX6A,MT <user> 51 cases &amp; counting. #Measles outbreak spreading beyond Disneyland visitors... <url> <url>,0.0,1.0,1
65NNFTJT,"#stopchildabuse vaccinate your children &amp; circumcise your sons, it's neglect to ignore the science behind prevention #HPV #Whoopingcough",1.0,1.0,2
CD2BODDW,<user> I've read enough! I've witnessed enough!  Tell me how Vaccines are preventing illness when they cause paralyzation?,-1.0,0.6666666666666666,0
VS9DQEJ7,Measles case confirmed at Plano ISD school <url>,0.0,1.0,1
Q1W7BYZZ,<user> <user> I will use small words that maybe you can understand. Jenny has a son who after receiving his vaccine has autism,1.0,0.6666666666666666,2
XM02Z5GN,"I'm all for living healthy and fighting against GMOs etc, but vaccinating your children shouldn't be optional. <url>",1.0,1.0,2
Q3VZ6ZVB,<user> since I'm a diabetic and a heart patient do I need to take the measles vaccine,0.0,0.6666666666666666,1
31X12NZ4,"""<user> Vaccinosis and Autism are the same thing #CDCwhistleblower <url> #hearthiswell",-1.0,1.0,0
IV0OQAG5,"<user> my ""babies"" were vaccinated and have grown up great! Thanks!",1.0,1.0,2
PJWC8DQ7,“<user> Georgia confirms its first #measles case since 2012 - an infant from outside the country <url> nopeee,1.0,1.0,2
NUVKPDV7,Scared of the flu vaccine? Let's see what's really inside it. <url>,1.0,0.6666666666666666,2
PPS3YB3N,...I'll Be Back <user> #mmr #mixmasterrod #dc #dupontcircle #madhatte @ MixMasterRod's Upstairs Lounge <url>,0.0,1.0,1
098URCBP,"<user> Vaccine injuries ARE studied to try to lessen the collateral damage, but stopping vaccination period kills magnitudes more.",1.0,1.0,2
1WXNUXS3,<user> This might be too personal but...please tell me you immunize your kids. This info is vital to whether I continue to idolize U.,1.0,1.0,2
EB11GPOF,Very cool! &quot;<user> $1 Immunizes 10 Children Against Polio <url> via <user>,1.0,1.0,2
V52LC3MX,My mom got a Cactus stuck in her head while walking to MMR library. My daughter could not take it out and had to call 911. Cactus 1 Mom 0,0.0,1.0,1
YN2QHVF0,"Seriously, I question the intelligence and fitness of parents who refuse to vaccinate their kids.",1.0,1.0,2
L6F8DR2Y,"“<user> The Vaccinated Brain
<url> <url> this is why i dont wana bring kids into this world",-1.0,0.6666666666666666,0
3FCHQAOV,"""<user> You should not vaccinate your children unless you are absolutely sure you love them.""",1.0,1.0,2
AEK6ENSF,"""<user> Measles vax can't prevent an outbreak #CDCwhistleblower <url> #VaxTruth <user> <user>",-1.0,0.6666666666666666,0
OCC2IV12,"""The truth is, nobody knows how many vaccine victims there are in America...reactions that have been dismissed ""a coincidence.""Barber Fisher",0.0,0.6666666666666666,1
6STAWHNG,"In high-risk areas of Pakistan, 95% of parents accepted #polio vaccine if offered for children: <url> #endpolio <user>",1.0,0.6666666666666666,2
OO1917SD,<user> there are a bunch of cases of measles now bc ppl think they're doctors! Like be skeptical but look at the research 1st 😒,0.0,1.0,1
G1YALK13,Brain-Damaged Victims of Swine Flu Vaccine Win $63 Million Lawsuit <url> via <user>,-1.0,1.0,0
F5LX5RTH,Some on the right are fine with letting parents decide to vaccinate or not. NOW they are pro choice. How ironic. #measles,1.0,0.6666666666666666,2
6Y3MXVWJ,ermagerd mmr above 1900 <url>,0.0,1.0,1
020KFS9W,"The measles kill!
Vaccinate! It's just not about your children, it's about ALL the children! #vaccineswork <url>",1.0,1.0,2
TNMVPUQR,Maricopa County records its first measles case in the 2016 outbreak. <url>,0.0,1.0,1
K6A6UUEE,"Measles? People are getting measles in Disney Land? Gut instinct is to blame anti-vaxxers, but let me research this a bit first.",0.0,0.6666666666666666,1
MQ50PY9X,Dollar Bud Light Night...<user> #mmr #mixmasterrod #dcdj #dupontcirc  @ MixMasterRod's Upstairs Lounge <url>,0.0,1.0,1
OGF773B5,<user> I'll pull a Kristen bell and not let anyone not vaccinated near my children,1.0,0.6666666666666666,2
G5QKDYCJ,Why are folks panicking over the #measles when we have a #POTUS who is destroying the country?  #Obama,0.0,1.0,1
OS29ZTK1,"Rinderpest, cattle disease, similar 2 measles has been declared by the UN 2 B eradicated from earth. Last wild case was in Kenya buffalo '01",0.0,1.0,1
XX1V4WMD,Measles express (@ Montgomery St. BART Station w/ 2 others) [pic]: <url>,0.0,1.0,1
UH8WCL0U,Another Study Finds No Link Between MMR Vaccine and Autism <url>,1.0,1.0,2
Y0TLI5RL,"2:35am 
#knottsberryfarm #disneyland #measles @ The Fortress of Solid Dude <url>",0.0,1.0,1
NBOQKDL6,CDC recommends getting vaccinated: While some of the viruses spreading this season are different from those in the… <url>,1.0,1.0,2
RKK0VM7S,"""<user> CDC considering recommending HPV vaccinations for boys <url> It's only fair!",0.0,0.6666666666666666,1
3HK00VJ2,#wonderfulhumans who r #vaccine #brain damaged get double whammy when parents dont know that creating #selfexpression pathways is critical.,-1.0,0.3333333333333333,0
3PGI15IL,#greenlight...... #MMR #WeTheLabel <user> fame_oliver2xx @ Club Ambition <url>,0.0,1.0,1
V133BGPY,Saying someone who chooses to not vaccinate their kids would rather they die than have autism shows how small minded you truly are,-1.0,0.6666666666666666,0
3RZ6W5QQ,"Wakin up, fighting cervical cancer #lastsession #vaccinations  @ Pacific Coast Women's Health <url>",0.0,0.6666666666666666,1
AMI2ODGH,Finally back in LA and I still can't even go to school. Gotta check if have that dumb vaccine. #retarded,-1.0,0.6666666666666666,0
8FFU5QFB,"REALLY mmr???  We covered 1 of ur banners, cuz its NEXT to our set up n u gotta throw a hissy fit??  Get over it!!",0.0,1.0,1
ZUWYEO19,it's getting close to flu season! Make sure your loved ones at risk of complications get vaccinated <url> #vaccinate,1.0,1.0,2
L2OF97GS,"“<user> RT  Parents are you ok with someone vaccinating your kids w/o u knowing?  Watch this. 
<url>",-1.0,0.6666666666666666,0
7A78OWAL,Smurf got 4167 mmr last night! 0_0,0.0,1.0,1
VAF1A5OO,Beer &amp; Beer Accessories madhatterdc #mmr #mikejudge #hankhill #kingofthehill #bobby #boomhauer #bill… <url>,0.0,1.0,1
4BRFWOTX,"Elgin Community College student among confirmed cases of measles: ELGIN, Ill — An Elgin Community College student… <url>",0.0,1.0,1
0H0RYV0O,"Immunization (@ Florida Department of Health, Sarasota County Health Department, North Port Health Center - <user> <url>",0.0,0.6666666666666666,1
JL9A5DTV,<user> I believe it. I'm not knocking it... Just don't like taking the risk. Risk/Reward have you seen measles? 😟,0.0,0.6666666666666666,1
RL6AD3HB,Will Bey &amp; Jay Z vaccinate Blue Ivy? Top 5 reasons why Kim K &amp; Kayne might vaccinate their baby. #scicomm whoring lol,1.0,0.6666666666666666,2
JVREY85O,"14th case of measles confirmed in Illinois: PALATINE, Ill. — One more measles case has been linked to a day care… <url>",0.0,1.0,1
6DNV5HSI,"People freaking out about an Ebola patient coming to UNMC, I worry for you. You should be more afraid of parents not vaccinating their kids.",1.0,1.0,2
K6HUEMFM,From child porn to a measles outbreak &amp; coverup on <user> whoa! #SVUGoesViral #InBarbaWeTrust #getvaccinated,0.0,1.0,1
9V84622R,Day Care businesses to host children's vaccination clinics <url> Most read by neighbors in #Mustang #Sparks,0.0,1.0,1
68BTDX0U,“<user> On average people who complain live longer releasing this tension increases immunity &amp; boosts their health”You're set <user>,0.0,1.0,1
Q4FT1GMN,"Sigh. MT <user> True story. ""I want #Ebola vaccine for my child.""""There isn't one, but we have #flushot""""Don't believe in that""",1.0,0.6666666666666666,2
KX9X75BO,Jennifair bizarre video Paranoia Consumes screen shot. Produced by Drum. #MMR <url> <url>,0.0,1.0,1
T8DRA94B,Red Alert! CDC Vaccine/Autism Coverup Exposed: <url>,-1.0,1.0,0
QOQV11HS,<user> I have to go get vaccinations for college. I'm deathly scared of needles. Therefor I may die.,-1.0,0.3333333333333333,0
YWPWPFIM,"Measles: 13 cases in Bay Area, 92 statewide. Berkeley schools will send unvaccinated kids home if outbreak occurs in classrooms #KTVU",0.0,0.6666666666666666,1
YJFPUF3B,And She's Faded!!! #MMR <user> @ Pulse Gentlemen's Club <url>,0.0,1.0,1
I7EDM6TL,AIDS N : A malaria vaccine in children with HIV <url>,0.0,0.6666666666666666,1
CJPNXU1U,"I know people who don't want to vaccinate themselves/baby. And I'm like, babies get whooping cough straight from the mother &amp; it's fatal.",1.0,1.0,2
0OKMOOLP,Measles Contamination Warning To East Bay Library Visitors: Health officials are warning of a possible threat of… <url>,0.0,1.0,1
9IM6B4VU,"Measles Outbreak in Manhattan, the Bronx; 16 Cases Reported <url> via <user>",0.0,1.0,1
2U7SOWGQ,Where can I get a mmr done by today no appointment,0.0,0.6666666666666666,1
IKY72GY7,better get your kids vaccinated so they don't catch these hands,1.0,1.0,2
EOFYQ6NJ,"Safe Summer Slam 2012!!  Come on down with the whole family. free food, games, entertainment and vaccinations for y... <url>",0.0,0.6666666666666666,1
PQU8M3BV,Vaccinate your kids you monsters,1.0,1.0,2
AYZTN5G0,Cooties Immunization <user> #KidLegislation,0.0,1.0,1
VSH9GWP0,<user> #GOP STOP blaming #Immigrants first #Ebola now #measles Which diseases?brought their ancestors? #AINF <url>,0.0,0.6666666666666666,1
8OJ34ES4,HB2101 [Update] Public finance; Whistleblower Liberty Fund Act; immunity; award of funds; effective date. <url>,0.0,1.0,1
9NVMT7GL,"I seriously don't want to have a child until this ""anti-vaccination"" movement has ended. It's terrifying.",1.0,1.0,2
DCEVGNTG,Thanks to liberal Hollywood whack jobs America's now facing a measles epidemic several cases being reported in Chicago hold them accountable,0.0,0.6666666666666666,1
PW09DRPD,"<user> big red thinks it has game on the eagle, but my two tone paint job gives them bitches measles",0.0,1.0,1
3VXL17SI,On the news: measles outbreak in <user> if you were there last month 🏥,1.0,0.6666666666666666,2
QILPNAGU,SF2136 [Engross] A bill for an act requiring immunization against meningococcal disease for certain students. (F... <url>,0.0,0.6666666666666666,1
A45PL46R,One new measles case announced Monday in Tarrant County: One new measles case in Tarrant County on Monday brought... <url>,0.0,1.0,1
V10D5W0K,<user> Symptoms &amp; a review of of her immunization records. Realized Illinois wasn't doing TdaP booster in 2009.,1.0,0.6666666666666666,2
9D7K4021,I bet our culture and society do more to induce autism than what some people claim vaccines do.,1.0,0.6666666666666666,2
H3J2WPZ4,<user> I’ll get measles with you tomorrow no worries,0.0,1.0,1
1BKQUA2P,Huck bout to kill lil sue lol #Scandal #Immunity,0.0,1.0,1
H5OB3XY4,San Antonio to host research conference on infectious disease and vaccine development: The Vaccine Development… <url>,0.0,0.6666666666666666,1
PIE4FR7M,New Bill in California Would Abolish All Vaccine Exemptions Except for Medical Reasons: The proposed measure would… <url>,0.0,1.0,1
EBECC1XU,Measles parties?!! Just what are we going to have next California? Clap Clubs?  Herpies Hoedowns?,0.0,0.6666666666666666,1
EN9W686K,<user> Why is no one exploring the invasion of illegal kids this past summer with the rise of measles?,0.0,0.6666666666666666,1
PJI507G5,"Dear #AntiVaxxer as someone who grew up/has a brother w/autism, GET YOUR KIDS VACCINATED! Vaccines do not cause autism. #shutupandvaccinate",1.0,0.6666666666666666,2
ZJQ5TDJN,"NYTimes: Fear of Vaccines Goes Viral
<url>",-1.0,0.6666666666666666,0
3DQ1VBHV,First case of measles reported in Massachusetts: The first case of measles has been confirmed in Massachusetts this… <url>,0.0,1.0,1
TR9MJW7J,<user> but I have higher mmr than some in our matches but I'm always last and he is always first. Idk was just weird.,0.0,1.0,1
7CPM3FKN,"<url> hello just spreading awareness, don't EVER be one of those people that doesn't get your kids vaccinated",1.0,1.0,2
18Z25SU1,"""<user> Would you have one of your fingers surgically removed if it guaranteed immunity from all major diseases?""damn riqht",1.0,1.0,2
DSH5EFVW,<user> <user> and how it crosses the Blood Brain Barrier to cause encephalitis.  Read the ingredients and side effects of Vaccines!,0.0,0.6666666666666666,1
FTTBDITH,But If Ion Get This MMR I Can't Attend Classes,0.0,0.6666666666666666,1
UY7OTTXL,FUCK. MEASLES MADE ITS WAY TO THE EAST COAST #weallfinnadie,0.0,1.0,1
06W9ODUR,As somebody who had a chord transplant less than a year ago. PLEASE VACCINATE YOUR FREAKING KIDS!,1.0,1.0,2
IGW8FY7S,there is almost a direct correlation bw people who are super against GMOs and people who refuse to vaccinate their children,1.0,0.6666666666666666,2
PDIXL3JZ,<user> what about protecting infants? Should people who chose not to vaccinate have lesser access?,1.0,0.6666666666666666,2
9CQXTHVV,AM-News : A TIME'S MEMORY: Efficacy Trial of a DNA/rAd5 HIV-1 Preventive ...: A safe and effective vaccine for... <url>,1.0,0.6666666666666666,2
ZQMHH2ZZ,<user> <user> Baby wants to know if McCarthy is going to try to leech the vaccines out if its blood.,-1.0,0.3333333333333333,0
K09AF161,<user> I have a sis in law that doesn't believe in vaccination.  Her kids have tons of issues.  #whyriskit,1.0,1.0,2
81P300PG,My daughter is getting vaccinated today along with LOTS of other kids. Expect to be here... <url> <url>,1.0,0.6666666666666666,2
UVFPGZZT,<user> <user> And why measles is making a comeback...,0.0,0.6666666666666666,1
XJASA1BQ,<user> Picard is in better health.  Boschbergs vaccination caused Shingles will cause him fatigue,-1.0,0.6666666666666666,0
VYU23RVV,Just got done shooting some photos in Williamsburg w/ this creep <user> #mmr @ Williamsburg <url>,0.0,1.0,1
UGKRYTDZ,"<user>  Flu, vaccines on public's mind after Bay Area deaths <url> (via <user>",0.0,1.0,1
20M3ME93,"Austin can't be indicted in the case until counter suit is heard. State says immunity was revoked, because he wasn't truthful #HollyBobo",0.0,0.6666666666666666,1
4OZE54Z3,Also this is a thing and my sister refuses to vaccinate because she thinks it's government poison #MyFamily <url>,0.0,0.6666666666666666,1
YMKNU92A,Arizona Cardiologist Responds to Critics Regarding Measles and Vaccines <url> via <user>,0.0,0.6666666666666666,1
X527UC98,"""Sharks have the best immunity to diseases that are known to man and deadly diseases like cancer do not affect them at all.”

I WISHHHHHH",0.0,1.0,1
64YXCCYT,"And when measles and typhoid come back these dipshits want to take your health care away, because freedom",1.0,1.0,2
KLJKHS5G,"Healthy✅“<user> On average, people who complain live longer--Releasing this tension increases immunity and boosts their health.”",0.0,1.0,1
SFBVDKRB,HB91 [Passed] An Act To Amend Title 14 Of The Delaware Code Relating To The Public School Enrollees' Immunizatio... <url>,0.0,1.0,1
FXVYT32L,I want to go to Disneyland but everyone said no coz measles:-/,0.0,1.0,1
TCO9WK8R,Please get vaccinated &amp; vaccinate your children for measles. I almost died at 6 weeks of age from measles contracted from a 6 yr old cousin,1.0,1.0,2
ZSBFMF5S,first Ebola and now measles🙈,0.0,0.6666666666666666,1
IWZNM66O,"Diseases more dangerous than ebola: (All Airborne), Measles, Sars, Mers, TB, Flu, pneumonia, Whooping Cough. There are also non airborne➡➡",0.0,1.0,1
3ZG47PDV,Hanging out with <user> from MMR! @ Dooney's Pub &amp; Restaurant <url>,0.0,1.0,1
6G6N5ISG,People who still listen to Linkin Park probably still don't vaccinate their children,1.0,0.6666666666666666,2
O8D6ENC8,Got that tdap vaccine that is recommended before the birth of a baby and I just want to say OUCH DOGGONIT.,1.0,1.0,2
KOJNAGGX,AIDS N : Why Patients With HIV May Need Additional MMR Immunization <url>,1.0,0.6666666666666666,2
V93Y2QNG,<user> <user> having your kids around kids who aren't vaccinated is risky.,1.0,1.0,2
ZCOZ5W6Y,"MORE - Medical Outreach Response Event at Silver Stage HS. Free health, dental, mental health screenings. + vaccines! <url>",1.0,0.6666666666666666,2
N5BKQNST,Studies show that more children are afflicted w self entitlement than side effects from vaccinations &amp; parents are main cause #vaccinations,1.0,1.0,2
UKWUMYP9,SB28 [Enroll] Require meningococcal immunization for school entry. <url>,0.0,1.0,1
KMQ5KG7Z,I do not understand why any sane adult living with a infant would not get vaccinated for Pertussis. Get a Tdap vaccine. Pleas !!!,1.0,1.0,2
G3JVQ78B,Unleash Your Inner ThunderCat madhatterdc #mmr #dc #dj #lionO #cheetara #snarf #sightbeyondsight… <url>,0.0,1.0,1
BT88LTU0,Iowa school immunization audit report: <url>,0.0,0.6666666666666666,1
S9I2WRCU,“Seattle Kings Of Leon fans may have been exposed to measles <url> They may have also been exposed to terrible music.,0.0,1.0,1
IMXC47EN,"<user>  ""Vaccines do not cause autism We urge that all children be fully vaccinated"" Rob Ring Chief Science Officer, Autism Speaks",1.0,1.0,2
WJBE3IYL,<user> <user> <user> - thanks to Dr Offit for an enlighting talk about measles outbreak at the NJ AAP conference.,0.0,1.0,1
08303TQ2,Also don't forget to fucking immunize your kids you bastards or we're all gonna die from super bugs- the Erie county department of health,1.0,1.0,2
YK72TP01,“<user> BREAKING: Measles confirmed in Jersey City <url> AACK! #VaccinateYourChildren,1.0,0.6666666666666666,2
JILHM46M,"Thank you miss informed people #outbreak #dumbasses
Measles outbreak in Orange County, California worst in decades <url>",1.0,1.0,2
YYHZ16NO,<user> <user> it's the measles,0.0,0.6666666666666666,1
MKA01C09,OMG this flu vaccine is killing me.....nd I miss my big SIS Sooo much I'm all sad thinkin of u always Chicey B. Whitfield #luvumeanit,-1.0,0.3333333333333333,0
1Z5SMVTO,"Measles vaccine doesn’t increase risk for autism, according to study: The vaccine for measles, mumps and rubella… <url>",1.0,0.6666666666666666,2
Q6U7JNJN,<user> maybe you have measles,0.0,1.0,1
Z6EDBAGJ,"""<user> Vaccines carry two risks: a risk of harm and a risk of failure to prevent disease <url> #CDCvax"" <user>",-1.0,1.0,0
EB86B94E,Hmmmm measles outbreak.....I'm sure they checked all those illegals crossing the border to make sure they had their shots..<user>,1.0,0.6666666666666666,2
Y6YNV2MN,"""Vaccinate fat kids."" #ScandaI",1.0,1.0,2
7CG11DU1,Fire at southwest and someone is getting carried out by the MMR from the science building... great day at #svsu,0.0,1.0,1
4EG7BRJU,Gr8 2 know I live n a state #1 in meth labs. Well that makes me feel safe. even better there's bad flu vaccines too? I may as well stay home,-1.0,0.6666666666666666,0
D02HEAED,<user> yeah any parent not getting their kid the proper vaccination are foolish parents.,1.0,0.6666666666666666,2
WZLY8A6F,Jennifair on Trill Radio #SINS EP coming soon. #MMR Paranoia track quickly becoming people favor <url>,0.0,1.0,1
05MZI8J1,The #AMA just voted to end personal belief exemptions to #vaccines. Huzzah: <url> <url>,1.0,0.6666666666666666,2
H4NHIJQW,What's sujoy's MMR? Also why is he so quiet #ti4euhub,0.0,1.0,1
2NIZJ6D0,"Trending this week: To Kill a Mockingbird, measles, Bruce Jenner. Apparently we've all taken a giant Delorean back to 1976",0.0,1.0,1
R38CBAGK,<user> can vaccinated citizens acquire measles or is it just unvaccinated citizens who have acquired it? #Quarantine,0.0,1.0,1
2PIFBRXW,"Flu has not appeared in our area,  but still could.   Get your child vaccinated today.  939-1250",1.0,1.0,2
J80Q12P1,"Takes 14 weeks to clear measles. Measles leads to immune suppression, late  neurologic diseases, immune suppression <user>",0.0,0.6666666666666666,1
2QK6T0YW,It's almost time!!! #RebootNutrition live chat 8pm EST Let's talk #juice #health #WeightLoss #wellness #immunity #veggies <user>,0.0,1.0,1
13XJAF75,Florida Confirms Measles In 2 Unvaccinated Adults: Two cases of measles have been confirmed by the Florida’s… <url>,0.0,0.6666666666666666,1
TOGQ04TS,Taking the baby to her 2 month dr appt for vaccinations (@ Shell NRH) <url>,1.0,1.0,2
ENK6VVKO,First well-child visit in over 2 years. Because she's up to date on vaccines and I am… <url>,1.0,1.0,2
TQZSEZ25,"“<user> Researching into the NYC measles outbreak - brain visualizing articles as a game of 'Pandemic'... ""Tell me about it""",0.0,0.6666666666666666,1
FCDGN2T3,"“On average, people who complain live longer - Releasing this tension increases immunity and boosts their health.” congrats <user>",0.0,1.0,1
DS0H5H7J,"<user>  and it is now people that will not an inoculate their children , and now the measles spreading so badly,",1.0,1.0,2
L1CFHBFE,"Vaccinate your damn kids! Stop endangering your own kid as well as other because of your poor, uneducated decisions!!!",1.0,0.6666666666666666,2
3XUJ3H9K,Remember when you got the vaccines 1day before school? DON'T WAIT 2 #RegistertoVote <url> #Voto2014 <url>,1.0,1.0,2
0WZBPGSQ,"Fact: blankets keep you safe at night. We dont know what from, but they are definitely an immunity against something.",0.0,0.6666666666666666,1
D286HKI9,"‘Measles Parties’ a Bad Idea, California Public Health Officials Warn: California public health officials are… <url>",0.0,1.0,1
FFBNE23M,Haah thankfully for me I was the first case of measles Duluth saw in 50 years when I was 16 months. 💁 no worries now.,0.0,1.0,1
KFMG3MRK,"AIDS N : Large percentage of youth with HIV may lack immunity to measles, mumps, rubella: A new NIH study indicates… <url>",0.0,1.0,1
Y6F7OOW5,"""<user> Genetic analysis of costly cattle disease may aid in vaccine development <url>",0.0,1.0,1
JCBVUNH8,Does anyone have a good (recent?) empirical citation about the importance of childhood immunizations?,0.0,0.6666666666666666,1
06B6XZWA,15 Cases Of Measles Confirmed In LA County <url>,0.0,0.6666666666666666,1
0G2ZG9O9,"If you don't vaccinate your kids because it's trendy &amp; you aren't fully informed, you are putting your child in danger.",1.0,0.6666666666666666,2
YWKN3K9S,"#Ebola Ebola: Affected countries are likely to have a measles outbreak, US researchers ... - Pulse Nigeria <url>",0.0,1.0,1
IYZVEQD4,Couldn't get my schedule cause I'm missing a vaccine. Schools already pissing me off.,0.0,1.0,1
T9RY1XC0,<user> ceh padahal mmr dah 4k,0.0,1.0,1
POKTC9VG,CDC: Lots of adults not getting vaccinations: Since a series of measles outbreaks recently captured the nation's… <url>,0.0,0.6666666666666666,1
I7VGC9H2,((ELB)) Protect Your Family: I was given the vaccine in school as protection from the measles virus that was around in the 60s. The o...,1.0,1.0,2
F124Q0I1,"AM-News : Health Clinic Schedule: September 2014: 17. Lead &amp; Hemoglobin Clinic, same schedule as Immunization... <url>",0.0,1.0,1
JGJWS6AJ,Worried about measles in Arizona? Get blood test: The Disneyland measles outbreak is continuing to spread in… <url>,0.0,0.6666666666666666,1
ZU62XZ3G,I got my flu vaccine today! It's a good idea for you to get one too! #health,1.0,0.6666666666666666,2
K5DX7M0N,Time for her #4month #physical and #immunizations! #checkup #baby #babysalazar #lifeafternicu #preemie… <url>,1.0,1.0,2
8PW9EUNM,"Measles cases linked to Disney Parks swell, spread across U.S. border <url>",0.0,1.0,1
J01LGQKP,"There's a virus that is called ANA and when parents bring their kids to the clinic to get the vaccination they say “we're here for ANA""",0.0,0.6666666666666666,1
T32YKGKC,<user> Childhood vaccination? OSHA? Great question!,-1.0,0.3333333333333333,0
RP0DGLFQ,<user> I feel same way.  I'm very immune compromised right now.  I am terrified of this measles outbreak.,0.0,0.6666666666666666,1
OSZCEW89,Federal court has vindicated #Snowden as a whistleblower. Tell <user> he deserves immunity: <url> via <user>,0.0,1.0,1
5QW8YZ6F,Bacc at it like a jack rabbit..... #OneNiteOneMicOneCity #sessions #mixing #mastering #indie #MMR… <url>,0.0,1.0,1
1IRWQUMT,A169 [NEW] Permits exemption from mandatory immunization for students in writing for any reason. <url>,0.0,0.6666666666666666,1
5U2S8RPI,"""Vaccinate fat kids"" hahahaha 😂😂 #ScandalABC #TGIT <user>",1.0,0.6666666666666666,2
1CH5CSMG,Measles outbreak out of control in Ohio?: The state’s measles cases have spread from north-central Ohio to... <url>,0.0,0.6666666666666666,1
M3AOW4Y4,"“<user> On average, people who complain live longer -- Releasing this tension increases immunity and boosts their health.”",0.0,1.0,1
99JC8YYV,MEANBOY'S FRIDAY NIGHT'S TONK GAME.... #mBs #MMR @ MEANBOY MANSION <url>,0.0,1.0,1
92T403GZ,I motion we change the name to YOU-sles.  #measles #Disneyland #outbreak #vaccine,0.0,1.0,1
H6ADBM2U,"Boyhood, like measles, is one of those complaints man should catch young and have done with, when it comes later, it is apt to be serious.",0.0,1.0,1
EXBMA5N2,Why it's important SWFL families protect their families from the measles virus...I've got the answer coming up in ten minutes. <user>,0.0,1.0,1
G0WNEML0,<user> #GOP STOP blaming #Immigrants first #Ebola now #measles Which diseases?brought their ancestors? #AINF <url>,0.0,1.0,1
R77QMVBP,SB28 [NEW] Require meningococcal immunization for school entry. <url>,0.0,1.0,1
15OFDNT1,"U.S. Media Blackout: Italian Courts Rule #Vaccines Cause #Autism <url>
#UniteBlue #tcot",-1.0,1.0,0
JONKWMJ2,My niggaz so sick got tha Measles Thiz for my Niggaz Trapping in Regals <user>,0.0,0.6666666666666666,1
LZ54JZ7J,“<user> Now we're at 84 cases of measles in 14 states <url> via <user>  arrogance and ignorance at work.,1.0,1.0,2
7NP3LMQ5,<user> 3 billion paid out to vaccine injuries/deaths and that's anecdotal?!,-1.0,1.0,0
JLTWEX4H,My grandson was injured by 18 vaccines he received in 2 visits to the pediatrician when he was 6 mos old. The dr exempted him future shots,-1.0,1.0,0
CG9X6VHB,Law makers need curb the appetite of unprofessional conduct of peace officers than force parents to vaccinate their children. Yes I said it!,0.0,0.6666666666666666,1
MZD9EJ9F,Steven Herzog: This kid beat cancer. Don't make him face measles too. <url> via <user> Please sign this petition.,0.0,1.0,1
902OTBWX,"RT<user> Bill could force TX parents to vaccinate kids
<url> #Vaccines <user> <user> <user>",-1.0,0.3333333333333333,0
NP5LF123,Two more Cook County measles cases bring state total to 13: Two more suburban Cook County children have been… <url>,0.0,1.0,1
BTHC6NPU,"Pediatricians report flu vaccine shortage: If you haven't gotten your child a flu shot, you might be out of luck… <url>",1.0,0.6666666666666666,2
LQB9VWTC,"Give me your measles, bitch.",0.0,1.0,1
2OCZT073,"""I believe that all children ought to be vaccinated."" #JohnBoehner #measles",1.0,1.0,2
3PQ7KBKQ,<user> literally you're killing your child if you don't get them vaccinated. Smfh. Idiots.,1.0,1.0,2
3ER0L589,<user> between not BFing and vaccines these kids are sick pineal blocked,1.0,0.6666666666666666,2
HAMPDSJG,"<user> Yes, so many people are getting the measles now. This is great!🙌",0.0,1.0,1
P7A2KKJW,Second hand <user> vapor cures autism!!!! Ask Jenny McCarthy!!!! #vaccineswork,1.0,1.0,2
4SAJAII0,"Tragic situation in #Somalia puts our ""recession"" into perspective. 600k starving children; dying from diarrhea, measles; no shelter. SMH",0.0,1.0,1
M9YOZDI0,"If my kid can't take a PB&amp;J swich to school, you can't send your unvaccinated, disease spreading kid to school either #VaccineWar",1.0,1.0,2
ALQH1X24,My Official Birthday Celebration 1/30 #WavyBash🏄🌊🌊 <user> ‼️ #Hot97 #MMR #GFBOE #HardestOut… <url>,0.0,1.0,1
I2DLGDYC,"LOOK! #HIV #research - MT ""<user> Reevaluating HIV Vaccine Clinical Trials Policy for Infants <url> HT <user>",0.0,0.6666666666666666,1
OB5XIQZI,"""<user> Please don't let my kid get sick because your goofy ass refuses to vaccinate yours.""👍",1.0,1.0,2
6ZNM04LN,Quarantine follows measles diagnosis in Port Angeles: Clallam County health officials are quarantining unvaccinated… <url>,0.0,0.6666666666666666,1
F4KR7DNM,<user> They prob don't #vaccinate  ppl in #Cuba as much as in #America leading to lower #Cuban #autism rate. <url>,-1.0,1.0,0
J7PL16F8,To be able to fight it off. Some will say its a dead strain if its dead how you build up an immunity nithing for body to fight,0.0,0.6666666666666666,1
DQ6SWD2G,"""<user> Ohio mumps outbreak spreads to 116 <url> immunize your children people!",1.0,0.6666666666666666,2
0ZJEN52P,"Austerity is not a Vaccine to Crisis... It is a Parasite with Pandemic Potential! It Drains Life, Killing Slowly! #OccupyCleveland",0.0,1.0,1
O5ZZJQ7K,Flu shot! Immunity: upgraded. (@ Pattie Groves Health Center) <url>,1.0,0.6666666666666666,2
XWSQ1WKV,#measles. The difference this one he doesn't have the mean to get #vaccines #VaccinateYourKids #MeaslesOutbreak <url>,1.0,0.6666666666666666,2
WN73MQPZ,<user> <user> <user> Injuries &amp; death from #HPV #vaccine Here's 1 article out of many from a simple Google search <url>,-1.0,1.0,0
VKGBTHYN,Thank you .<user> and .<user> for fighting for healthy CA children + for your leadership on #SB277!#VaccinesWork,1.0,1.0,2
BPI3X7HR,<url> Whistle blowing scientists report cdc covered up autism development due to vaccine correlation,-1.0,1.0,0
XWNASOAB,Yolo County offer clinics to meet school requirement for whooping cough immunization <url>,1.0,1.0,2
G845I8Y4,"If vaccinating a child is an ""issue of freedom"" according to Rand Paul, then fuck freedom <url>",1.0,0.6666666666666666,2
SVQHHTU1,<user> Are you the a**hole who gave my niece the #measles ?,1.0,0.6666666666666666,2
6YI2EUX4,This Picture says it all. Stop this Insane Irresponsibility before we let out more Diseases. <user> <url>,1.0,0.6666666666666666,2
YZGPMPG6,<user> measles.,0.0,1.0,1
CX7EX2BU,MMR tonight! You all should come. Caldera on Stark and 61st. At midnight we ride.,0.0,1.0,1
TI6XF26I,Rockland County Health Comm. Highlights How Easily Measles Can Spread <url>,0.0,0.6666666666666666,1
QVOFNHHE,<user> polio is not a major disease in the US because we immunize at such young ages to prevent kids from getting it.,1.0,1.0,2
YVGUOI73,Vaccinating Babies For Rotavirus Protects The Whole Family -  <url>,1.0,1.0,2
JP6Q2IVV,African Nations Celebrate a 55 Percent Drop in Child Mortality Rates Due to Immunization <url>,1.0,1.0,2
DKEFDE3K,Vaccines don’t deliver themselves – so we invest in health systems argues <user>,1.0,0.6666666666666666,2
S0VPKXS3,I *think* I got an adult MMR 3 years ago but will have to wait til tomorrow to call that dic and ask. T may have had one too bc of greencard,0.0,0.6666666666666666,1
O9J25TMG,Un-vaccinated/unexposed mom can't pass antibodies to nursing child!<user> <user>,0.0,1.0,1
L1UDODHW,Possible measles exposure in Bellingham: BELLINGHAM — The Whatcom County Health Department has been notified that... <url>,0.0,1.0,1
E6R3E40X,"“<user> Despite impressive gains made, progress towards #measles elimination remains uneven with some populations still unprotected” #health",1.0,0.6666666666666666,2
DXRG3IUG,"“<user> On average, people who complain live longer --Releasing this tension increases immunity and boosts their health.”I'll live long",0.0,1.0,1
XHF3FZ2R,"Back-to-school can mean vaccines for tweens, teens <url>",1.0,1.0,2
YONXWPO1,“<user> More California parents opting out of vaccinating their kids <url> via <user> Nooooooo! This is bad.,1.0,1.0,2
J4JAL1DM,I had measles as a kid because the vaccine was ineffective the year I got it. It was hellish. Wouldn't wish that on anyone. #Measles2015,0.0,0.6666666666666666,1
E88JJ8X0,"Health Department To Conduct Flu Shot Clinic, School Vaccinations <url> via <url>",1.0,0.6666666666666666,2
SLURHAS3,Fucking sick again. I have the immunity of a new born baby...,0.0,1.0,1
YQHMPQMM,Health Officials Confirm 11th Measles Case in Cook County: Cook County Health Officials on Wednesday confirmed an… <url>,0.0,0.6666666666666666,1
4HM0G20W,Sippin' On Gin &amp; Juice Tonight madhatterdc #snoopdogg #doggystyle #mmr #dj #dc #dupontcircle… <url>,0.0,1.0,1
HB3ZBMXB,Adult flu vaccinations are available for OKCIC patients. Call Public Health or your care team for an appointment. <url>,1.0,1.0,2
F9FF0L0Z,"“<user> Dr. Nancy Snyderman comments on measles outbreak on <user> ""I want parents to be a little afraid.""” There is no exvuse",1.0,1.0,2
RW7Z13E9,"Hello, <user> most people in my age group survived #Measles #Mumps #ChickenPox.",0.0,1.0,1
39MQEG7E,In our story: meet 1 of 7 students who had meningitis at Princeton &amp; find out why the schools giving out an unapproved vaccine <user>,0.0,1.0,1
3CX11513,<user> herd immunity is protecting those who don't vaccinate. Dr Google &lt; real m.d. Risk is so low as millions are saved,-1.0,0.3333333333333333,0
B3O4LJ4K,Measles Case Confirmed In DC <url>,0.0,1.0,1
RHQRUF14,Thank you <user> for mtg with your staff. We look forward to your support of increasing child vaccines <user> #RESULTSconf,1.0,1.0,2
5TQ9GMTR,<user> vaccines doesn't  cause autism!  It happens in the womb &amp; it's a combo of genetics &amp; environment. Please read the research,1.0,1.0,2
8EPPPH94,MT “<user> Parents Protest Calif. Proposal To Do Away With Vaccination Exemptions <url> #NPHW,1.0,0.6666666666666666,2
MV37WE6V,BART Riders Warned About Measles Infection From Contagious Passenger: OAKLAND (CBS SF) – Bay Area Rapid Transit... <url>,0.0,1.0,1
EQZKVS7U,Moms in the developing world are desperate to get their children vaccinated. #vaccineswork #shotatlife,1.0,1.0,2
EHKZ9UWZ,AIDS N : Study: Thousands of Vaccinated Teens Born With HIV Aren't Protected From Measles <url>,0.0,0.6666666666666666,1
6858YUYX,"Please shut up, <user>  you ignorant dumbass. #vaccinations  LOL, what study says #GMO  are harmful? Liberal bullshit. #tcot",1.0,1.0,2
3JZNLHA9,pls don't glare at me after I cough... like I have a sinus infection not measles. swerve bitch✋,0.0,1.0,1
SB9PAAQ1,"<user> omg hahah. Yeah, so far all I've read is that I have the measles.",0.0,1.0,1
FEBMP7P2,"AZ lawmakers react to vaccination debate: The nationwide measles outbreak has sparked new debate over vaccinations,… <url>",0.0,1.0,1
4037U631,"Closing up our vaccination POD w/the help of Mineral Co Health Nurse, Hawthorne FD, SOC FD. [pic]: <url>",1.0,0.6666666666666666,2
FHQB90JD,"<url>
Vaccines bringing death rates from measles from 1.5m/yr to under 300k. Gates' metric for success: lives saved",1.0,1.0,2
FBJLVCR7,<user> <user> my MMR is 4400 in dota2 and I'm plat in league of lameness as of 2014 I'll be on the team with hotties #imamobagod,0.0,1.0,1
8L4Y248F,BPHC: Measles case reported at local hospital: A case of the Measles was reported to the Boston Public Health... <url>,0.0,1.0,1
OM0IM35Z,<user> vaccines lead to injury and death of children on a daily basis in this country. <url>,-1.0,1.0,0
5WTYO17K,"<user> Oh, you haven't seen the latest.  10 year old girl, vaccine side effects state paralyzation can occur.  Google it! Quite sad!",-1.0,1.0,0
MYS44SAC,Maybe #BobCostas has measles? <url>,0.0,1.0,1
1A2PIZVE,<user> Lots of misinformation too. The only vaccine that still has the mercury compound in it (as a preservative) are flu shots. All (1/2),0.0,0.6666666666666666,1
P7CZ246M,Opting Out Of Vaccinations Requires More Paperwork For Parents: Parents in Colorado who don’t want their children… <url>,0.0,1.0,1
J77EKH41,#LoriInLabor bleeding? Zombie baby? Or will it be the cure. An immunity baby:o,0.0,0.6666666666666666,1
4UWICAV6,Five Disneyland Employees Contracted Measles: Health Officials <url>,0.0,0.6666666666666666,1
KNEE8D6K,"<user> <user> <user> <user> when I get back from NYC, Ian better be 1500 MMR",0.0,1.0,1
AFHG5JCQ,Just saw Jenny McCarthy in an e-cig commercial. I'm sure her smoking has NOTHING to do with her kid's autism. Definitely the vaccines. Yup.,1.0,1.0,2
VN87RICX,DO NOT VACCINATE YOUR CHILD.... Unless your their doctor :),-1.0,0.6666666666666666,0
UC4QRPIQ,"Car in front of me ""you are driving behind another family heartbroken by vaccine injury"".  Good lord",0.0,0.6666666666666666,1
UV5B3XQE,Always get the facts from *legitimate* medical sources. Vaccinate yourself &amp; your kids. <url> #VaccinesSaveLives,1.0,1.0,2
G4KKV8T0,Merck vaccine developer admits vaccines routinely contain hidden cancer viruses derived from diseased monkeys  <url>,-1.0,0.6666666666666666,0
OSQEGJHC,Bill to Eliminate ‘Personal Belief’ Vaccine Exemption Passes Key California Senate Committee: A bill that would… <url>,0.0,0.6666666666666666,1
9OS5ZU9Y,<user> I'm asking to bring awareness HPV vaccine usually HPV is harmless but  10% chance that can cause cervical cancer so#HVPvaccine,1.0,0.6666666666666666,2
RH8QJIF2,3rd case of measles confirmed in Clallam County: Officials have confirmed that one of three patient samples tested… <url>,0.0,0.6666666666666666,1
EV0B8DS2,NOW WHAT? MMR vaccine confirmed to cause Autism <url>,-1.0,1.0,0
XQNAXL3M,Talk about selfish stupidity. I can't believe one fraudulent doctor has gotten us to this place where vaccines are feared. So sad.,1.0,1.0,2
ISRMAXCH,#measles outbreak in the southlands. Vaccination should be mandatory.,1.0,0.6666666666666666,2
ROBSHDOE,"""<user> The Flu Vaccine Clinic is tomorrow sponsored by the Cherokee County Health Dept. <url>  <user>",1.0,0.6666666666666666,2
8ETNKRD5,"Deadline nears for whooping cough vaccine: A simple message reading ""No TDAP No Shot No School"" is posted in fro... <url>",1.0,0.6666666666666666,2
NKS1VNMB,Measles Outbreak: Doctor Says Kids Who Haven’t Been Vaccinated Should Avoid Major Public Places <url>,0.0,0.6666666666666666,1
3AM7OQA9,The #measles killed me multiple times on the Oregon Trail game back in elementary school. So did dysentery.,0.0,1.0,1
Y46APGEC,Empty Disneyland. On a Friday?! Thank you measles 🙌,0.0,1.0,1
8WYX4AFX,Ain't nothin like family #MMR #GMF #GetDownOrLayDown #SquadUp @ The Palace <url>,0.0,1.0,1
4Q96CW32,"We can never, under any circumstances give #LoisLerner immunity. She looks to be the most crooked in #IRS scandal behind #Holder and #Obama.",0.0,1.0,1
2GU4H90P,To Vaccinate or Not...It's Still You Choice  <url> #childhealth #vaxxed #vaccines,0.0,0.6666666666666666,1
IHYYPPFY,<user> #SB277 #CDCwhistleblower #vaccineswork  For Health or for Profit$? Follow the money and the monopoly! <url>,-1.0,1.0,0
VDYSAGFQ,If God wanted me to vaccinate my kids...  <url> #monotheism #ignorance,0.0,0.6666666666666666,1
ZPQ0FCEV,Measles???? That little nugget at the beginning of your story is terrifying! Catch <user> story at <user>,0.0,1.0,1
GG143OH0,"“<user> It’s not my responsibility to be protecting their child - Dr. Jack Wolfs, vaccine refuser <url> he seems nice",1.0,0.6666666666666666,2
MSQ1IG7O,<user> I know a lot of school nurses and people fill out a form and ask for religious exemption from vaccinations.,0.0,1.0,1
ORRH4ZH4,The science should drive our decisions. It tells us very clearly that the best way to protect your child is to vaccinate <user>,1.0,1.0,2
LM4PU0CY,I'm trying to see the other side but why wouldn't you want your child to be vaccinated?,1.0,0.6666666666666666,2
8EMCMLEI,Disneyland measles shows up in Phoenix: The Disneyland measles outbreak has come to the Phoenix area.The Maricopa… <url>,0.0,0.6666666666666666,1
948FMIMJ,"Winter Break:

Definition - weaning baby pigs, vaccinating pigs, castrating pigs, and replacing a leaky pipe in the farrowing house",0.0,0.6666666666666666,1
FFJQ2Q4N,<user> So the expenditure of money is comparable to a capital crime? Doesn't RFK Jr have some vaccine lies to spread or something?,-1.0,0.3333333333333333,0
IWJKT4PB,“<user> Brennan marks 1st yr at CIA amid no confirmed civilian #drone deaths in Pakistan <url> CIA no combatant immunity.,0.0,1.0,1
O83XGEW3,"<url>

The Truth about vaccine #Eugenicide",-1.0,0.6666666666666666,0
6Y6VTXM8,Measles in the 717 😳😳😳😳😳😷😷😷,0.0,0.6666666666666666,1
ZAAZLOFW,"Flu season is under way in Maryland, and health officials hope to avoid another vaccine mismatch. <url>",0.0,0.6666666666666666,1
F10LM162,Terrifying <user> 1 in 5 millennials thinks vaccines cause autism: <url>,0.0,0.6666666666666666,1
QF6OB33B,"Autism risk is linked to pesticides - ""NOT vaccinations"" - <url>",1.0,0.6666666666666666,2
1TI13L1W,<user> ok what's good u have to say about politics about our borders wide open about vaccines killing kids about the devaluation of,-1.0,1.0,0
RTZ3MQLT,<user> <user> #Measles #pandemic <user> <user> <user> <user>,0.0,0.6666666666666666,1
C34FDDFE,My #Baby is getting so big.  This was before his first vaccinations 😟😭 #JosiahMoya @ Jigster's Zone <url>,0.0,0.6666666666666666,1
SI0EQ8CB,"😭😭😭 “<user> No , just the ones who might get sick RT <user> Do YALL believe all kids should be vaccinated?”",1.0,0.6666666666666666,2
5J502871,"Congrats antivax idiots: California measles: baby diagnosed, infants quarantined, day-care shut <url>",1.0,0.6666666666666666,2
0HRULR67,It should be illegal for parents to not vaccinate their child if those parents got vaccinated themselves.,1.0,1.0,2
PQQFNX6D,*turns on news(for the first time in forever) STAY TUNED FOR DISNEYLAND; THE START OF A MEASLES OUTBREAK😑😑😑,0.0,0.6666666666666666,1
X69WL5QI,"Walked around Disneyland for awhile tonight, just trying not to get the measles.",-1.0,0.3333333333333333,0
B5YHXQNP,After their disastrous military and economic adventures republicans are now ready to attack public health #Iraq #trickledown #vaccinations,1.0,0.6666666666666666,2
W8YJ0W85,RT <user> Seriously.  Vaccinate your kids.  <url>,1.0,1.0,2
JN52PV0E,Eating a slice at Arinells in Berkeley. 2 young women talk about how they want kids but won't vaccinate bc of conspiracy bullshit. #fb,1.0,1.0,2
JPM7EGD3,"When you get home from Disneyland &amp; your mom makes you strip in the garage bcuz she doesn't want the ""measles"" in the house 😑",0.0,1.0,1
MBZDXBIT,<user> <user> have international visitors it is much more likely. Vaccination against measles is best chance of protection.,1.0,0.6666666666666666,2
JH1PPU4L,"Dallas legislator wants to reduce vaccine exemptions: State Rep. Jason Villalba, R-Dallas, said the goal is to… <url>",0.0,1.0,1
NZOW4T23,<user> The state of MS bully parents into getting immunizations for their children. 48 other states have allow exemptions.,-1.0,1.0,0
67YGUFZ2,<user> you got the measles from Disneyland 😱,0.0,1.0,1
EC28J14C,“<user> Many Silicon Valley employees aren't vaccinating kids <url> Only 55% kids at Cisco daycare vaccinated?,-1.0,0.3333333333333333,0
6CUZZWYL,5 million kids per year still die from diarrheal disease. As a pediatric GI Fasano was working on a vaccine for cholera. It was 1989.,1.0,0.6666666666666666,2
YRGE5VNZ,YES “<user> It’s time to set the record straight when it comes to parents who don’t vaccinate their children: <url>,0.0,0.6666666666666666,1
P0C7RGKM,<user> <user> <user> We all agreed?  Here is the incidence chart 4 #measles <url>,0.0,0.6666666666666666,1
LVRH3QQ5,Some Washington lawmakers pushing for vaccine mandate for childhood illnesses <url>,1.0,0.6666666666666666,2
1RGCQA68,PSA GET VACCINATED ALL THE COOL KIDS ARE DOING IT #Fighttheflu #peerpressure <url>,1.0,0.6666666666666666,2
BTMIEIS7,"No, vaccines don't cause autism <url> <user>",1.0,1.0,2
9BNY2XWW,Parents Urged to Get Kids Vaccinated For School Now: A nurse gives a girl a shot. (credit: George Frey/Getty... <url>,1.0,1.0,2
R95RNV1O,<user> People say vaccines cause autism and other bullshit. It makes no sense.,1.0,1.0,2
QE9NPEHL,"😻🐶Vaccinations are an important part in ensuring we keep our pets safe, happy and healthy. We at… <url>",1.0,1.0,2
YD0P87FO,"Parenting or bio terrorism? As usual, it's too close to call. | I Don't Vaccinate My Child Because... via <user> <url>",-1.0,0.6666666666666666,0
A4ZNPQXB,I can't believe that there are people stupid enough to think that vaccinating their children will give them autism. #VaccinateYourChildren,1.0,1.0,2
R314I45S,Anti-Cootie vaccinations are mandatory. #KidLegislation <user>,0.0,0.6666666666666666,1
GYTMUZ74,"When parents protect their children from vaccines, it's called 'kidnapping;' when hospitals kidnap children to...  <url>",0.0,0.6666666666666666,1
5EIPNJ8O,"C'mon internet. Jokes about measles and Disneyland are both unfunny and lazy. 

Stop it. 

Now, get creative.",0.0,1.0,1
54XV8XWX,Benefits of music - stress relief - boost immunity - reduce heart disease - enhances emotional strength - boost self esteem.”,0.0,1.0,1
2KY0LEQD,Flu vaccination safe??? Uhhhh no,-1.0,1.0,0
AIXAILS1,Analog wearables (aka braclets) as reminder-tech for infant immunization dates: <url> <url>,0.0,0.6666666666666666,1
LEW9CR9T,".<user> ""#Measles Vaccine is SAFE, EFFECTIVE &amp; not just for kids."" Need a booster? <url> #mapit <url>",1.0,1.0,2
56BXRT2O,Number of measles cases climbs to 79 in California: A measles outbreak whose spread originated at Disneyland has… <url>,1.0,0.6666666666666666,2
KSS3YNGL,"Getting blood test to prove I have measles immunity. Geez (@ URMC Medical Labs in Rochester, NY) <url>",0.0,0.6666666666666666,1
CJKOUNTW,"AFP
Disneyland measles outbreak puts California on alert
<url>",0.0,1.0,1
ZCN8RWWO,"“<user> Thank you, vaccines, for making the world a safer place (pic <user> Leon Farrant): <url> 🙌🙌",1.0,1.0,2
E9Y4XP2J,Parents who don't vaccinate their children &amp; adults who don't get themselves vaccinated are the fucking worst.,1.0,1.0,2
AUCDLGYK,.<user> ==&gt; MN Dept. of Education releases MMR results annually. Often gets the local conversation going on how to make improvements.,0.0,1.0,1
QKS9IZRV,"Props to the writers of Daredevil for calling out ""idiot parents"" for their refusal to immunize with MMR",1.0,1.0,2
DZJHM1FN,Cold War Kids and The Vaccines with <user> #flashbackfriday #thiswas3daysago @ Rams Head Live <url>,0.0,0.6666666666666666,1
TPLDKE9F,Omg! Carisi may have measles?! Nah! Nice Rollins. <user>,0.0,1.0,1
TDNUF4H3,I just want people to wear deodorant and vaccinate their kids.,1.0,1.0,2
QUVCILSA,Merck MMR Vaccine Failed to Protect Thousands from Mumps  | AllGov  <url>,0.0,1.0,1
NRXJUXUR,Measles at Disneyland 😱,0.0,1.0,1
TC86NLN7,Measles and mumps...what year do we live in again?,0.0,1.0,1
BNAFLHC2,<user> I'm b2 he is b1. Does that take precedence over mmr?,0.0,1.0,1
F1GYYVU2,UMF madhatterdc #mmr #edmlife #edm #ultra2014 #ragedc #ravethefvckup #selfie #eatsleepraverepeat… <url>,0.0,1.0,1
104EGTOJ,"It's official, the paper connecting vaccines and autism has been retracted. <url>",1.0,1.0,2
PS0B1B4N,Oh god - the humanity! #IsadoraHarlow #vaccination #firstshots #wellchild @ UMHS Ypsilanti Health Center <url>,0.0,0.6666666666666666,1
JEV7X8CA,REALLY RT <user> Experts: Measles vaccine has no link to autism <url>,1.0,1.0,2
1KTNXJ9Q,"I would feel like a pile of dog shit if I didnt get my kid vaccinated &amp; had to watch them suffer through chicken pox, mumps, measles, ect.",1.0,1.0,2
OK4R0QNO,#ExoticsOnFridays #MMR @ Exotics <url>,0.0,1.0,1
S14UYRH3,It's all fun and games with measles but wait until polio or smallpox rears it's ugly head #VaccinateYourKids #socialobligation,1.0,1.0,2
4AD1Z3AA,"<user> <user> <user> agree! People need to vaccinate, and any message otherwise puts everyone at risk.",1.0,1.0,2
48NGIEK4,"Unlike Jenny McCarthy, she is a doctor --&gt; ""<user> Vaccines are safe! <url>",1.0,1.0,2
DCOGOIWU,"#SafetyB4Profit said <user> when I interviewed him. 

Maybe go back to the labs #BigPharma &amp; rework vaccines. <url>",-1.0,0.6666666666666666,0
IUAC8NR4,"This book is dangerous idiocy. ""<user> Did you see antivacc picture book that equates measles w/chicken pox? <url>",1.0,1.0,2
YSMNQACP,Good advice for parents who are concerned about their infants and the current measles situation <url>,1.0,0.6666666666666666,2
18UJ4846,Measles shouldn't be an issue. Vaccinate your kids. Employers of healthcare &amp; childcare? Require proof of ALL staff. <url>,1.0,1.0,2
U8KYFLKI,"<user>
102 confirmed measles cases in the United States? Is that just NHL players or other people?",0.0,1.0,1
XAVB078N,"<user> Yes, there is an exemption.  There is no law requiring children not attending public or private school to be vaccinated.",-1.0,0.6666666666666666,0
3M07O2A6,<user> #HearThisWell Vaccines r linked 2 autism IBD Peds Note MMR 15 mos #CDCwhistleblower #BreakABillion #B1Less <url>,-1.0,1.0,0
OPY7E225,Can't believe my baby <user>  got the measles from disney land😓 hope she gets better soon! #prayformybaby #fuckdisneyland,0.0,1.0,1
UG7XYAEL,"Hanta, chickenpox, measles oh my! (@ CDPH Viral and Rickettsial Disease Laboratory) <url>",0.0,1.0,1
XL5U7506,Dude wtf I have the measles on my knee,0.0,1.0,1
HMXA6YO7,"Morrow County To Offer Free MMR Vaccinations: The vaccine protects against Measles, Mumps, and Rubella. <url>",1.0,0.6666666666666666,2
EH26DF2V,Baby got two vaccines today 🐶💉,1.0,1.0,2
PF3H6MYU,"Watching Science Olympiad trivia game. Answers: Meson, tunneling electron microscope, German measles, unity matrix <url>",0.0,1.0,1
E6PST92X,Anti-vaxxers now have a children's book extolling the virtues of getting measles  <url>,-1.0,0.3333333333333333,0
RV2WOKSQ,"Vaccinate your kids fools. “<user> Chances of getting measles if exposed - when vaccinated: 1%, when not vaccinated: 90%.- <user>",1.0,1.0,2
2JYSL2PV,Bill Advances To Change New Jersey’s Vaccine Exemption: New Jersey might change a religious exemption that has… <url>,0.0,0.6666666666666666,1
5C3M8ZXL,Being embarrassed by your autistic child because you are a terrible parent is no excuse to put the rest of us at risk #VaccinateYourKids,1.0,1.0,2
8SYLB8P8,Who okayed having a likely unvaccinated Jenny McCarthy put smack dab in Times Square among 1 million people?  #influenzapandemic #MMR,1.0,1.0,2
TVEKQJMN,"Hopefully this is the last time , then I'll build up some type of immunity against all the sickness the kids come in with lol",0.0,1.0,1
U5D05F1H,"Apparently, there's a measles outbreak in the area because some parents decided not to vaccinate their children. Are you kidding me??",1.0,1.0,2
DHDQA2CZ,Visitors To Long Grove Menards Might Have Been Exposed To Measles: Fearing exposure to measles for potentially… <url>,0.0,1.0,1
8FNX4C5D,"‘No jab, no pay’ laws could send anti-vax parents underground in search for vaccine-free childcare <url>",-1.0,0.3333333333333333,0
IV6RW8D8,<user> Health care centers across Boston will be offering free vaccines to anyone who hasn’t yet been immunized: <url>,1.0,0.6666666666666666,2
EWBEQIGC,DPH: Measles traced to Trader Joe’s in Framingham: Two cases of measles have been confirmed in residents of the... <url>,0.0,1.0,1
PAAWJ2ZV,we all have measles now <url>,0.0,1.0,1
QLJUZBJ0,"My father has had all his vaccines, he comes with bare minimum child support checks and u only gotta see him like once a month #adoptplease",0.0,1.0,1
WCD8E6N2,"Tetanus arm surprisingly doesn't ache but the MMR arm I wish would fall off and let a new, less complaining one grow back",0.0,1.0,1
VYSIP22V,Forever showing off my immunity to poison ivy to people who get rashes easily lol.,0.0,1.0,1
9LPSJP37,"""Love is like the measles; we all have to go through it. Also like the measles we take it only once."" ✌☺goodnight' <url>",0.0,1.0,1
4M946ERZ,Too bad parents that refuse to vaccinate were vaccinated themselves. I'd love them to catch measles from their kids. Then get hit by a bus.,1.0,1.0,2
CDF64799,No measles vaccine? No school starting Monday for Vigo County students: Vigo County schools will not allow students… <url>,0.0,1.0,1
9K40RX5F,"voting is like choosing between the mumps and measles. The lesser of two evils. 
-KRS1",0.0,1.0,1
W4CSHEEK,Baltimore health officials to parents: 'Vaccines are ... our obligation to one another': Baltimore City Health… <url>,1.0,0.6666666666666666,2
1CJ1GP8O,“<user> NY Health Dept: Measles patient boarded Amtrak train at Penn Station: <url>,0.0,1.0,1
FH24TCC2,<user> go figure it happened in Texas. The state where people don't vaccinate their kids and are sending the state back to the stone age.,0.0,0.6666666666666666,1
IH45M0NU,"Tarrant County Obtains 1,000 More Flu Vaccines: Tarrant County Public Health said Tuesday they are distributing... <url>",0.0,0.6666666666666666,1
PE1FY2MN,Tonights rocket launch at Cape Canaveral was cancelled. THANKS MEASLES OUTBREAK!,0.0,1.0,1
0O2VK733,<user>  too many children are getting sick &amp; some have died from vaccines..it defeats the purpose..there's other  alternatives.,-1.0,1.0,0
K7D206VN,Mayo Clinic researchers discover why measles spreads so quickly via <user> <url>,0.0,1.0,1
QWB7VHUD,"Perhaps we could put addendum on vaccine exemption forms, holding unvaxed liable for costs of outbreak? #vaccineswork <user>",1.0,1.0,2
RGUKCBOY,"""<user> #MeaslesOutbreak raises debate on vaccinating kids <url> <url>",0.0,0.6666666666666666,1
FK66YV98,Wonder if there is any correlation with the measles outbreak and the open borders that our politicians won't secure,0.0,0.6666666666666666,1
M38M0KFB,<user> Yes measles was wiped out &amp; because new moms didn't see new cases they didn't  vaccinate their children!  Now they have no defense!,1.0,1.0,2
0BIYFJXW,<user> if its yo first time u gone need high school transcript.you gotta go get some vaccine shots..do your financial aid.,1.0,0.6666666666666666,2
CFUOZRBB,<user> <user> <user> vaccinations work and are safe. It's not a choice when herd immunity fails and people die. Idiots,1.0,1.0,2
NG3VXHYV,I broke out on my face and my dad said it looks like I have measles.... Thanks dad😒,0.0,1.0,1
WZCWMV1U,"MMR booster...um, yes please?! #teacherssecretlives #firstgraderocks #universityelementaryschool… <url>",1.0,1.0,2
YTAVNZBL,<user> <user> Herd immunity also comes from ppl like me who had #measles &amp; now have natural immunity,0.0,0.6666666666666666,1
11HQY8RQ,"AIDS N : Ripley Co. Health Dept. Announces HIV Testing Clinic, Flu Vaccine Information <url>",1.0,0.6666666666666666,2
D9K58FB2,I'm getting really fucking tired of hearing about the measles from other people.,0.0,0.6666666666666666,1
SY0NZAJY,HB1902 [Engross] Motor vehicles; providing civil immunity for removing child from motor vehicle using forcible en... <url>,0.0,1.0,1
QCLJQKSO,Click on this link to donate to our Measles Initiative! All proceeds go directly to the American Red Cross 💉💵❤️ <url>,0.0,0.6666666666666666,1
W48Z91DF,<user> <user> <user> eMTs have a greater risk of catching measles then we get a bola same cautions,0.0,1.0,1
0DJQKR44,56% of Donnie’s supporters think vaccines cause autism or aren’t sure. 58% think Scalia might have been murdered. <url>,-1.0,0.3333333333333333,0
0HGC7045,"California measles cases top 100: The number of confirmed measles cases in California has grown to 103, the state's… <url>",0.0,1.0,1
FH8D57VG,All #BlackParents should go see #Vaxxed. #CDC covered up study linking #BlackBoys to #Austism via #MMR shot. <url>,-1.0,1.0,0
0YBNYN90,Killing time after getting re-vaccinated MMR. Hoping I don't get mumps.,1.0,1.0,2
2GWIBOSF,"I mean, seriously, pumpkins, 100 tea lights, two bonfires, jiffy pop, and so much love! #MMR

oh, and the cops came. #pepper",0.0,1.0,1
P656E41N,"If you don't vaccinate your kids, you're an idiot and I judge you so hard.",1.0,1.0,2
23BRK3YU,You can get measles again.  Happened to me while teAching in a Bronx high school. I had old &amp; new antibodies.,0.0,1.0,1
47XYNJQO,"Do we even vaccinate deportees?
If they agree to it?

Seems like something we need to do for their safety and ours.",1.0,1.0,2
1EKWOYCC,Now I'm talking to my coworkers about the measles outbreak at #NYNOW and pinning looks from fashion week 💋💌💋,0.0,1.0,1
OZVAFCWB,"I hope you all get the measles, fucking registering, wait room was a fucking joke. Eat shit <user> #ComicCon2015",0.0,1.0,1
ILBR73KX,<user> that's why I always carry a raincoat...sometimes a measles umbrella just won't cut it. Hope everything works out,0.0,0.6666666666666666,1
BI6U68HW,Hey <user> Health experts say having a flu vaccine is the most effective way from getting the disease. #FluShot <url>,1.0,0.6666666666666666,2
W2AMJ8V0,No kidding. Do it. “<user> VACCINATE YOUR CHILDREN RT <user> #BREAKING Now at least 8 confirmed measles cases in Bay Area.”,1.0,0.6666666666666666,2
79NNLJD1,It's good to be back. <user> <user> #hookem #genetics #vaccines #health @ The… <url>,0.0,0.6666666666666666,1
7BBMQ921,Some Schools Lag in Vaccination Rates: Several New York public schools are struggling to achieve vaccination… <url>,1.0,0.6666666666666666,2
W0Z4LB87,This 28-year-old WA woman was first person in U.S. to die from measles infection in 12 years <url>,0.0,1.0,1
I6AN4JX4,"<user> <user> tell us all about autism and vaccines, you ridiculous moron",1.0,1.0,2
JTYXAY9G,Children In Europe Develop Narcolepsy After Receiving H1N1 Pandemrix Vaccine. <url>,-1.0,0.6666666666666666,0
DJOWYIWX,<user> <user> I think it's perfectly reasonable to require herd immunity. 10% of kids without vaccinations can cause outbreaks,1.0,1.0,2
ZEV2UAM2,Hopefully for the kids sake that's a norovirus/bowl-cut vaccine <url>,1.0,0.6666666666666666,2
XWAJMAUC,The benefits of immunization outweigh any unsubstantiated concerns that vaccines are harmful.,1.0,1.0,2
5G4PTVA0,"<user> Yes. I'm a part of public health just like I'm a part of nature. I feed an abandoned baby bird, I vaccinate my privileged kids.",1.0,1.0,2
R0KEPOT6,".<user> U.S. #Measles Cases Hit 15-Year High. So far this year, 118 cases of measles have been reported in the Unit... <url>",0.0,0.6666666666666666,1
3ED5UTI2,Ebola Could Cause Thousands More Deaths — By Ushering In Measles <url> via <user>,0.0,1.0,1
LLW1PN1N,"AP Disney gave input on measles health messages: As the measles outbreak spread last month, Disneyland executives… <url>",0.0,1.0,1
2F2H3TE2,"""I got vaccinated from the school, and there are burgers coming out of my ass. Clearly I have ass burgers!"" 
-Eric Cartman",1.0,0.6666666666666666,2
NY8D009N,Can you say #overbooked ? #GoingBackToBed @ California Department of Public Health - Immunization Branch <url>,0.0,1.0,1
BUC1WGE9,If half of the country doesn't believe in vaccinations and climate change then how is Big Bang theory winning awards all the time,1.0,0.6666666666666666,2
XLPPVIM4,Confirmed Case of Measles in Delaware <url>,0.0,1.0,1
J1WDW0U1,More Marin Kids Immunized After Law Requiring Counseling For Anti-Vaccination Parents Takes Effect <url>,1.0,1.0,2
XUDRP4ZL,<user> <user> <user> <user> Dr Diana Harper head researcher in 2009 confirmed a 139 deaths from HPV Vaccines!,-1.0,1.0,0
ZR0DPWJC,WATCH: 7-year-old cancer survivor tells anti-vaxxers he ‘gives a damn’ about the measles: <url>,1.0,0.6666666666666666,2
LNBH5F0V,<user> There is a statistically significant chance of an individual getting permanent brain damage from receiving a #vaccination.,-1.0,0.6666666666666666,0
0YXH01XT,Baby Monkeys Develop Autism Symptoms After Getting Popular Childhood Vaccines  &lt;link-TiSM&gt; <url> via <user>,0.0,0.6666666666666666,1
Q6DH28JJ,"<user> ~story about measles outbreak, HELLO people pull your craniums out of your rectums~ measles immunization doesn't cause autism!",1.0,1.0,2
T3I0Y4CL,My tummy hurts. I need to go get immunization records. Go die school system of Portland -.-,-1.0,0.6666666666666666,0
D2V7XVBZ,"<user> KUDOS!!! LOVED your bit about vaccinations!! It's ABOUT TIME someone tells these morons, SCREW THE GLUTEN! VACCINATE YOUR KIDS!",1.0,0.6666666666666666,2
MP7YM80C,"“<user> On average, people who complain live longer. Releasing this tension increases immunity and boosts their health.”ima be 100",0.0,1.0,1
PFHED335,<user> <user> agree! Vaccinate your kids! Don't expose my kid to your stupidity.,1.0,1.0,2
E4RWDM38,"Consultant, Immunization Experts, Equity Focus, Home based with travel, United States, UN Children's Fund <user> #jobs <url>",0.0,1.0,1
CJAU6MVA,What to know about back to school immunizations: Back to school immunizations can literally be one of the most… <url>,0.0,0.6666666666666666,1
V03IBP8Z,"As school starts, LAUSD officials work to boost vaccination rates: With classes starting on Tuesday, Los Angeles… <url>",-1.0,0.3333333333333333,0
3NDC3GPQ,#measles #disney @ Downtown Disney <url>,0.0,1.0,1
TAIHJ32W,Study Shows No Link Between Autism And Vaccines: Good news for parents: New research shows there is no connection… <url>,1.0,1.0,2
WXSWB8S5,"Another study shows no link b/w MMR vax &amp; autism: ""it is a psychological problem; it is not a data problem""  <url>",1.0,1.0,2
7184O2F4,170 million children vaccinated against polio in 3 days in India #esriuc - GIS helping complete the process <url>,1.0,1.0,2
GJ15HKXD,"These vaccines may not have made me autistic, but they've sure made me miserable.",0.0,0.6666666666666666,1
ONW45O4E,<user> gold 5 jungler decayed from gold 2 have mmr of a play 4-5,0.0,1.0,1
UNT99K0M,"It's National Animal Safety and Protection Month. Please make sure your furbabies are immunized,… <url>",1.0,1.0,2
AC9U6G3X,"Vt. offers free whooping cough vaccine on Wed.: MONTPELIER, Vt. (AP) — The Vermont Health Department is offering... <url>",1.0,0.6666666666666666,2
AE6SB49Q,“<user> About half of all measles cases in California involve unvaccinated patients. <url> and who's fault is that??,1.0,0.6666666666666666,2
BJXXCGMZ,Little info for the twitter world on how vaccines cause autism. <user> &amp; <user>  should take note. <url>,1.0,0.6666666666666666,2
N0Q9Q515,I Honestly think the Government let ebola into this country because now the pharmaceutical companies  can make a lot of money off vaccines,-1.0,0.6666666666666666,0
UH3P8RX9,Vaccines only save lives nbd ur kid doesn't need them,1.0,0.6666666666666666,2
TJL791ZM,<user> what's your position on S.B 346 ?Forced Vaccination without religious exemption.#sb346 #nosb346,0.0,0.6666666666666666,1
LQVFC4VN,gotta get my MMR &amp; Td shots tomorrow for school 🙈😩,1.0,0.6666666666666666,2
FTKXP8Z6,spoke this am San Marco rotary club.  gift was donation in rethreaded's name allowing 20 kids to get polio vaccines <url>,1.0,1.0,2
Z21L0AXO,"Sergio's tee shot was so left it was arguing with people about wether people should vaccinate their kids. You're welcome, <user>",0.0,0.6666666666666666,1
KWWY5NO7,<user> <user> THIS IS WHY MEASLES HAS REAPPEARED in NYC,0.0,0.6666666666666666,1
M3GMNMU7,<user> <user> <user> Another reason to vaccinate your kids against HPV! #vaccineswork,1.0,1.0,2
Z9BQEGBT,Study of 1.3 Million Kids Reveals Vaccines Aren't Associated with Autism <url> cc <user> #healthcare #health,1.0,1.0,2
T7ICFMJU,New Flu Vaccine May Provide More Protection to Kids <url>,1.0,1.0,2
ASZ61N2S,<user> untrue. Parents given vaccine information sheet that list arises. #SB277 have information on risks.,0.0,0.6666666666666666,1
THCIMHK9,A visit to Kakuma refugee camp in Kenya underscores the need for action on #measles <url> <user> <user>,0.0,1.0,1
R0X0P31Z,Monetizing measles: How one internet entrepreneur helped the anti-vaxxer movement go viral <url> <url>,-1.0,0.6666666666666666,0
1UQBJ4OO,<user> <user> <user> how many people have died from diseases that have vaccines today? How many have died from climate change?,-1.0,0.3333333333333333,0
GZT5K4A0,"<user> I think autism started to rise when GMO foods, that have been proven to break our DNA! Vaccinate your kids!!!",1.0,1.0,2
IBTMICEO,Ensure your kids are vaccinated. It's unfair to deny them this life-saving responsibility #NigImmunize #Vaccineswork <url>,1.0,1.0,2
4NTMMPFN,"Ohio cases drive bad year for measles across U.S.: Measles cases have hit a 20-year high in the United States,... <url>",0.0,1.0,1
1JNX1LIJ,<user> your a moron. If you don't vaccinate then home school your child.,1.0,1.0,2
0P1N1PME,"I used to be skeptical about the connection between vaccines and autism, but then Rob Schneider tossed in his two-cents...",1.0,0.6666666666666666,2
XUH9M4DL,"<url>
Could measles outbreak hit the Super Bowl?",0.0,0.6666666666666666,1
DLDZ75IH,Yeah because our babies need more vaccines. Up to 10 vaccines on one day that makes no sense what so ever. <url>,-1.0,0.6666666666666666,0
YJSTLJX4,Love me some mmr,0.0,0.6666666666666666,1
YPFDQWC6,"3 new measles cases confirmed in Cook County, officials say: Three additional cases of measles have been confirmed… <url>",0.0,1.0,1
AEDFNW72,CIA's use of a vaccination program played a role in the shootings of several health workers in #Pakistan <url> #endpolio,1.0,0.6666666666666666,2
299COBVF,<user> good article as always. The vaccine story is ridiculous. It even states encephalitis leads to autism which is false,1.0,1.0,2
3IZ7YCC3,"Hughes: ""Children are required to get immunization but why are they not required to go to the dentist?""",0.0,1.0,1
XABSSY7S,"Measles used to put cancer into remission
<url>",-1.0,0.6666666666666666,0
IDU6LF8K,"Harley X All Eazy ""Come Over"" #ManyMenRecords #MMR #WeMoving #NothingButHits 🔥🔥🔥🔥 <user> <user> <url>",0.0,1.0,1
PC9PCTXT,"BdNwz! Measles kiddie parties is a thing! GdNwz! So is ""I have The Most Misinformed,  Arrogant Parents of the Year Awards""!",1.0,1.0,2
JZD7J1Q5,Out Of This World Set Tonight <user> #mmr #dc #dj #dmv #dcdj #dupontcircle #districofcolumbia… <url>,0.0,1.0,1
LS7PGVJK,<user> <user> LIES ALL LIES THIS IS FALSE VACCINES THE SILENT KILLER,-1.0,1.0,0
V42KH4C7,People who compare forced school vaccinations to Hitler's Third Reich...you're the reason I love reading the internet in the morning.,0.0,0.6666666666666666,1
CIVDFF1L,If you were dumb enough to not get vaccinated I think measles is a suitable punishment.,1.0,1.0,2
86EWXZGR,See Vaccine Exemptions in Texas by School District: The heavily Democratic and rapidly growing Travis County… <url>,0.0,0.6666666666666666,1
5E6K6TMU,#NBC5CHicago how do we get full disclosure as to measles kids whereabouts for the past weeks?,0.0,0.6666666666666666,1
2EP6N4RD,"<user> <user> I got the vaccine as a kid, which may or may not still be effective.. I should probably look into it..",1.0,0.6666666666666666,2
K6RDL9GR,Sabrina's MMR Booster for Kindergarten.  Here without Gina.  Wish me luck. (@ Scarsdale Pediatric Assoc PC) <url>,1.0,0.6666666666666666,2
A0T8B4JN,"<user> A workmate told me he believed vax might b dangerous. I reminded him polio, measles, mumps are definitely dangerous. #priorities",1.0,0.6666666666666666,2
IXM5X7FO,Princeton University Reports Suspected Case Of Measles: Princeton University says they have received a report of an… <url>,0.0,1.0,1
S16RAG5L,Come Stay Warm <user> #mmr #dc #dj #dmv #djflyer #downtowndc #dcnightlife #downtowndc… <url>,0.0,1.0,1
LU9IMM1G,Measles in AZ? Glad I'm not going to #SuperBowl <user> <user> #supercontagious,0.0,1.0,1
DTZTEHGQ,First Ebola and now measles in Atlanta? Awesome. U.S. measles cases for 2015 rise 18.6% over past week <url>,0.0,1.0,1
T6TPLAWW,"<user> there are injections I encourage people to take. Just don't like the Mercury in them!! If removed, I'd take the flu shot.",0.0,0.6666666666666666,1
91XMGVMV,#SuperStarSundays #MMR💥💥💥💥💥💥💥💥💥 @ SuperStar Sundays <url>,0.0,1.0,1
7WQCQ9WZ,"It's not just about ""what feels good for you and your family"" Vaccine Critics Turn Defensive Over Measles  <url>",1.0,0.6666666666666666,2
UUSOLOUV,"<user> never had the measles, never had the mumps. Eat a lot of tacos, take a lot of dumps. #freestyle",0.0,1.0,1
TAYELLJZ,"The three M's...mumps, measles and midterms",0.0,1.0,1
BHABJM0Q,If you think vaccinations cause autism you're the dumbest motherfucker I know.,1.0,1.0,2
ORAIC6KP,"“<user> York Region mom 'angry as hell' over baby's possible exposure to measles
<url> <url> #careless",1.0,0.6666666666666666,2
78TFPJJB,"If only this could happen RT <user> Don't want to vaccinate your kid? You should get fined $5,000 <url>",1.0,0.6666666666666666,2
26KW1EK6,People have been vaccinated to the truth parroting words out of context they don't even understand. Bless their heart but c'mon son!,0.0,0.6666666666666666,1
GVYX41JA,Measles takes a political turn as lawmakers wade into vaccine debate via <user>,0.0,0.6666666666666666,1
9WVV9SM0,Oregon has no state required Vaccinations for children? And people make fun of West Virginia? What a bunch of ignorant dumb liberals!,1.0,1.0,2
1SX8AIWA,Idea: A social media campaign like the Ice bucket challenge except with kids getting vaccinated.,1.0,1.0,2
ULTYR8TC,"Oh good .<user> Just like measles, Todd ""Legit Rape"" Akin is back. That and more in tonight's Need to Know. 

<url>",0.0,0.6666666666666666,1
9KW85EU5,SB277 has nothing to with increasing vaccine safety. I give shots every day. Get them myself.   SB277 is about coercing families,1.0,0.6666666666666666,2
0N2US9GS,Benefits of WEED - stress relief - boost immunity - reduce heart disease - enhances emotional strength - boost self esteem.,0.0,1.0,1
WSEEG8UH,Getting the measles vaccine is much safer than getting the measles infection. #10minutes4truth #AAP #getvaccinated,1.0,1.0,2
5Y8A829P,"Health is not Political, it's Science. Get your children Vaccinated!",1.0,1.0,2
SSUYV6ZY,"Measles outbreak escalates: death of two children confirmed on Solomon Islands 550 cases reported 
<url>",0.0,1.0,1
QE84QB9L,Catch the full clip on Facebook youbelongrugby see who has gas to burn! <user> #Madison #MMR… <url>,0.0,1.0,1
6ME31D4L,#MiaBellaPediatrics &amp; Dr. Stahl on <user> show sunday talking about #measles outbreak w/ <user>  <url>,0.0,0.6666666666666666,1
945WR4OT,"Vaccinate! MT<user> Wise 1986 letter on vaccines from Roald Dahl, who lost daughter Olivia to measles. <url>",1.0,1.0,2
FFML6BB2,The latest from health officials on measles concerns in NoVa <user> <user> <url>,0.0,1.0,1
WS2HX15N,Hard to convince a mother of a 13yo with autism to give any vaccines.  I worked hard today to get her to maybe.  Had to use my WOO!,1.0,0.6666666666666666,2
R95VTQEC,vaccinate your rugrats please RT “<user> Measles outbreaks spark fears of return of a disease <url>,1.0,1.0,2
XAHMH3R4,"Vaccination database: Look up schools, counties in Michigan: The data includes numbers of children vaccinated and… <url>",0.0,1.0,1
LKT50MPK,#Celiac disease vaccine shows promising results in Phase I trial - Science Daily <url>,0.0,1.0,1
F09NBFID,#enterovirus68 No vaccine for it. Affecting children across US! <url> Pernicious and subtle. Parents: Monitor your children,0.0,0.6666666666666666,1
UXFKG4BN,Still trying to understand why people don't vaccinate themselves and their children,1.0,1.0,2
XH3GL1OI,Vaccinate your damn kids,1.0,0.6666666666666666,2
T4G3RB04,<user> Disney land has measles,0.0,1.0,1
J4EQN1F7,"<user> <user> Most active measles in Africa and Asia, not Americas.",0.0,1.0,1
LONT99W3,"Family Members Of Measles-Infected BART Rider Fall Ill <url>
#Vaccinate.",0.0,0.6666666666666666,1
5TXK6SNE,When you don't vaccinate your kids... You're going to have a bad time #vaccinateyourkids #vaccinate #toddlers #kidsgetsickalot,1.0,1.0,2
K34Z65M3,"The Magic School Bus told kids to get their shots in the third episode. Love that show, and please vaccinate your kids. #srsly #plzzzz",1.0,1.0,2
NNVWYV7C,"#travel #jobs Travel Immunization Nurse Specialist - Passport Health Travel Medicine -  Philadelphia, PA  <url>",0.0,0.6666666666666666,1
UXSDC5ZJ,GOD DAMMIT VACCINATE YOUR KIDS,1.0,1.0,2
INMJTXY3,"((ELB)) I Would Vaccinate my Autistic Son Again: I Would Vaccinate my Autistic Son Again by Shahriar Afshar February 9, 2015  I remem...",1.0,1.0,2
TUR5WR8D,Measles cases in USA hit 20-year high <url> via <user>,0.0,0.6666666666666666,1
ER2E0KMC,Now I have to go to a clinic for my MMR shot,1.0,0.6666666666666666,2
EBB9P9US,School forms regarding vaccination are LAME to fill out. Who wants to help me dev vaccinationrecords.com??,1.0,0.6666666666666666,2
KIC4A47K,"Director - Infectious Disease Vaccine Translational - FF & C Management - Research Triangle Park, NC <url> #jobs",0.0,1.0,1
AP45WVR4,.<user> Thank you for standing with CA parents and their children in support of <user> #vaccineswork,1.0,1.0,2
M4L935MB,Yeah...Boy 1$Mug Night <user> #mixmasterrod #mmr #dc #dj #folllow #streetsigns #graffiti #allcity… <url>,0.0,1.0,1
2HXQ09IN,Children's Museum of Houston to Offer Free Vaccinations <url>,1.0,1.0,2
X5031XNB,#School starts in just two weeks. It is now officially last minute. Call us to get your kids their required vaccinations. 919-245-2400,1.0,1.0,2
7L18GQJ4,"Mayor of Bethany OK compares flu vaccine to mercury emissions, SMH",1.0,0.6666666666666666,2
T93G6RMA,"""<user> On average, people who complain live longer -- Releasing this tension increases immunity and boosts their health."" <user>",0.0,1.0,1
2ZZCHGZG,Several Disneyland employees diagnosed with measles: The happiest place on Earth just got a bit sadder for some of… <url>,0.0,0.6666666666666666,1
451MWPD6,<user> ‘Legal’ #Kidnapping By The State To Cover Up #Vaccine Injuries | <url> <url>  #parenting,-1.0,0.6666666666666666,0
XVUKGF57,"District of Columbia Confirms Second Case of Measles in 2015: Tuesday, February 17, 2015Today, the District of… <url>",0.0,0.6666666666666666,1
V9D94IGN,"Homeland Security employee who helped license animal vaccine is a Sammies finalist: As a child, Michelle Colby... <url>",0.0,1.0,1
AOVZA0I0,<user> they are more dangerous to overall society than 1 individual with Ebola. If they prevent their children from vaccines=child abuse,1.0,0.6666666666666666,2
RJ5ZGJOP,Vaccine Dinner Club #cowbell @ Emory University School of Medicine <url>,0.0,1.0,1
8YIDGNAL,Africa and the rest of the world should seal its borders... From the U.S. that is. #measles #jennymccarthy #ignorant,0.0,1.0,1
E9DWA3W6,More than 230 Noblesville students not immunized against measles -Fox 59 <url> #Clare #Noblesville #IN,0.0,0.6666666666666666,1
8XTHUSBV,"<user> I didn't look into the legitimacy of this article. So thx. But her misinformed, harmful views on vaccines still the same.",1.0,0.6666666666666666,2
OB7W0KPJ,“<user> Health Alert: Some Parma Students May Have Been Exposed to Measles <url> via <user> close school wtf,0.0,1.0,1
MK5T1XK2,Flu vaccines are highly recommended for people 65 and older: In 2010 the Centers for Disease Control and Prevention… <url>,1.0,1.0,2
OS5IPA2C,If you dont want to vaccinate your children home school them.,1.0,1.0,2
MH3KK5TA,"CDC eyeing bird flu vaccine for humans, though risk is low: Federal officials said Wednesday they're taking steps… <url>",0.0,0.6666666666666666,1
CODMHST1,"Kids night at Earthfare. Time to watch parents douse everything their little angels touch with sanitizer, preventing them from immunities.",0.0,1.0,1
L6FQ1XSW,"<user> Step 1: Parents vaccinate their children. 
Step 2: ??? 
Step 3: GENOCIDE! 
#bwahhahhah

<user> <user>",1.0,0.6666666666666666,2
ZLI9UXWY,This cough won't go away. I think I got a redneck disease from some Louisville fan that my non-incestuous body has no immunity for.,0.0,1.0,1
GMOF8HPG,<user> measles and polio are plotting your demise as we speak,0.0,0.6666666666666666,1
GU2SBEHX,I've apparently decided to be an asshole on Facebook today.  But really.  Get away from humanity with the vaccine autism shit.,1.0,1.0,2
LSRNMJQA,Jus took 2nd mmr shot @ health dept n the nurse askd how I handle da 1st. Idk since it was back n 1976! Smh while lol...sort of 😱,0.0,0.6666666666666666,1
AN8RLESZ,"AM-News : Flu Vax Safe, Effective in Pregnant Women: Influenza vaccination was immunogenic in pregnant women with... <url>",1.0,1.0,2
SOWCWPWP,Measles is at at 20 year high and it's only May. Get vaccinated! Vaccinate your babies! #cdc,1.0,1.0,2
KW73AY9S,"<user> 2/2 .... then spend the next 28 yrs caring for your brain damaged son, then tell me your opinion of vaccines.",-1.0,0.6666666666666666,0
1QRD278U,<user> oh good lord maybe you have the measles like me. Feel better bby 😭,0.0,1.0,1
5J2Y67ZQ,"Hi. I'm overly paranoid Rob Lowe, and I don't #vaccinate my children.",-1.0,0.6666666666666666,0
LE5RFEIM,Infants Diagnosed With Measles at Suburban KinderCare | NBC Chicago <url>,0.0,1.0,1
AF4VUKST,We'll be voting next week on a Lifeline 911 medical immunity policy. Help stop alcohol poisoning without fear of university penalties.,0.0,1.0,1
CRQUFMVH,"Measles Outbreak: New Case In Georgia, But Surrounding States Say They Are Prepared <url>",0.0,1.0,1
UXQ9W49V,"CA commuters, students warned: You might have measles: (CNN) — Could simply sitting on a train or in a classroom... <url>",0.0,1.0,1
H7SD88YM,"<user> <user> <user> Rose, u may want to check this out! <user> #measles #science #MedicalIndustrialComplex",0.0,1.0,1
YHSO47ZV,California Legislature passes strict school vaccine bill: California lawmakers on Monday sent the governor a… <url>,0.0,0.6666666666666666,1
6JPK7RFF,Click on this link to see all public places in #SanBernadino #LongBeach where #measles exposure may have occurred <url>,0.0,1.0,1
SR0YJHM4,"I really want a Disneyland season pass, but with these measles going around I'm good",0.0,0.6666666666666666,1
TBXWE1ME,You're telling me some degenerates honestly think vaccinating your kids is bad?,1.0,1.0,2
CW2K3VQR,"“<user> On average, people who complain live longer - Releasing this tension increases immunity and boosts their health.” #foreveryoung",0.0,1.0,1
053519TK,Vaccinations are required to enter school &amp; work with the elderly. Clearly this is another way to waste people's money over pointless bs.,-1.0,1.0,0
KIE2P71Z,SO??? Did we cure cancer??? Inquiring minds want to know. <url> #measles #mayoclinic,0.0,1.0,1
RB7H3K8G,CDC Director Shuts Down GOP Senator's Immigrant Measles Theory <url> <user> <user> <user> #USlatino,0.0,0.6666666666666666,1
TSFYH3YY,How to protect your family from the measles: <url> <url>,0.0,0.6666666666666666,1
SFEHA62Y,<user> it's so ridiculous! People think that the vaccines aren't needed anymore because the diseases aren't around anymore.......,1.0,1.0,2
OPH4QJ7Z,A case for #vaccination: Nearly 600 cases of the #measles in 2014. <url> #cdc #health #children <url>,1.0,1.0,2
QLYSH1J5,Arrived in Princeton as the entire town is taken over by news vans (meningitis outbreak). CDC wants emergency vaccination of entire campus.,0.0,0.6666666666666666,1
U4NO7G8P,"So I come to the doctor for a chicken pox and measles vaccination...turns out I already got both, but I STILL need some other shot. ",0.0,0.6666666666666666,1
5KSIYX0C,Remember when Jenny McCarthy was relevant? Me neither. Ppl actually die of these diseases so GET YOUR KIDS VACCINATED #vaccineswork,1.0,1.0,2
M67NP13G,so there's a measles outbreak at my school,0.0,1.0,1
SD5UWS32,They should have poison ivy vaccines. I'd pay good money for that shit,1.0,0.6666666666666666,2
86J5AETG,"Meningitis vaccine required for some Illinois students: Starting this school year, students entering grades six and… <url>",1.0,0.6666666666666666,2
TPSAAIEU,Why are people not vaccinating their children,1.0,1.0,2
4PVYZ6WX,Massachusetts confirms first case of measles in 2015: Health officials have confirmed the first case of measles in… <url>,0.0,1.0,1
OYL51MZ0,“<user> Map shows the spread of Measles linked to Disney land. (<user> <url>,0.0,1.0,1
FDOAU3PS,That moment when the people at the immunization office can't do their jobs. (@ GSU - Student Health Center) <url>,1.0,0.6666666666666666,2
5ZVQNBPH,Oh no. RT <user> 14 infants quarantined after baby at Santa Monica day care diagnosed with measles. <url>,0.0,1.0,1
WMSGXR6X,Great game! Really tired! #MMR I was trying to do picks up but instead I went pick my nose (that's a… <url>,0.0,0.6666666666666666,1
3RZ0WN0S,Imagine if Facebook included your vaccination history on your profile page. Violation of privacy? Or important social safety information?,-1.0,0.3333333333333333,0
XK4OK7TG,<user> <user> from arrest unless there is probable cause that killing was not in self-defense-,0.0,1.0,1
OYPSYPX2,"Great to address CA #Healthcare Attnys on #vaccines, end of life decisions &amp; other critical health issues. #Medi-Cal <url>",0.0,0.6666666666666666,1
QJF59CKK,The CDC Says The Flu Vaccine Is Less Effective Than Expected - <url> <url>,0.0,0.6666666666666666,1
IJGWGN0B,"Here is Penn &amp; Teller’s graphic illustration of #vaccine safety (beware, some graphic language).
<url>",1.0,1.0,2
MUGIECOU,Authorities report King County measles exposure: Authorities say an international traveler coming from central Asia… <url>,0.0,1.0,1
L0BOCIN9,<user> and a poorly educated populous makes stupid decisions like not vaccinating their kids and voting against their interests,1.0,1.0,2
PEAW9BBH,A parent who refuses vaccines should B held accountable if children get diseases. As a medical provider I have seen horrible disabilities,1.0,0.6666666666666666,2
BMJNVM6R,Malaria Vaccine A Letdown For Infants. <url>,0.0,0.6666666666666666,1
7LUK5YPX,"<url>
Measles outbreak: Different states, different rules on vaccinations.",0.0,0.6666666666666666,1
PLPAQTUU,<user> Definitely NOT disagreeing with you re the issues with anti-vaccine idiots. But most babies don't get good immunity against...,1.0,1.0,2
BNZEGYLA,Seventh measles case diagnosed in Washington: A Whatcom County man was diagnosed with measles after visiting a… <url>,0.0,1.0,1
DD99Q0S9,Cancer vaccine proven safe?,1.0,1.0,2
9E4OUZST,"As you lay, cold and flu. I will risk my immunity for just one kiss.",0.0,1.0,1
RSVL3SEZ,"<user> to get to a good page I just typed in ""vaccines"" into google and the CDC vaccination page will pop up as one of the options",0.0,0.6666666666666666,1
I3074Q60,If Anti-Vaccine Parents Rode The Magic School Bus: <url>,1.0,0.6666666666666666,2
740ZD0Y8,Another Study Finds No Link Between MMR Vaccine and Autism <url>,0.0,0.6666666666666666,1
I5YWTRE1,<user> I'm sorry but that is 100% inaccurate. Please look at what is inside of vaccines. It's toxic. And there are SO MANY diff,-1.0,1.0,0
Q6J635PS,Expanding flu vaccinations to older children reduces emergency visits for flu-like illnesses by 34 p... - <user> <url>,1.0,0.6666666666666666,2
AUDAGQU0,"Three-kid vaccine ""catch-up"" appt. Yay! (<user> I'm oversharenting)",1.0,1.0,2
EYCDB61S,"Why are noninfectious ppl being put into quarantine, but unvaccinated kids still attend school? #vaccineswork <user> <user>",1.0,1.0,2
XOSF5QFV,"RT <user> While some scaremonger vaccines, they helped lower children under 5 mortality rate by 12,000 a day. <url>",1.0,0.6666666666666666,2
QK8XC2RM,Shouldn't this end the discussion? RT <user> Even ISIS supports getting kids vaccinated <url> <url>,1.0,1.0,2
J3VTEHQF,"<user> Yeah, vaccines are bullshit. All they are is mandatory and legal poison. -.-",-1.0,0.6666666666666666,0
58ZMK3F6,But for real y'all vaccinate your children,0.0,0.6666666666666666,1
GQ4NKPEW,Gilroy Costco Customers May Have Been Exposed To Measles <url>,0.0,1.0,1
NYVE7A8B,<user> couldn't agree more!  Lot of talk in Chicago regarding Jay Cutler &amp; Kristin Cavallari's kids not being vaccinated,0.0,0.6666666666666666,1
0HII8A1W,Have you had your #workday / #schoolday vaccination yet?  If not… <url>,0.0,0.6666666666666666,1
INN5YHF2,This year almost 90 people in 14 states have been infected with the measles <user> <user> <user>,0.0,0.6666666666666666,1
V08EDQ2W,"Ladies about this measles outbreak do you think the timing of 80,000 unvaccinated illegal kids going to Disneyland might hmmmmm #Outnumbered",0.0,0.6666666666666666,1
DM7I94T3,"“<user> #Vaccine Fraud: U.S. Mainstream Media Censors Whistleblower’s Explosive Story "" is BS <url>",0.0,0.6666666666666666,1
UYRKVSHN,"Vaccinate your f*cking kids, people. <url>",1.0,1.0,2
BN6425H5,Interesting editorial given the current measles outbreak in NYC-- <url>,1.0,1.0,2
IGHN78FT,I got 3 vaccines in 2 weeks I'm pretty sure that's not safe,-1.0,0.6666666666666666,0
5BWOJ7QG,66 confirmed cases of measles in California-centered outbreak <url>,0.0,1.0,1
ZDFJXQJ4,"<user> <user> 🎶Dear Prudence, won't you vaccinate your kids...🎶",1.0,1.0,2
RQIVPZJ2,"5 Things You Need to Know This Morning: Purdue Safety Plan, New Push for Immunizations, IndyCar Returns to IMS,... <url>",0.0,1.0,1
VYWMAUOG,"Health officials encouraging public to get flu vaccine early: Flu season is on the horizon, but this year the... <url>",1.0,1.0,2
Z0WSUMKP,".<user> <user> Aren't all vaccines ""reactive""?  We wouldn't have a smallpox vaccine were its dev. not a reaction to it killing us.",1.0,0.6666666666666666,2
3HESICPC,Vista clinic cleared of measles exposure: A measles outbreak continued to affect the San Diego region Monday as… <url>,0.0,1.0,1
ZC5QM1OR,Let it rain over me <user> #dc #djflyer #dj #instadc #flyer #washingtondc #dmv #mmr #follow… <url>,0.0,1.0,1
0VD2B7ZS,All the vaccinations my kids are required to have by law...have mercury in them.,-1.0,1.0,0
IKF5NVZ2,"<user> Except,of course, in the cases where outbreak occurred b/c ppl recently vaccinated GOT the disease FROM the vaccine &amp; spread it",-1.0,1.0,0
PMW31DLQ,"""<user> And Breitbart News goes full vaccine truther. Awesome day, GOP. <url> really? Try reading it #hearthiswell",-1.0,0.6666666666666666,0
SV7SFTZF,<user> <user> <user> <user> <user> So both the CDC and the vaccine insert are wrong?,1.0,0.6666666666666666,2
MTDSZ13Z,I feel the slapping is a vital step “<user> <user> <user> shouldn't it be a robot that vaccinates you against measles”,1.0,0.6666666666666666,2
34P1UVEN,I think MMR has the intern on the air. This guy sounds stiff as a marble statue.,0.0,0.6666666666666666,1
O24GZW4H,"Nothing makes me angrier than sane, intelligent people falling for the conspiracy nutjob theories on autisim/vaccines.",1.0,1.0,2
RIH6NFO4,"Mandate flu vaccines for health-care workers, journal says",0.0,0.6666666666666666,1
30308UMI,Measles is the new Ebola ... Wait ! What's Ebola ?  Oh yea the pandemic that never happened... Chill people,0.0,0.6666666666666666,1
DYA5VII4,“<user> Canada to ship 800 vials of experimental Ebola vaccine to UN health agency: <url> #Ebola,0.0,0.6666666666666666,1
644FYRT7,Outbreak in Ohio adds to 18-year high of measles cases in U.S.: (CNN) — Sixty-eight and counting.An outbreak of... <url>,0.0,0.6666666666666666,1
B440BX0X,How to Think About the Risk of #Autism <url>  #vaccinesaresafe,1.0,0.6666666666666666,2
Y8YZYY36,If you guys think you're not buying these measles bands tomorrow for a dollar then you have another thing coming.,0.0,1.0,1
EPT47EXY,Measles cases turn attention to bounty of childhood vaccines <url>,0.0,1.0,1
2HOYSY0P,"AUTHENTIC EBOLA VACCINE, BLACK PLAGUE BLACK DEATH VACCINE, YERSINIA PESTIS VACCINE, HIV VACCINE. <url>",0.0,1.0,1
YEJROVL3,"Funny and Sad. ""<user> The #Vaccine Deniers:
For more cartoons: <url>
#science #measles <url>",1.0,1.0,2
1M97HWGC,AIDS N : HIV-Positive Youth May Lack Immunity to MMR Diseases <url>,0.0,1.0,1
E2RC9YAS,17 Reasons Why No One Should Ever Vaccinate Their Kids - <url>,-1.0,1.0,0
BFADOS2T,Measles Infections In California Grow To 123: The number of measles cases in California has reached 123 in the wake… <url>,0.0,1.0,1
YVE1K0UP,Bring it on typhoid fever !! And all the other various exotic disease vaccines I just got. (at <user> <url>,0.0,0.6666666666666666,1
S4E4SFWV,"Being FAKE is like dying of a slow death wit no vaccine, being REAL is eternal and healthy. Which dose have you taken today?",0.0,0.6666666666666666,1
ITH2BUI7,Measles outbreak puts Chicago parents on high alert <url>,0.0,1.0,1
ILX7U8AE,“<user> People who complain live longer. Releasing tension increases immunity and improves overall health.” <user> youre immortal,0.0,1.0,1
J2Y34M3L,The low immunity of the human becomes unsustainable to enable proper brain function. Low brain function leads to more lower immunity.,0.0,1.0,1
RRC11O75,"<user> The law is whatever the pediatrician says is ""the law."" That was the wording used prior to the 9 vaccines given to a 4 mo old baby",-1.0,1.0,0
9D4VLWRT,<user> yeah tell that to all the Amish people out here. The measles are breaking out into the schools and kids are getting it 😷,1.0,1.0,2
UA9GCEH9,Chicago expands meningitis vaccine recommendation: Chicago public health officials have expanded a meningitis… <url>,0.0,0.6666666666666666,1
39LZM4FP,"did you know you get infected with the measles through airborne transmission 
wtf",0.0,1.0,1
WKAEL9SG,"My son has been vaccinated at least 3 times but has no immunity to measles. It is rare, but pLease get vaccinated!",1.0,1.0,2
EOJ6NRNT,That island is turning into the next Disneyland with measles #Arrow,0.0,1.0,1
G9N9AMPC,"<user> Anti-vaccination parents risk everybody's lives not just their own. I rarely call for behavior to be criminalized, but that does it.",1.0,1.0,2
CROTITZX,"<user> If your kid is vaccinated, why are you worried about what other parents do?",-1.0,1.0,0
8ALHQ663,La Mesa urgent care shut down due to measles cases: The urgent care clinic at Sharp Rees-Stealy in La Mesa was… <url>,0.0,0.6666666666666666,1
3HVWLY3V,"<user> <user> I do. I am of the age that should have had kids' viruses, but didn't, I avoid sick kids cuz no MMR shot as adult.",0.0,0.6666666666666666,1
P4WX8EP7,<url> Dr. Reveals truth about vaccines!,-1.0,0.6666666666666666,0
D87LBQF9,Anyone who spends time with your newborn needs a flu and pertussis vaccine! Protect your baby! #prevention #Vaccines,1.0,1.0,2
93H79C3M,#KidPresidentCampaignPromises free kootie vaccination for all,0.0,0.6666666666666666,1
8TIPYPTG,Vaccines were developed by scientists. I like science. #Autism  <url>,1.0,1.0,2
N16YKKMK,The vaccine-autism myth // <url>,1.0,1.0,2
VGU16TPD,"Parents who DON'T vaccinate their kids. 
Table open for discussion .

(I have a pt with measles today btw)
Smdh",0.0,0.6666666666666666,1
5GV8NEZS,S1256 [NEW] Extends exemption from charitable immunity for certain civil actions to persons of any age who are be... <url>,0.0,1.0,1
YPKOXV93,It'd be really awesome if Jenny McCarthy contracted some vaccine-preventable communicable disease from the hoi polli in Times Square.,1.0,1.0,2
JEQRBJYR,Vaccine Ingredients and Manufacturer Information - Vaccines - <url> <url> via <user>,0.0,1.0,1
KWKWVOBP,"“<user> On average, people who complain live longer -- Releasing this tension increases immunity and boosts their health.”",0.0,1.0,1
WGEEXUFA,<user> <user> <user> <user> <user> <user> <user> 13 confirmed vaccinated had measles. Patient 0? CDC?,1.0,0.6666666666666666,2
V3H31TSP,Measles epidemic on tonight's <user> episode. Hope PNW parents are watching. #dontdelayvaccinate,1.0,1.0,2
MUTB3Q2M,"<user> David's draws twisted, and Huck needs his immunity now!!! Abby's a Lion up there. #Gladiators 
#underfire #ScandalThursday#TGIT",0.0,0.6666666666666666,1
V81F98D3,<url> Battling Infectious Diseases in the 20th Century: The Impact of Vaccines,0.0,0.6666666666666666,1
J7068QHJ,<user> yes but measles isn't as virulent as Ebola.  Just don't want this tweet to be taken as a reason to not combat Ebola.,0.0,1.0,1
IVGU16IW,I'm at the County Health office waiting for Yellow Fever vaccination. Looking forward to #taborwichita Bolivia,1.0,1.0,2
XRR2BZC0,The MMR ModSpace MX-5 team on the grid for the second Battery Tender race at Sebring! #Sebring #modspace #mazda #mx5cup #globalmx5cup #scca,0.0,1.0,1
SQVTGX08,<user> Have yng friend that had a normal baby.  Dr. gave five vaccinations in t same appnt n a week later he showed signs of autism,-1.0,1.0,0
OI7TM3RX,I can't believe people listen to their pastors about MEASLES (kill you and poor little babies who have no choice) Get vaccinated!!,1.0,1.0,2
997L3YNX,I know what vaccinations are for. I was responding to a tweet about children being sick adults without vaccines <user> <user>,1.0,0.6666666666666666,2
PZD1NUH9,Measles is cool and all... but wouldn't it be more entertaining to watch polio wipe out genetic stupidity?,1.0,0.6666666666666666,2
NSQBO89B,Ain't Nobody Fucking With My Clique. Jgs On A Monday I'm Here. MMR 🏃 NJ   @ Jersey Girls Go Go <url>,0.0,1.0,1
L8G3Z08A,<user> so mmr resets just reset to exploited when players rejoin 2200 team. All taken away achieves return. Heads up,0.0,1.0,1
2W171AND,Basic bitches. Annoy me so much more now that the immunity is gone from high school,0.0,0.6666666666666666,1
FA489FHV,You should be taken out behind a shed and shot if you don't get your kids vaccinated,1.0,1.0,2
GNV449VA,🔥🔥🔥 <user> #mmr #somage #jennifair #studio #heat #somagestudios #chicago #eastcoast @ SoMage… <url>,0.0,1.0,1
QJ9Q2OOK,"AM-News : Novel HIV Vaccine Prevents Disease in Monkeys: US researchers are calling it a ""Big Deal."" Next year,… <url>",0.0,0.6666666666666666,1
ZFL2WDJ0,<user> both coasts had free measles shots today for CMs,1.0,0.6666666666666666,2
DYY7H79V,North Texas City On Alert After Confirmed Measles Cases: NORTH TEXAS (<url> – A North Texas... <url>,0.0,1.0,1
9Q13B59P,#ILoveObama Because he is a Good Man in A den of vipers. I hope Bonehead &amp; Net an Yay Who catch the #Measles!,0.0,1.0,1
9A984B1S,"Free measles with admission. (at <user> in Anaheim, CA) <url>",0.0,1.0,1
ZE1YCRTY,Governor signs mandatory vaccine bill: Gov. Jerry Brown has approved mandatory vaccines for most children in… <url>,1.0,1.0,2
RSK513AJ,"<user> On average, people who complain live longer -- Releasing this tension increases immunity and boosts their health<user>",0.0,1.0,1
B8MCC5JX,"Shit all I know is, if you're not getting your kids vaccinated dont bring em around me or anybody else.",1.0,1.0,2
DKMTQSXF,Officials encourage flu vaccinations in Michigan: Health officials are encouraging Michigan residents to get flu… <url>,1.0,1.0,2
28ML9L3Z,"Study of more than 95,000 kids finds no link between MMR vaccine and autism <url>",1.0,1.0,2
LM4OJ692,Because we learned nothing from ebola. RT <user> This is the latest map showing the spread of the #Measles outbreak <url>,0.0,0.6666666666666666,1
5PA1ENQB,<user> nah I had my kids immunized. I believe in it.,1.0,0.6666666666666666,2
ZDSTTHMA,If you're a parent and you don't vaccinate your child you're a god damn idiot.,1.0,1.0,2
UPWQL9NN,Huh? “<user> The measles outbreak threatens to polarize and weaken the social consensus in favor of vaccination <url>,1.0,0.6666666666666666,2
Q3U4NX0B,"There have been 7 confirmed cases of measles in north texas this year, including 2 active cases now in Tarrant co. <user>",0.0,1.0,1
HKC75PL6,"Dr. Toni Bark, M.D. – Do Not Remove Vaxx Exemptions – Some Children Die from Vaccines  <user>  <url>",-1.0,0.6666666666666666,0
62K1KSQC,<user> did you vaccinate any children?,0.0,1.0,1
7DVZHKD3,"[To roommate]
""We should go get flu vaccines.""
Why?
""Well, the flu isn't a great a great disease.""
The flu is fine. 
""Ok.""",0.0,0.6666666666666666,1
9CC03UAR,"<user> was a sponsor for e- cigs this summer, so she clearly knows what's best when in comes to health and vaccinating your child",1.0,0.6666666666666666,2
Q1JP87JB,"<user> but honestly, Rogue would absorb poison immunity, Ivy would pass out, Poison Control shows up #BennyHillSax",0.0,1.0,1
0TOCD6GB,"Nooo stop! ""<user> Chris Christie has come out in support of parents who choose not to vaccinate their kids: <url> """,-1.0,0.3333333333333333,0
JTSPDE7M,People who refuse immunization's for there children are just uneducated and especially if you say because it hurts them?!? Really grow up,1.0,1.0,2
ERUGCOSF,Low key don't even know if I can go to school Wednesday. I haven't gotten vaccinated 😂😏,0.0,1.0,1
0Y56ZZKS,"""<user> On average, people who complain live longer -- Releasing this tension increases immunity and boosts their health.""<user>",0.0,1.0,1
B18K88K7,"All NYC parents who did not let their kids have the measles vaccine, please bring them to the nearest disintegration chamber.",1.0,1.0,2
Y1X239EZ,<user> strong babies are immunized. <url>,1.0,0.6666666666666666,2
ELHEUPE1,"It's my immunity, and I want it now! 😂 Huck #Scandal",0.0,0.6666666666666666,1
9F9VWXX2,"San Antonio health agency strongly disagrees with DA Nico LaHood, says vaccines do not cause autism <url>",1.0,0.6666666666666666,2
R1NM4Q4S,<user> <user> Me too. That's why my husband and I have chosen not to vaccinate our kids.,-1.0,1.0,0
3PK5UHFM,This girl's first casserole! Inside out (ohh you turn me) stuffed pepper! #growingup #yum courtesy of MMR 💖 <url>,0.0,1.0,1
QQUYCRFJ,New vaccine required for students: The state Department of Health has announced new vaccination guidelines for... <url>,0.0,0.6666666666666666,1
ZHBMBCHL,U.S. Surgeon General applauds Indiana’s high measles vaccination rate: As the measles outbreak inches closer to… <url>,0.0,0.6666666666666666,1
6I78FXAD,Even Jim Carreys Kick Ass co-stars think he's an idiot. Should stick to putting kids in danger with anti-vaccine campaign. Jackass.,1.0,1.0,2
YN1JHJR7,Maternal vaccination with influenza/other protects newborns who are too young to be vaccinated <user>,1.0,0.6666666666666666,2
W4WIDH57,"Scientist Recalls The 1988-90 Outbreak When 12,000 Angelenos Caught Measles: A disease researcher who worked… <url>",0.0,1.0,1
HJC0FQC0,Pack contains gloves #prevent #protect against #measles and other viruses #eliminatebacteria #ebola is… <url>,0.0,1.0,1
ACB2XSC0,"<user> His ""alternative medicine"" is based on an iota of truth, puffed into conspiracy theory. Vaccines save lives.",1.0,0.6666666666666666,2
LKC9N86Q,I swear y'all freakin dirty elementary kids w/ the measles better stay home. I better not see measles spread to start. 😒,0.0,0.6666666666666666,1
3ZN0PVXQ,"Google ""autism and vaccines"", though, and this study comes up right away. That's a huge problem: <url>",0.0,0.6666666666666666,1
VRLTLH3P,"“<user> On average, people who complain live longer -- Releasing this tension increases immunity and boosts their health.”that us BS!!",0.0,1.0,1
N62TN2AV,Bob Iger says #measles has no impact on attendance at Disneyland. Year-over-year quarter trending higher attendance $DIS,0.0,1.0,1
E80FYBRG,Thanks to our awesome school nurses and student services staff for getting students in compliance with the new immunization requirements!,1.0,1.0,2
60PBZSJL,AM-News : 'India Should Take Lead to Fight Viral Diseases': The complex challenge for a HIV vaccine is that it is a… <url>,0.0,0.6666666666666666,1
FNNJOXHP,"<user> exactly what happened to my daughter, encephalopathy from vaccines, autism, but we got SHIT. No one even believes us.",-1.0,1.0,0
QXYRQRN3,If you want to prove that your one life has influence... Go to Disneyland with the measles,0.0,1.0,1
1QVZ9C7J,"""Frequent complainers on average tend to live longer. It boosts the health and immunity by releasing stress and tension.” YAY ME 😄",0.0,1.0,1
44UTY8F7,4-7 The Global Health Security Agenda - Vaccines -RFID &amp; LGBT? What??: <url>,0.0,0.6666666666666666,1
E9FVT7IT,What the hell I have to go to the hospital bc my roommate might have the measles,0.0,1.0,1
6C7INV7W,<user> look 4 vaccinated vs unvaccinated;  longterm health studies.,0.0,1.0,1
4O1BWRHV,<user> #GOP STOP blaming #Immigrants first #Ebola now #measles Which diseases?brought their ancestors?#AINF <url>,0.0,1.0,1
GTPUVTSE,"ZERO reason for this!! RT ""<user> Measles Outbreak In Orange County, California Worst In Decades <url>",1.0,0.6666666666666666,2
1W7CNW8B,"Seriously I don't get annoyed about much on here but saying ""my child, my choice "" regarding vaccinations is so beyond ignorant.",1.0,1.0,2
KHAKLPEY,"<user>  Vaccinate your kids, Mike.  <url>",1.0,1.0,2
T3OAJI1E,Remind me how many Dem leaders in 2015 have suggested you shouldn't have to vaccinate your kids of you don't want to? #bothsidesdontdoit,1.0,0.6666666666666666,2
I9Z82CL0,"Senior Technical Officer, Vaccine and Pharmaceutical Technologies, Seattle, Washington #internship <url>",0.0,1.0,1
97NN2PSK,Make Vaccines Mandatory to Attend California Schools <url> <user>,1.0,1.0,2
ZK3S5U50,I have this theory. If you don't know anything about a vaccine except how to give it. I don't want to hear your constant rants about them.,1.0,0.6666666666666666,2
QS5WM750,Just got proof of my MMR shots! Yay! (@ Herando county school board office) [pic]: <url>,1.0,1.0,2
M1BJHX8C,Health district: 2 possible measles cases reported near Reno <url>,0.0,1.0,1
ODWU5QUG,<user> Why are those born before 1957 considered immune to measles even though they may never have had the disease? #OrangeRoom,0.0,0.6666666666666666,1
UQSK271P,Three more 'probable' measles cases amid broader outbreak: Public health authorities in San Diego say they have… <url>,0.0,1.0,1
T09Q1BZ7,"<user> <user> <user> His #health  science advisor on #vaccines  is <user> Need I say more, really? ROFLMAO :)",0.0,0.6666666666666666,1
6UI7CB3J,"My mother is turning into a conspiracy theorist     She wants me to,""Google microchips in vaccines"".   She needs to stop reading snopes",1.0,0.6666666666666666,2
UWJZP72D,HB71 [Update] Providing for hospital care or assistance necessitated by traumatic injury immunity. <url>,0.0,0.6666666666666666,1
NDTD2HK1,"You guys missed Tom Brady's post game speech. Instead of saying he was going to Disneyland, he said ""go vaccinate your children you idiots.""",0.0,0.6666666666666666,1
9WK8QL3N,Sooo now there's measles at Vista...,0.0,1.0,1
9Z4OYMNX,"Assault on 27XX S DORT HWY, Flint, MI (via spotcrime.com): Shooting/Stabbing. Pd & fd with mmr rig o/s with subject ... <url>",0.0,1.0,1
PC4G2XGO,All I wanted was a opportunity a bad bitch and some immunity to keep me safe from the snakes,0.0,1.0,1
25VWWYOX,“<user> People who complain live longer. Releasing tension increases immunity and improves overall health.” Ima be 19372820,0.0,1.0,1
RJ62M26M,<user> I wanna go😩 but fuck the measles☝️,0.0,1.0,1
AZZPP2TK,<user> What's your advice on #measles vaccine for kids &lt;1yr? Earlier MMR rec'd for intl travel - what about to protect in outbreak?,0.0,0.6666666666666666,1
B1HZG7MU,<user> Do they have laminated menus with ketchup stains? Are you up-to-date with your vaccines?  Then yes. Totally safe.,1.0,1.0,2
MEX94X3H,Are there measles in Arendelle? ❄️🏰💜 #EmolyandClaire #Winterbreakisntcompletewithouther @ Arendelle… <url>,0.0,1.0,1
8OG8JCNF,Measles outbreak: man suspected to have died of disease in Swansea <url>,0.0,1.0,1
WMC76NEW,“<user> J&amp;J Ebola consortia gets 100m euros to accelerate vaccine <url> #pharma #health”,0.0,1.0,1
SZVTQ8PK,"<user> lol no no I totally agree with this kinds of vaccinations. Chicken pox, small pox, measles etc 👍😷",1.0,1.0,2
OBF9ZAZY,<user> ur gonna get the measles at disneyland,0.0,1.0,1
16S6UPL0,Baltimore students have until Monday to be immunized or turned away from school. <url>,0.0,1.0,1
JLW3AY7Z,<user> or are you scared that the smallpox vaccine gave your child ADD and saved them from smallpox?,1.0,1.0,2
O5XYYXNN,"Jenny McCarthy on TV, not suffering from measles.",0.0,1.0,1
KFC3U385,“<user> Can there be a feelings vaccine? That's one disease I never want to fucking catch.” OMG FOREAL THOUGH.,0.0,1.0,1
NZ7TI6ZS,"Measles is extremely contagious, about 9 times more so than Ebola. It is irresponsible to leave your home without being vaccinated.",1.0,1.0,2
IBHB5HSK,"""<user> Meet the person who did the safety studying comparing the vaccinated &amp; unvaccinated. <url>",0.0,0.6666666666666666,1
3T0S2VQV,"<url>
Never has there been a safe vaccine and never will there be a safe vaccine",-1.0,1.0,0
TFM1662K,Parents that don't vaccinate their kids are the dumbest ever💆,1.0,0.6666666666666666,2
V7F93HW5,"""<user> what's life without the risks.""",0.0,1.0,1
215ODCPC,<user> <user> that's insane! The risks of the child contracting measles &amp; dying is far worse than the risks of vaccinating.,1.0,1.0,2
07E3D276,Vaccines can give children the opportunity to live to their full potential #vaccineswork,1.0,1.0,2
8SI149NO,Arkansas just removed 100+ students from school that did not get there required immunizations. Good move AR.  I rarely get to say that. :),1.0,1.0,2
HUULAPWP,Apparently MMR doesn't like my twitter but not too bad considering #hungover #starvinglikemarvin <url>,0.0,1.0,1
MIPDWY5Y,<user> absolutely. It only takes a vaccine but parents today are more ignorant than forty years ago and put others at risk,1.0,1.0,2
8TZCWOBN,"<user> <user> <user> <user> U mean the parents opt out from vaccinating their kids? U call that""abuse?""",-1.0,0.6666666666666666,0
ETGU6O18,"Expert Q&amp;A: Childhood Vaccine Safety: WebMD Health NewsBy Kathleen DohenyReviewed by Jennifer Shu, MDFor parents,... <url>",0.0,0.6666666666666666,1
95SB7O3C,<url> #mercury #vaccines #autism,-1.0,0.6666666666666666,0
23MHUE8S,MMR x DB @ DE$IGNER <url>,0.0,1.0,1
RQNCVDWC,"""Vaccines aren't effective""
Yeah cuz dumbfucks like you don't immunize your kids so it viruses stay around and mutate against them.",1.0,1.0,2
PMW2MBG4,"Two new cases of measles hit city: Two new cases of measles have been reported in the city, raising the total... <url>",0.0,1.0,1
H7CBNQYY,"Somerville out of flu vaccine, remaining clinics canceled: SOMERVILLE, Mass. -- The City of Somerville Health... <url>",0.0,1.0,1
J6Q5PZVV,"<user> my question is: if you don't get your kids vaccines... How will they fair in getting into schools, colleges, etc (policies) ?",1.0,1.0,2
0RRJNNN7,"The reproductive rate (r0) of this Ebola epidemic is 1.7.  
Measles r0 is 18. We got lucky this virus is slow spreading.  <user>",0.0,1.0,1
IC94ZNF2,"""<user> Benefits of music - stress relief - boost immunity - reduce heart disease - enhances emotional strength - boost self esteem.",0.0,1.0,1
ZN7U75H2,New Case Of Measles Reported At Santa Monica Infant Toddler Center <url>,0.0,1.0,1
S1LRHP1O,“<user> Damn the whole #MMR team came out #SkyboxLounge”,0.0,1.0,1
5CGHUA5I,"California's measles outbreak is a huge indicator of the outcome placing immigrant children,not vaccinated with those who are. Red Flag",1.0,0.6666666666666666,2
XIUHR4U1,Tarrant County Confirms Another Measles Case: TARRANT COUNTY (<url> - Another measles case has... <url>,0.0,1.0,1
9VF69R5P,I'm pretty sure people who don't vaccinate their children also leave shopping carts to roll around parking lots.,1.0,1.0,2
DLJP6DFT,What measles? Disney raises ticket prices at U.S. theme parks <url>,0.0,1.0,1
YX12DQJ8,"Opps should have been ""got the flu SHOT"",but I'm glad I did reports are saying there is a shortage of vaccine in the DMV! #safethansorry",1.0,1.0,2
RBJTD3JU,Why are certain GOP saying don't need a law 2 force vaccinate child but we need a force law 2 tell women what they can do with their bodies?,1.0,1.0,2
9249UWXS,people who think that vaccines cause autism are literally destroying our herd immunity and it makes me so mad,1.0,1.0,2
VR447ZKG,I love that the woman who convinced America that vaccines cause autism is now starting in e-cig commercials.,1.0,1.0,2
4GHZ1DJI,SF2136 [NEW] A bill for an act requiring immunization against meningococcal disease for certain students. (Forme... <url>,0.0,1.0,1
F0HV4ZVL,"Need a vaccine! <user> 60 deaths so far from #Ebola in Guinea, 30 more in Sierra Leone. <user> on alert <url>",1.0,1.0,2
4OITSN2I,Things get hard around this time of year #allergyseason #children #SickKids but I believe they are developing immunities and that's powerful,0.0,1.0,1
I03EI4RN,“<user> Kings of Leon concertgoers may have been exposed to measles: <url> <user> whoops!,0.0,1.0,1
Q0J7C1KO,"Media Sweetheart Paul Offit’s Vaccine Lies Deconstructed: Mind-Blowing Interview, Dr. Suzanne Humphries <url> via <user>",0.0,0.6666666666666666,1
ZWVVB72A,"Hope! 😀 Massive dose of measles #vaccine clears woman's #cancer

<url>",0.0,0.6666666666666666,1
78NRP6VB,If you get the flu shot for you or your child along with vaccinations. You're fucking ignorant.,-1.0,1.0,0
4HPRNLHP,Are ppl aware that the majority of kids who got measles at Disneyland were UNVACCINATED? That means ur vaxx kids were not in danger so STFU!,0.0,0.6666666666666666,1
5L54CBEF,"<user> There are tons of risks...mercury contaminates, Autism, weakened immune system. Educate before you vaccinate!!",-1.0,1.0,0
GJRG9TTL,".<user> great #vaccine PSA <url> ""Remember that time you got polio? No, you don't""""Get your (bleep) kid vaccinated""",1.0,1.0,2
VW82QSNE,By letting Nixon off the hook for massive criminality he was granted a kind of sovereign immunity in life and historical ambiguity in death.,0.0,1.0,1
GGORTOQO,Getting my vaccinations up to date for clinicals. Woohoo. (@ Jackson County Health Department) <url>,1.0,1.0,2
V0MI79XP,<user> and not getting vaccinations leads to illness and sometimes death.,1.0,1.0,2
OGM7QNXH,"<user> If you want to effect real change, give insurance breaks for vaccinating your kids. I'm pro vaccine, but don't legislate it.",0.0,0.6666666666666666,1
MUFFQP3V,<user> and ... You did not pass on MMR to those too young to be vax and those who can't get vax- thank you,0.0,0.6666666666666666,1
8CJWKNXQ,I was gonna get the vaccine for cooties but I don't want to get autism.,-1.0,0.3333333333333333,0
X8SMNPXH,#cheers #mistersoftee #milkshakes <user> <user> &lt;--MMR  @ Mister Softee Truck <url>,0.0,1.0,1
27Z88MOC,"Here is Penn &amp; Teller’s graphic illustration of #vaccine safety (beware, some graphic language).
<url>",1.0,1.0,2
U7BU1293,DOH Confirms Another Case Of Measles In Florida: Florida health officials have confirmed another case of the… <url>,0.0,0.6666666666666666,1
ZXQF4SZA,"Come on, people! RT <user> Unvaccinated people spread measles at Disneyland <url> <url>",1.0,1.0,2
339P2WMK,"I know this may come as a shock, but a new study places blame for Disneyland measles outbreak on anti-vaxers <url>",1.0,0.6666666666666666,2
2PMX8G4C,I bet our culture and society do more to induce autism than what some people claim vaccines do.,1.0,0.6666666666666666,2
ZEF757L5,Flu clinic is still going on- plenty vaccine. Hit the staging area in waben park and get your shot at the high school.,1.0,1.0,2
OVFG8XCD,First American flu vaccine. (@ NYU Student Health Center) <url>,1.0,0.6666666666666666,2
ABQCJ341,#seattle #jobs Data Coordinator I (Vaccine and Infectious Disease Division) DJ24618 - Fred Hutchinson Center -  ...  <url>,0.0,1.0,1
W78TN93Z,I don't see how were flipping the vaccine issue to be a GOP thing. We all know it's hippy lefties who are too stupid to vaccinate their kids,1.0,1.0,2
5S9QXBJ2,Health News: The vaccine for cervical cancer may also help men Read how <url>,1.0,0.6666666666666666,2
C7MHI5CA,15 cases of #measles so far in Tarrant County...and the number could go higher still. 12 of those are not contagious any more.,0.0,1.0,1
R29GUM1A,<user> I really wish you guys had just gone the Dota route of having separate mmr's,0.0,1.0,1
DA6FV8JJ,Medical Examiner: HPV vaccine did not cause death of 12-year-old Waukesha girl: WAUKESHA (WITI) — The Wauksha… <url>,0.0,1.0,1
01E100JT,"Home and safe from MMR. Best ever? Well, if you didn't go, how would you know?",0.0,1.0,1
N8419O3Z,Got fucking infantago on my arm from my dads stupid ass cat that doesn't have any vaccines. It's basically a wild animal,1.0,0.6666666666666666,2
X5CQJYWC,<user> pumpkin pie amd vaccinated kids are hard to find on the west coast.,0.0,0.6666666666666666,1
GRBC47JS,"Thank god I got my MMR.  BECAUSE IT WAS THE LAW BACK THEN (@ 16th St. Mission BART Station in San Francisco, CA) <url>",1.0,1.0,2
2FDUEJ4F,"<user> Also, I'd like to rant about measles. But, Bayern first.",0.0,1.0,1
4H4KQT3W,People not vaccinating their kids is ridiculous,1.0,1.0,2
340LO6U3,Google image the mumps and you'll vaccinate your kids I guarantee it,1.0,1.0,2
UC7XDOIR,"😂😩😫“<user> If you don't vaccinate your children, I have the right to spray them in the mouth with Lysol.”",1.0,0.6666666666666666,2
3598PITG,<user> Children crying. Vaccine. Needle.,-1.0,0.6666666666666666,0
CMUH9AVM,<user> unfortunatly auto-immune disorders r increasing. Known Allergies 2 vaccine ingredients recently correctd   <user>,0.0,1.0,1
ST3A265H,Interesting trends in child immunization in Oklahoma from <user> covering the <user> meeting.,0.0,1.0,1
HWLXP5YG,#vaccinesNOVA Antivax used outrageous scare tactics &amp; lies to stop others from vaccinating #smallpox myths-Misinformation continues 2day,1.0,1.0,2
YQ78L3JO,Bennett tries -- and fails -- to add mercury vaccine ban to health care bill <url> via <url>,0.0,0.6666666666666666,1
WJJ7MY3Y,"Gov. Pence urges Hoosier families to vaccinate kids as measles spreads: In a statement released Tuesday, Governor… <url>",1.0,0.6666666666666666,2
JOTHYGYQ,#PopularNoBodies #MixTape Out Now❗️❗️❗️ {Link n Bio} Or #SoundCloud #MMR #EazyXDibi @ ClubSho 7/18 <url>,0.0,1.0,1
6YAAUJW9,Why wouldn't you vaccinate your kids? Real question.,1.0,1.0,2
YDYDPFR1,"In the CDC we blindly trust, right? #CDCwhistleblower #BlackLivesMatter #vaccineworks #autism #SB277 <user> <url>",-1.0,1.0,0
IIQE8I3H,"'Measles parties' a bad idea, California public health officials warn: California public health officials are… <url>",1.0,0.6666666666666666,2
VS3TX0VZ,<user> <user> ....disclosing the 4ppm of unsafe fluoride in our tap water! Whistleblower! 1ppm is safe! This reacts with your vaccines,-1.0,0.6666666666666666,0
6O0Y8M8L,Shots time yet again! (@ Central District Health: immunizations) <url>,1.0,0.6666666666666666,2
NRFC8TNU,<user> MT <user> A simple way to decrease the number of parents who choose not to vaccinate their children <url>,1.0,0.6666666666666666,2
HXCP3AAM,"""<user> Being pro Healthy Children does not warrant label ""Anti Vaccine"" #VaxTruth #CDCwhistleblower",-1.0,1.0,0
1IA7RSSI,The problem with Obamacare is that vaccines are poisoning our plants and animals,-1.0,1.0,0
OCLAWYGP,<user> #GOP STOP blaming #Immigrants first #Ebola now #measles Which diseases?brought their ancestors? #AINF <url>,0.0,1.0,1
7B9Q56ZY,Arizona official: Measles outbreak apparently winding down: Arizona had seven of the more than 100 cases associated… <url>,0.0,0.6666666666666666,1
J8NCS086,"Dr. Art Caplan talks about ethical issue in global health:  the moral challenge of ""good enough"" with respect to Cholera vaccinations.",1.0,1.0,2
Z0SZ2BWR,"AIDS N : BioArt : Katharine Dowson's Brain Boxes, Crystal Chromosomes &amp; HIV Vaccine Work <url>",0.0,1.0,1
YBHPSVK2,"Bill would change NJ vaccine exemption: New Jersey might change a religious exemption that has allowed nearly 9,000… <url>",0.0,0.6666666666666666,1
S3D2KA1R,"Bitch, u got measles! #IDFWU",0.0,1.0,1
AH800CBL,Let's Make HPV Vaccination a Public Health Priority <url>,1.0,1.0,2
Z3FIVZB4,“<user> Measles Outbreak Linked To Disneyland Visits <url>,0.0,1.0,1
PYVCEFK0,<user> your propaganda &amp; childish imagery is laughable. it appears the establishment is portraying these traits. U have it twisted,0.0,1.0,1
GIZ16HQ2,<user> They have good reputation! Health is your main issue. Vaccination requirement would be my main question. Good luck #puppains,0.0,0.6666666666666666,1
GP4FBUFC,Had a rewarding conversation re: #autism &amp; #vaccine policies w/Samantha Roxas of Rep. <user> office. <user> <user>,0.0,0.6666666666666666,1
XM4MGIPY,Study: Vaccination Against Measles Helps Body Fight Off Other Illnesses: A new study suggests the measles shot… <url>,1.0,0.6666666666666666,2
3NIDX4VP,Hubs got his MMR shots for college last week. So when we found this book today while thrifti  @ thrift store <url>,1.0,0.6666666666666666,2
FLBF5HYD,Please vaccinate your children.,1.0,1.0,2
KVT3P5LU,"“<user> "" If you're a child of a Laingsburg coach... You therefore have diplomatic immunity.""” Ouch 😳😆",0.0,1.0,1
T8ZPA73T,((Cada Dia)) Measles hit the roads of USA once again: Measles have been making a strong wave of attack throughout the region. The num...,0.0,1.0,1
PCMAJRZ2,Get immunized TODAY!“<user> CDC: Measles Is Back and It's Spreading - <url>,1.0,1.0,2
AHIW6V0L,"Vaccinate your damn kids! ""<user> Stay tuned for more info on the spread of whooping cough in sd<user> <url>",1.0,0.6666666666666666,2
K9K7BBHZ,"Thanks, Anti-Vaxxers. You Just Brought Back Measles in NYC. <url> via <user>",1.0,1.0,2
V8AAKTIS,"<user> I am aware that MMR vaccinations start at 12 months, well before they start kindergarten",0.0,1.0,1
IWP4Z1CA,Disneyland measles outbreak spreads beyond California <url>,0.0,1.0,1
U8RYM6SI,vaccinate your kids I'm not bout to get sick/die if you think juniper leaf organic honey will cure your kid of polio #VaccinateYourKids,1.0,1.0,2
50EBFN10,"Spent the day at #Disneyland with the family. Saw a kid lose his lunch on the teacups. On the plus side, no one has the measles. #winning",0.0,0.6666666666666666,1
AGA9S3WV,"AIDS N : HIV, AIDS Cure &amp; Treatment: New Findings on Vaccine Response Out : Latinos Health News ... <url>",0.0,1.0,1
6K8K9EAP,<user> <user> what would you say to the parents of the 50000 Indian children that for paralyzed by the same vaccine?,-1.0,1.0,0
I7EREYA8,Childhood immunization rates at 1st STEPS practices up 7% over 15 months! Great news from the Harvest Conference. <url>,1.0,1.0,2
9ACY6QFW,when u get all fly to do to disney land but they having big measles outbreak :/ <user> <url>,0.0,0.6666666666666666,1
FZLCCDVA,Corbin surprised me at work with a Chanel purse from NY! ❤️ #Chanel @ MMR Group <url>,0.0,1.0,1
NOX606G4,"When I hear about un-vaccinated kids walking around I have the urge to get a series of rabies shots, and buy a garlic crucifix.",1.0,0.6666666666666666,2
38EDVJC5,The best goalie in the league will be a game time decision tonight #TeamLedge #measles,0.0,1.0,1
G1CJ54KD,<user> I'm not vaccinating my kids lol,-1.0,1.0,0
7AAUBTSF,When you had a rough night but you back workin again early and your shirt is on point..... #MMR… <url>,0.0,1.0,1
B4Y4ECG7,A work of art next to a work of art 😍 The beautiful ritamonroe ladies and gentlemen #smoknfaces #mmr… <url>,0.0,1.0,1
WFXC2FQM,"<user> <user> <user> Does current measles outbreak have roots in reckless congressional ""oversight""?",0.0,1.0,1
Y2FH4WNM,"“<user> On average, people who complain live longer. Releasing this tension increases immunity and boosts their health.” 💁reason",0.0,1.0,1
25E649I8,<user> giving me DVDs on how vaccinating children is bad,0.0,0.6666666666666666,1
SX8MX6OC,LAUSD Offers Whooping Cough Vaccinations Ahead of New School Year: Free whooping cough vaccinations provided by... <url>,0.0,0.6666666666666666,1
NZ3SW2Y4,"MAL PRACTICE=MODERN VACCINATION=DESTROY INFANT BRAIN=CREATE AUTISM KILLERS ADULT AND CRIMINAL MIND=DEMONS ACT=UN ACCEPTABLE,UNHEALTHY",-1.0,0.6666666666666666,0
EDDAD9OB,"Killed by measles: A heart-wrenching story of the last Michigan death, 11-year-old Tammy Bowman: In 1990, when… <url>",0.0,1.0,1
92WO1P60,Not looking forward to getting vaccines for school this afternoon...this wasn't what I was hoping to do on my day off.,1.0,0.6666666666666666,2
N45HNE1H,"“<user> <user> awww, thank you!!!! #MMR #mogulwins” No Doubt we on the same side ma!",0.0,1.0,1
EI3MXU6Z,“<user> A handy guide on how vaccines cause autism.  <url>  Heh. Informative &amp; eloquently explained,-1.0,0.6666666666666666,0
39OMR1UT,"The number of measles cases surges to 91 in California, up from 79 on Wednesday, the state health department says.",0.0,1.0,1
7ICF5F6D,Apples support Immunity and fights lung and prostate cancer.....Health Benefits of Eating Apples… <url>,0.0,1.0,1
BVDW18AF,"""<user> Several restaurants and stores in Ventura County had a recent exposure to someone with measles: <url>",0.0,1.0,1
RY2YF9LR,Manheim PA today. Low mileage cars and trucks have no ceiling. High mileage late model cars have no bids or many 1000's behind MMR,0.0,0.6666666666666666,1
M0LSSIAI,I'm really less pro-vaccine than I am anti-children.,1.0,1.0,2
USU1CLQF,"A vaccine 'revolution' aims for safer, cheaper treatments <url>",0.0,1.0,1
UW0BXIRO,“<user> 1) Marin County school board sides with young leukemia patient on vaccinations <url> #GateBreakers”,0.0,0.6666666666666666,1
4ZMP6HXJ,States with religious exemptions for vaccines have had more measles outbreaks than ones without? Hmmm must be a coincidence,1.0,1.0,2
L2V67RRG,"<user> NO EVIDENCE points 2 ""Unvaccinated ppl""as CAUSES of #measles outbreak @ Disneyland! Stop lying!",-1.0,1.0,0
UT0YPXIC,“<user> Measles Cases In The United States: <url> 😳,0.0,0.6666666666666666,1
LBIIM2BD,"Where's <user> ""<user> Why you should vaccinate your kids, in two minutes: <url>",1.0,0.6666666666666666,2
6CLNULES,Doctors often yield to parents' requests to delay kids' vaccines: Doctors commonly get requests from parents to… <url>,0.0,0.6666666666666666,1
27CJ1FFI,Remember when I said that it annoys me when parents don't vaccinate their children? Yeah. Now everyone is at risk. <url>,1.0,1.0,2
3UU70G2M,The risks of the vaccine outweigh the benefits. I think NOT!!! <user> <user>,-1.0,0.6666666666666666,0
N17HGIWJ,<user> if one more damn person tries to say vaccines cause autism. I. Swear. 👊✌️ read the damn research you idiots,1.0,1.0,2
SQKWJMCC,"If insurance will deny coverage for suicide because of increased risk, why not change rate for unvax kids? #vaccineswork <user>",1.0,1.0,2
II9MYEMQ,"Not one to get hot headed, but this stuff about people not vaccinating their kids is really making me pissed off 😒",1.0,1.0,2
YAIWEFQI,<user> but have you covered (the politics of) childhood vaccines? Amazing the point we've reached there..too,0.0,0.6666666666666666,1
LN0ZQPC1,If its the parent's choice to not vaccinate their kids then let them get the measles and die,1.0,1.0,2
CCN2OWS9,"Florida Mom Kidnaps Daughter to Avoid Vaccines, Learning Black History <url>",-1.0,0.6666666666666666,0
GXTWT6II,"<user> #autism Plz RT!
FEDERAL VAX LAW NOW IN WORKS! Plz SIGN! <url>
&amp; CONTACT CONGRESS! <url>",0.0,0.6666666666666666,1
RUETIXGR,"On average, people who complain live longer -- Releasing this tension increases immunity and boosts their health.

I will live forever!",0.0,1.0,1
KLE3PD7C,<user> 100% correct. Very few vaccines still have mercury as a preservative. Multiple dose influenza does though.,1.0,1.0,2
YP7MVWWR,Fantino Canada support equals 7million children annually can receive the polio vaccine #EndPolio <user> <user> <user>,1.0,1.0,2
3HCH8UQQ,"60 years ago this month, 2-million-child study <user> found polio #vaccine ""safe, potent, and effective:"" <url> #history",1.0,1.0,2
X94UGLYI,“<user> Woman's cancer wiped out by giant dose of measles virus <url> RT <user> ;-) <user> #amazing,-1.0,0.3333333333333333,0
YJRX7Q53,<user> is doing free back to school vaccinations here! Check us out on fb or <url> for more info,1.0,1.0,2
XGNJAFT9,<user> Will it also reduce the risks of being targeted by anti-vaccine conspiracy theorists?,1.0,1.0,2
6UM6XPTB,<user> <user> Did you hear that Eric Holder said School Districts have to Admit them without Vaccinations! ?,0.0,0.6666666666666666,1
R0VWUFDD,"<user> autism. The child is already autistic, but vaccines can exacerbate the behaviors that people associate with autism. It's",-1.0,0.6666666666666666,0
2RJWXS2V,AIDS N : HIV-Positive Youth May Lack Immunity to MMR Diseases <url>,0.0,0.6666666666666666,1
AU40AD91,Just pulling into Disneyland! We put a sign up where you pay for parking. Sign read NEW MEASLES OUTBREAK! #Nolines,0.0,1.0,1
D7N63BL8,Officials Confirm Measles Case in DC <url>,0.0,1.0,1
